# MRCP_AM patient arm veins closer to worker in postinjection postures
# source_phantom: MRCP_AM patient TET loaded by /tetcal/addPatientTet
# original_material_id: 1110
# original_material_name: Blood_in_large_veins_arms
# patient_material_id: -101110
# split_rule: tetrahedron centroid x > 0 is left arm, x < 0 is right arm
# hand_orientation_check: MRCP_AM.hands: left_hand has positive x, right_hand has negative x
# selected_side: left arm veins, x > 0
# reason: closer than right arm veins to worker hands in both posture4 and posture5 checks
# count: 28050
# centroid_x: 21.5662
# centroid_y: 8.2733
# centroid_z: 10.6122
# min_x: 17.0122
# max_x: 24.818
# Format: range-compressed original element ids from MRCP_AM.ele; inclusive ranges start-end.
# Use with patient TET namespace; patient material ID for original 1110 is -101110.

[element_ids]
1822
1971
2484
3058
3532
8182
8203
10070
10106
10521
10931
11682
12231
18348
19049
20023
24490
25003
31279
33263
33316
37770
45756
45965
49958
50767
50882
51789
60814
61554
61911
64140
64730
64884
65505
68554
68878
71653
71950
72512
72552
74013
78522
78951
80351
80516
80808
82074
83307
83403
83843
84247
84367
86582
87870
87918
88000
88699
89432
89457
89460
89570
89583
89639
89662
89709
89716
89788
89871
89873
90061
90287
90372
90388
90434
90533
90583
90603
90610
90644
90971
91003
91107
91126
92704
94501
94552
94659
95081
95162
95174
95184
95245
95279-95280
95347
95410
95416
95426
95840
95860
95996
96006
96112
96166
96181
96219
96232
96260
96367
96423
96550
97211
97334
97858
97926
97929
97937
98383
99090
99754
99895
99928
100725
100728
100789
100798
100919
100946
101096
101189
101204
101221
101401
101490
101496
101792
101805
101850
101906
101924
101971
108138
108981
113354
117185
123700
124305
125080
130336
131299
135218
136757
139710
145962
147706
149908
151410
157639
157860
159210
159229
162458
162571
163262
163645
164095
164259
165608
170499
170558
173507
174017
174641
176340
178050
183069
189100
190544
192781
194468
195391
196143
199692
202567
211756
212751
216313
217417
217461
226472
232711
235446
237516
238946
242901
245966
248066
248815
250569
250680
252124
253984
260130
260627
263248
263437
266182
267548
269103
271204
271520
272438
282424
297906
309581
310009
310475
312933
315727
317614
321248
322238
322523
327902
327971
328549
329010
329859
329862
329939
330208
331182
331645
332270
332427
332540
332910
333028
333046
333252
333719
333855
334279
334554
334645
336418
336423
336576
338900
340185
340416
340649
340947
341343
341697
342295
343522
343967
344770
346155
346473
346490
349422
355447
355691
357143
361552
363517
365809
367003
367054
371435
371946
372333
376111
377757
378920
379335
379595
380919
380992
383937
383999
386480
387462
392596
394347
394977
395392
396469
396864
396908
396918
397093
397339
399243
399470
399607
400845
405166
413465
415123
416943
417439
420663
421996
422235
429310
429364
432565
433953
438290
438864
441281
446900
447004
447106
455381
455387
456043
456594
457025
457195
457205
457469
458583
458997
459199
459977
460034
460446
461926
464238
464690
464796
464965
465031
465056
465191
465291
465953
466300
467453
467814
468237
468252
468367
468762
471954
474831
475434
475998
478033
478073
488810
491299
495008
496006
496174
497778
497915
500205
504258
506556
508838
509389
509946
511267
512545
513866
514600
514726
515129
515150
515256
515264
515272
516030
516249
516416
516452
516833
518073
519152
519250
520256
521367
527413
528697
528835
531294
534297
535101
540972
542044
543219
544103
544606
544705
544821
545141
547201
547248
549000
550086
555714
557025
557170
558036
560270
560735
560745
560760
567380
580021
580956
585266
595223
596942
597041
597157
600094
603004
603418
606869
607901
610828
613437
614069
616510
617382
617987
618850
618954
625498
625723
625969
631027
632196
636240
636935
637425
637447
637592
638851
639022
639207
643822
648501
651077
653033
653042
653802
654659
655035
655058
655068
655118
655126-655127
655138
655140
655159
655212
655218
655242
655244
655255
655288
655302
655332
655343
655345
655381
655388
655444
655467
655505
655550
655568
655583
655609
655625
655643
655681
655837
656160
656422
656454
656456
656554
656586
656594
656621
656674
656713
656889
656982
663269
663435
663675
663704
663791
663860
663863-663864
663866
664198
664287
664695
664701
664800
664952
665384
665944
666012
666023
666035
666039
666622
666660
666688
666697-666698
666700
666703
666705
666707
666710
666718
671739
673051
673185
673188
673475
674064
674894
675209
676285
676650
677387
678790
680705
681201
681263
681447
681623
682005
682063
682228
683470
683505
685042
685458
686142
686322
687092
688969
689519
690261
690536
691374
692793
693208
694168
695224
696271
696821
697826
698018
698244
699404
699942
700052
700770
701261
702394
703743
706687
707705
709813
709823
715857
715985
716037
716061
716120-716121
716130
716208
716221
716264
716334
716377
716381
716432
716475
716530
716547
716640
716666
716737
716815-716816
716871
716881
716897
716940
716947
716964
717034
717048
717099
717112
717125
717131
717156
717171
717174
717200-717201
717261
717298
717343
717407
717454
717513
717530
717558
717664
717752
717836-717837
717859
717901
717949
717982
718021
718029
718092
718210
718340
718491
718545
718635
718654
718705
719194
719502
719670-719671
719684
719996
720018
720054
720224
720383
720502
720569
720592
720642
720782
720823
720894-720895
720912
720927
720933
720935-720936
720952
721064
721106
721109
721113
721218
721231
721524
721549
721551
721567
721579
721624
721706
721728
721861
721903
721975
722067
722114
722129
722207
722262
722315
722335
722368
722416
722424
722435
722526
722610
722626-722627
722638
722678
722856
722862
722867
722875
722910
722934
723085
723109
723159
723169
723229
723268
723286-723287
723310
723335
723369
723414
723427
723505
723536
723563
723664
723667
723672
723696
723745
723757
723776
723951
724125
724244
724294
724317
724327
724424
725608
726441
738443
739321
740147
745867
757055
760300
768291
768502
769064
769460
772510
778378
785427
788560
788659
789863
790056
790059
790097
790112
790190
790218
790221
790230
790252
790264
790267
790294
790323
790348
790404
790442
790539
790614
790650
790767
790771
791313
791351
792585
793051
793234
793481
793776
793941
794084
794092
794139
794165-794166
794179
794203
794245
794289
794332
794354
794363
794411
794586
794687
794770
794953
794999
795227
795301
795315
795374
795459
795472
795617
795748
795801
795825
795875
795965
796006
796057
796113
796136
796138
796271
796303
796335
796550
796562
796586
796594
796601
796609
796619
796656
796670
796782
796814
796919
797015
797068
797103
797122
797132
797166
797273
797370
797398
797409
797467
797531
797635-797636
797649
797652
797667
797692
797700
797746
797774
797804
797807
797854-797855
797875
797898
797906
797923
797932
797944
797948
797961
798078
798170
798204
798413
798618
798714
798827
799044
799084
800065
800086
800110
800123
800138
800140
800180
800497
800514
800548
800591
800603
800669
800677
800841
800927
800992
801003
801018
801076
801096
801100
801120
801190
801264
801302
801467
801491
801529
801556
801560-801561
801631-801632
801699
801731
801856
801912
802016
802055
802081
802162
802205
802207
802210
802221
802248
802276
802319
802522
802701
802912
803164
803172
803189
803192
803314
803327
803351
803395
803416
803430
803448
803491
803540
803646
803756
803815
803820
803822
803843
803846
803957
803961
804197
804373
804454
804564
804591
804692
804705
804732
804735
804765
804835
804877
804911
804925
804943
804987
805018
805025
805118
805154
805172
805244
805250
805386
805471
805507
805615
805641
805715
805799
805934
805984
805998
806054
806079
806108
806117
806377
806380
806408
806438
806637
806677
806700
806786
806957
807023
807030
807181-807182
807306
807311
807510
807529
807662
807769
807774
807782
807799
807809
807828
807894-807895
807898
807963-807964
807970
807980
808036
808052
808062
808260
808278
808283
808314
808324
808338
808342
808457
808509
808549
808588
808637
808690
808715
808722
808740
808742
808745
808747
808750
808772
808786
808810
808849
808926
808956
808990
809117
809119
809146
809161
809172
809178
809204
809225
809228
809319
809352
809482
809523
809575
809636
809656
809710
809712
809770
809870
809885
810007
810042
810057
810073
810078
810100-810101
810142
810165
810305
810330
810332
810345
810366
810424
810461
810478
810484
810505
810553
810630
810671
810688
810756
810768
810793
810821
810824
810901
810910
810966
811014
811017
811032
811079
811087
811108
811111
811161
811286
811401
811542
811548
811565
811578
811600
811615
811627
811630
811633
811639
811647
811741
811763
811765
811780
811784
811935
812043-812044
812119
812133
812229
812250
812276
812284
812338
812345
812390
812396-812397
812422
812473
812524
812534
812540
812602
812606
812608
812641
812650
812663
812675
812694
812717
812806
812899
813017
813019
813032
813088
813102
813133
813206
813261
813276
813298
813421
813443
813474
813481
813560
813594-813595
813658
813689
813698
813712
813729
813732
813741
813745
813749
813767
813805
813836
813838
813860
813886
813900
813905
813915
813925
813970
814060
814093
814103
814105
814120
814147
814153
814165
814169
814185
814189
814201
814211
814301-814302
814306
814312
814324
814337
814380
814387
814408
814562
814626
814694
814713
814907
814916
815018
815271
815450
815577
815742
815797
815800
816166
816291
816375
816379
816411
816436
816484
816497
816551
816569
816614
816646
816725
816739
816767
816772
816795
816824
816850
816908
816919
816921
816950-816951
816971
816977
816998
817056
817093
817095-817096
817103
817212
817250
817254
817267
817320
817332
817337
817342
817345
817348
817356
817361
817377
817397
817420
817453
817464-817465
817485
817487
817492-817493
817497
817505
817536
817542
817562
817569
817579
817608
817619
817635
817643
817646
817656
817668
817709
817735
817815
817820
817822
817836
817862
817880
817910
817930
817934
817937
817946
818095-818096
818103
818119
818183
818215
818276
818354
818358
818419
818454-818455
818544
818573
818588
818999
819214
819288
819423
819494
820691
820696
820735
820813
821611
821703
824029
826400
826528
830924
842516
847328
852309
853602
853682
854981
856531
858622
859059
859618
859685
868122
868774
868988
869127
869855
869887
871740
872403
872670
872673
873453
873458
873612
873831
877143
877463
878251
878644
878696
878739
878741
878746
878752
878761
878767
878811
878833
878870
878959
878990
879015
879029
879047
879056
879075
879091
879099
879109
879126
879143
879163
879165
879183
879194
879200
879206
879210
879213
879217
879229-879230
879255
879265
879267
879283
879287
879306
879308
879346
879388
879401
879407
879473
879488
879504
879506
879556
879561
879595
879604
879626
879629
879638
879641
879643
879648
879695
879703
879709
879711-879712
879717
879720
879762
879784
879787
879796
879811
879825
879833
879849
879852
879866
879868-879870
879873
879878
879881
879887
879889
879892-879893
879896
879899
879909
879916
879927
879932
879936
879940
879951
879957
879961
879973-879974
879981
879983
879990
879996
879998-879999
880003
880006
880012
880021
880023
880025
880033
880043
880046
880052
880062-880063
880065
880084
880086
880091
880093
880103
880217
880635
880667
880718
880874
880903
881034
881076
881102
881104
881131
881140
881158
881176
881579
881615
881694
881823
881898
882222
882231
882464
882717
882815
882889
882937
883020
883056
883168
883220
883266
883306
883555
883601
883617
883825
883942
883987
884015
884029
884041
884062
884074
884081
884094
884099
884118
884150
884234
884248
884387
884405
884421
884428
884436
884454-884456
884480
884491
884501
884536
884552
884574
884598
884651
884678
888439
892438
896856
898148
898558
898640
898728
900242
900980
903934
906532
908428
916239
923079
923901
925063
925086
925092
929972
930108
934076
936727
937776
940469
940474
947536
948180
956317
957410
960407
974823
979321
991221
1025316
1038662
1040071
1049240
1050966
1052168
1056868
1057395
1057928
1061493
1067123
1067214
1070499
1073707
1074356
1075557
1082579
1085659
1094758
1097894
1098143
1099169
1099550
1104867
1108904
1113272
1113695
1114271
1117016
1124477
1129613
1129619
1129630
1129729
1139786-1139787
1141066
1144360
1145996
1153177
1155976
1156712
1157148
1160490
1162889
1163353
1164547
1169520
1169610
1172311
1173100
1173889
1175248
1176158
1176936
1177080
1178082
1180255
1185093
1187088
1187708
1187727
1188489
1191006
1191030
1191033
1191068
1192264
1194460
1199638
1204093
1208004
1208069
1210588
1214696
1215716
1219015
1221721
1227112
1227284
1231023
1232939
1234356
1242549
1243477
1246548
1250919
1252332
1257096
1259744
1260699
1271837
1272124
1273343
1273363
1280126
1282269
1284732
1284816
1294677
1294942
1294976
1295094
1295663
1296643
1297491
1303889
1303894
1303950
1304108
1304115
1304442
1307430
1315880
1316676
1317583
1318735
1323031
1325336
1325609
1325760
1326753
1327170
1327429
1329095
1336411
1340213
1342673
1345894
1351286
1351359
1352659
1365106
1367662
1368503
1375425
1375455
1375466
1382902
1387227
1395226
1395781
1396659
1397517
1398716
1399089
1403589
1407854
1411827
1417669
1419216
1419584
1440773
1445147
1445794
1445851
1446779
1448552
1449094
1452863
1460107
1464517
1466532
1469200
1474618
1478664
1487683
1487825
1493529
1499877
1502100
1505261
1512991
1514715
1515451
1521191
1521858
1530883
1531021
1532606
1532778
1535216
1547451
1547672
1554126
1557670
1557679
1565451
1569034
1571372
1573155
1574511
1579949
1585327
1587187
1592301-1592302
1597788
1599437
1599653
1607591
1616536
1620572
1624321
1626936
1627130
1627934
1628487
1628508
1628639
1628694
1628732
1628745
1628906
1629024
1629073
1631479
1632759
1633764
1637332
1639203
1639208
1640511
1641206
1641905
1660340
1660495
1667176
1670423
1677350
1684718
1686800
1689173
1694607
1696816
1697727
1704327
1716315
1719753
1719857
1720526
1720694
1721081
1721309
1725287
1736622
1738256
1739019
1739861
1740431
1741136
1741895
1746174
1755084
1756270
1756413
1760642
1763996
1764395
1765983
1772817
1774363
1774681
1774758
1782364
1784860
1785337
1785377
1785386
1801295
1802686
1804606
1804786
1804792
1806145
1806547
1806990
1808063
1811375
1812394
1812447
1812657
1812664-1812665
1812910
1813130
1813140
1816035
1817547
1825325
1834544
1837677
1838710
1839436
1839839
1840208
1844839
1862058
1862837
1865844
1866722
1869802
1872688
1874398
1875615
1879406
1884342
1885915
1895882
1896731
1897367
1899980
1901644
1901734
1902056
1904024
1904959
1910264
1914905
1918384
1924989
1925069
1931153
1934941
1937434
1940825
1940943
1940990
1940993
1947707
1948174
1949053
1950786
1952036
1952080
1952992
1953894
1957864
1958598
1958840
1959912
1964774
1966230
1968361
1969277
1972729
1977566
1979109
1984591
1985705
1985725
1986242
1991411
2017321
2026961
2059435
2059770
2068424
2071922
2073870
2074379
2074658
2076258
2076756
2079069
2080290
2084337
2084592
2085525
2085807
2086615
2087698
2087764
2088911
2088947
2088954
2099879
2101818
2102729
2103531
2104646
2106194
2108696
2108735
2114614
2115672
2116798
2117170
2120555
2124909
2127302
2127495
2144735
2144738
2158631
2174337
2213283
2239314
2269065
2282971
2296246
2304964
2307648
2311915
2324162
2326821
2329072-2329073
2331572
2332772
2335827
2335885
2338243
2339253
2350985
2351978
2352215
2378890
2379857
2383862
2393196
2393546
2404586
2404771
2409644
2410167
2410897
2411159
2411699
2411759
2412364
2412554
2424877
2425495
2429262
2430348
2431116
2431541
2431872
2432463
2433869
2434198
2434336
2434580
2435357
2435663
2438155
2447718
2452726
2452739
2455155
2455193
2455630
2455760
2455983
2458957
2469797
2478876
2479778
2480037
2486709
2495322
2496279
2496555
2498853
2499250
2503884
2510340
2513800
2515828
2516850
2526000
2526037
2527047
2530088
2533837
2564257-2564258
2574142
2574383
2593641
2597647
2598203
2603320
2603879
2614368
2615123
2625427
2629630
2646929
2646950
2658544
2659951
2687807
2696010
2698587
2705783
2733712
2740341
2747081
2750503
2760065
2764152
2773874
2782172
2786782
2788767
2794797
2821331
2827823
2828163
2836325
2837244
2842065
2843953
2857812
2863042
2863047
2863134
2863244
2863272
2863315
2884057
2894220
2895121
2899334
2899344
2900697
2900705
2903750
2906377
2908561
2909228
2909947
2910123
2911858
2911926
2915125
2916434
2918385
2921193
2927675
2929362
2935105
2935215
2950897
2953052
2953745
2956228
2957828
2959486
2959492
2962263
2962437
2962466
2980212
2990352
2995462
3002549
3003370
3003588
3004730
3004767
3004977
3005061
3005444
3005619
3009662
3012565
3014159
3014680
3015150
3015275
3019842
3020117
3021605
3022524
3022557
3025034
3025150
3026355
3027539
3027617
3030999
3033692
3034030
3034812
3035522
3043256
3047548
3050306
3052153
3055262
3055426
3058279
3062374
3066297
3068779
3072270
3074015
3075454
3076633
3079046
3084746
3089090
3091421
3093905
3094632
3108843
3109243
3113892
3115748
3116067
3118214
3121209
3122797
3124865
3125877
3126600
3126702
3127089
3127709
3128687
3131364
3132518
3133327
3134087
3135748
3135904
3136761
3136804
3138146
3138222
3138786
3140007
3140537
3141634
3142947
3143407
3144181
3147869
3148149
3148253
3152283
3152434
3152576
3160127
3160854
3162214
3162865
3163245
3166507
3191066
3192258
3199313
3201096
3201149
3203326
3203349
3205032
3205036
3205128
3205181
3208190
3208713
3209021
3209234
3215177
3217450
3218495
3221260
3222714
3223297
3225091
3226023
3226174
3226711
3227204
3227518
3227740
3227947
3229738
3230250
3230621
3230986
3231536
3232589
3232975
3233256
3233508
3233520
3233543
3234003
3234162
3234375
3235122
3235323
3235455
3237727
3240844
3241333
3242341
3242969
3243603
3244550
3244784
3245378
3245988
3247964
3253596
3254566
3254751
3255190
3256229
3257414-3257415
3259422
3259464
3261007
3262075
3262771
3262791
3263288
3263787
3265775
3266174
3266422
3268322
3269093
3270716
3271666
3271880
3272695
3273851
3274063
3274215
3274439
3277573
3278132
3278166
3278338
3278647
3279090
3279185
3279648
3279650
3279787
3282181
3282272
3282978
3283303
3284124
3285050
3285422
3285481
3286042
3286469
3286483
3287654
3288872
3289219
3289693
3294057
3294292
3294519
3300555
3302015
3307062
3307149
3309096
3313534
3314881
3321394
3321618
3323454
3324392
3327852
3333713
3337406
3337681
3339370
3340374
3341070
3341172
3341655
3342887
3342934
3343252
3343445
3345869
3347047
3348213
3349236
3352090
3352601
3353047
3354405
3354571
3355225
3356532
3359410
3360115
3362252
3362792
3363701
3367057
3367993
3368634
3372153
3372516
3373812
3376576
3377216
3378081
3380006
3380257
3381360
3383085
3391118
3393158
3396079
3396379
3397332
3399259
3399623
3399867
3400527
3401650
3404841
3406308
3406599
3411208
3412187
3412653
3412808
3413506
3413935
3414141
3414724
3415107
3416169
3416516
3417287
3418900
3419802
3420520
3420908
3421278-3421279
3421808
3423766
3434213
3434575
3434852
3440623
3452232
3452391
3456672
3462809
3478587
3497760
3502870
3542256
3546342
3547102
3553479
3554370
3562330
3573998
3593161
3593563
3596254
3600690
3606296
3606749
3608283
3612649
3619774
3620467
3626918
3627485
3636923
3639748
3640793
3645796
3646982
3647515
3657675
3658295
3659105
3659450
3662892
3665130
3679561
3683365
3697408
3700070
3710969
3711321
3712131
3712573
3718412
3718441
3744987
3746359
3746659
3751387
3757453
3758006
3761980
3765196
3770386
3772059
3772632
3776095
3776703
3777969-3777970
3780857
3783816
3784800
3785420
3785793
3790118
3794837
3794998
3796405
3796412
3823117
3832651
3834070
3834230
3834292
3834352
3849204
3854156
3866031
3868422
3876096
3892952
3935986
3940329
3950678
3960597
3967227
3972322
3981742
3997630
3999275
4000003
4001367
4001979
4004995
4007524
4011795
4019536
4022775
4026519
4026619
4058032
4061519
4087004
4093584
4098779
4099765
4100364
4114851
4121757
4123506
4123525
4126962
4128310
4133288
4148905
4161040
4162005
4169497
4181442
4182376
4184987
4188048
4188768
4189849
4198491
4198849
4204368
4209223
4219057
4238030
4238054
4240771
4243125
4247696
4248036
4248862
4251151
4257008
4261177
4263021
4272545
4290522
4321504
4334199
4341079
4344195
4359113
4362691
4365474
4372260
4372893
4382347
4382421
4382608
4383861
4383975
4384470
4392806
4393434
4393683
4395064
4396057
4396762
4396971
4401325
4403628
4407861
4408074
4417280
4417889
4418004
4422735
4440455
4464932
4465050
4475942
4481400
4488042
4488114
4490080
4494810
4495645
4514653
4521047
4534774
4535063
4535201
4535694
4543841
4561771
4562357
4562366
4563308
4563840
4565026
4581718
4585036
4594751
4595721
4621688
4626338
4626623
4626722
4636920
4639824
4640367
4646318
4653392
4654329
4658363
4658907
4660802
4665564
4668711
4676907
4678751
4699658
4703802
4706037
4709752
4711242
4711727
4716099
4716277
4720926
4721558
4732143
4732481
4739902
4755167
4756188
4760583
4761257
4763100
4764040
4764859
4773246
4775972
4776497
4776526
4777005
4780418
4781808
4782859
4783171
4783588
4786805
4791090
4792221
4795138
4795580
4795904
4796344
4796514
4796666
4796875
4797467
4797502
4797804
4797847
4798620
4798906
4798912
4802405
4803286
4803671
4803840
4810661
4817837
4819384
4820266
4820514
4824567
4827136
4831662
4833867
4839200
4839517
4843004
4844373
4844890
4847752
4849418
4850614
4856105
4857449
4860793
4862661
4867363
4869353
4870522
4870649
4872986
4876703
4878418
4878434
4879744
4880058
4880561
4882333
4882913
4882919
4884839
4885622
4888898
4891909
4893588
4895564
4895713
4895953
4897987
4901300
4901486
4902813
4902894
4906301
4906628
4907230
4911676
4914671
4915168
4917894
4918827
4918916
4919195
4919479
4921673
4922881
4924517
4924833
4925054
4930534
4933676
4937604
4937615
4938173
4939893
4940268
4941086
4941243
4942630
4954271
4957329
4957740
4958208
4958430
4958890
4959130
4959134
4959259
4959375
4962144
4963019
4963914
4967084
4967245
4970776
4972205
4973636
4973984
4987728
4987730
4999589
5001594
5003532
5007293
5008290
5009482
5012385
5012743
5012777
5013445
5013493
5018443
5022424
5023576
5025655
5026291
5026856
5027525
5038242
5039170
5039500
5040515
5042898
5043223
5046528
5046833
5048238
5049390
5049755
5052214
5052735
5054491
5059192
5060039
5068981
5070785
5070990
5071235
5073333
5074106
5078412
5082495
5082715
5088489
5089804
5090602
5090820
5091763
5093151
5094136
5096377
5097653
5098743
5098745
5099196
5099468
5099945
5100557
5102637
5103148
5103584
5103730
5103754
5104062
5106065
5106355
5111508
5111557
5112224
5115337
5115522
5118781
5137030
5137680
5137695
5144764
5145187
5146337
5147893
5149785
5149807
5156620
5158791
5161775
5171160
5175304
5175929
5175937
5176551
5179241
5179386
5180169
5183851
5187382
5189307
5192564
5200621
5201732
5204306
5205947
5207364
5207689
5212930
5215472
5215747
5215750
5216132
5216744
5216805
5216815
5216885
5216990
5217173
5217363
5217371
5217403
5218484
5220055
5229937
5231395
5233274
5234235
5234569
5235813
5237026
5239879
5239906
5240108
5240480
5241111
5245783
5246407
5249472
5249658
5253201
5254298
5255768
5257693
5258616
5261189
5262560
5262604
5263192
5263548
5263727
5263904
5263972
5264080
5264420
5277710
5282209
5283894
5285130
5285810
5287930
5289187
5289362
5289488
5289742
5294577
5295584
5317647
5326340
5326976
5331626
5337949
5338294
5338797
5344580
5355989
5359020
5359844
5367576
5377678
5378677
5386016
5390077
5390132
5390139
5390141
5390168
5390174-5390175
5390208
5390210
5390212
5390215
5390236
5390267-5390268
5390274
5390300
5390322
5390331
5390347
5390354
5390364
5390376
5390383
5390392
5390398-5390399
5390410
5390414
5390425
5390432
5390436-5390437
5390478
5390483
5390499
5390514
5390523
5390527
5390530
5390535
5390551
5390554
5390562
5390582
5390584
5390596
5390607
5390653
5390703
5390776
5390813
5390839
5390912
5390920
5390977
5391011-5391012
5391016-5391017
5391023
5391032
5391037
5391044
5391051
5391054
5391059
5391064
5391082
5391092
5391103-5391104
5391124
5391127
5391130
5391132-5391133
5391141
5391152
5391154-5391155
5391159
5391169
5391194-5391196
5391198
5391202
5391209
5391213
5391216
5391218
5391224
5391226
5391229
5391245
5391250
5391256
5391260
5391268
5391275-5391276
5391279-5391280
5391295
5391297
5391301
5391305
5391312
5391314-5391315
5391335
5391338-5391339
5391346
5391355-5391356
5391378
5391390-5391392
5391397
5391399
5391401
5391410
5391413
5391417-5391418
5391430
5391432
5391436
5391452
5391456
5391477
5391491
5391495
5391497
5391504-5391505
5391507
5391512
5391518
5391520
5391528
5391530
5391546
5391548
5391557
5391562-5391563
5391566
5391586
5391588
5391590
5391592
5391594
5391596
5391602
5391604
5391606-5391607
5391619
5391622
5391630
5391637
5391664
5391666
5391668
5391685
5391705
5391711
5391721-5391724
5391727
5391734
5391746
5391750
5391758
5391761
5391772-5391773
5391775
5391777-5391778
5391783-5391784
5391786
5391788-5391789
5391794
5391811
5391822-5391823
5391826
5391859-5391860
5391873
5391876
5391879-5391880
5391883
5391895-5391896
5391898
5391901-5391902
5391906
5391910
5391913-5391914
5391919
5391923-5391924
5391926-5391928
5391932
5391934
5391937
5391940-5391945
5391954
5391960
5391976-5391977
5391983
5391985
5392004
5392014-5392015
5392026
5392034
5392042
5392047
5392054-5392055
5392059
5392067
5392070
5392072
5392080-5392081
5392086-5392087
5392093
5392099-5392102
5392104-5392114
5392116
5392122-5392123
5392133
5392166
5392172
5392410
5392424
5392454
5392485
5392490
5392496
5392518
5392520
5392532
5392543
5392555
5392583-5392584
5392588
5392601
5392604
5392611
5392617
5392620
5392622
5392630
5392632
5392649
5392656
5392690
5392700
5392704
5392721
5392725
5392727
5392740-5392741
5392788
5392797
5392799
5392802
5392805
5392818
5392837
5392841-5392842
5392844
5392848
5392853
5392865
5392872
5392878
5392883-5392884
5392909
5392911
5392924
5392928
5392934
5392936
5392946
5392948-5392949
5392971
5392988
5392990-5392992
5393019
5393027
5393049
5393054-5393055
5393088-5393089
5393095
5393107
5393116
5393118
5393125
5393132
5393136
5393157
5393165-5393166
5393174
5393179
5393186
5393192
5393214
5393219-5393222
5393287
5393301
5393339
5393341
5393355
5393360
5393368-5393369
5393482
5393494
5393648
5393666
5393737
5393809
5393815-5393816
5393820
5393829
5393866
5393955
5394084
5394093
5394350
5394392-5394393
5394416
5394418
5394458
5394460
5394474
5394487
5394492
5394497-5394499
5394503
5394506
5394525
5394528
5394530-5394532
5394539-5394540
5394550
5394556
5394560
5394571-5394572
5394576
5394579
5394581
5394584-5394585
5394591
5394593
5394606-5394609
5394622-5394623
5394626-5394627
5394630-5394637
5394642-5394643
5394652
5394658
5394669-5394670
5394672-5394674
5394682
5394684
5394688
5394693
5394712
5394716
5394720
5394723-5394724
5394742-5394744
5394753-5394755
5394763
5394771
5394774
5394777
5394780
5394784-5394785
5394792
5394797
5394806-5394810
5394812
5394814
5394816-5394822
5394832
5394843
5394849
5394853
5394857
5394859
5394861
5394871
5394907
5394933
5394938
5394946
5394958
5394960-5394961
5394992
5395091
5395129
5395144
5395154
5395156
5395348
5395412
5395628
5395638
5395878
5397022
5397045
5397090
5397828
5398490
5398760
5398767
5398795
5399179
5399534
5399770
5399943
5400203
5400349
5400438
5400658
5400670
5400907
5401083
5401118
5401224
5401306
5424701
5425914
5425926
5433977
5438018
5438524
5438875
5439566
5440100
5440465
5440598
5442111
5445601
5445632
5445736
5445811
5445965
5446008
5446020
5446287
5446306
5446424
5446567
5446572
5446579
5446610
5446621
5446628
5446643
5446653
5446662
5446665
5446675
5446679
5446687
5446699
5446704
5446711
5446715
5446717
5446721
5446723
5446734
5446738
5446740
5446763
5446775-5446776
5446781
5446788-5446789
5446792
5446796-5446797
5446800
5446802
5446826
5446829-5446830
5446841
5446895
5446924
5446928
5446931-5446932
5446949
5446986
5446996
5447013
5447021
5447025
5447041
5447312
5447324-5447325
5447327
5447335
5447349
5447356
5447363
5447374
5447401
5447424
5447445
5447460
5447465-5447466
5447481
5447506
5447519-5447520
5447528
5447545
5447576
5447589
5447602
5447607
5447613
5447617
5447625
5447628
5447651
5447659
5447664
5447666
5447671
5447679
5447682
5447694-5447696
5447698
5447703
5447707
5447709
5447718
5447728
5447731
5447759-5447760
5447764-5447766
5447773
5447779
5447787
5447796
5447804
5447813
5447842
5447845
5447850
5447863
5447870
5447879
5447884
5447891
5447894
5447900
5447921
5447965
5447996
5448003
5448010-5448012
5448014-5448016
5448029-5448031
5448034
5448037
5448041
5448051
5448056
5448077
5448079
5448081-5448091
5448099
5448108
5448110
5448119
5448123-5448124
5448140
5448143
5448149
5448151
5448156
5448165
5448168
5448181
5448186-5448187
5448191
5448200
5448203
5448208
5448211
5448214
5448221
5448232-5448233
5448239
5448246
5448249
5448257-5448259
5448282-5448283
5448286
5448288
5448295
5448309
5448317
5448336
5448339
5448342
5448350-5448351
5448358-5448359
5448361
5448365-5448366
5448369
5448377
5448382
5448402-5448404
5448406
5448408
5448411-5448412
5448432
5448435
5448445-5448446
5448452
5448455
5448461
5448463
5448476
5448481
5448486-5448488
5448490
5448492
5448494-5448495
5448497
5448499
5448503
5448508
5448511-5448512
5448518-5448519
5448521
5448527-5448528
5448531
5448534-5448535
5448541
5448547-5448548
5448555
5448557
5448559-5448560
5448572
5448575
5448580
5448583
5448586
5448589
5448602
5448617
5448621
5448627
5448629
5448633
5448636
5448640
5448642
5448646
5448650
5448657
5448666
5448669
5448677
5448702
5448704-5448705
5448708
5448714
5448720
5448736
5448738
5448747
5448756-5448757
5448764
5448769
5448774
5448778
5448780
5448799
5448801
5448810-5448811
5448820-5448822
5448824
5448829
5448844-5448846
5448872
5448879
5448884
5448887
5448891
5448905
5448908
5448920-5448921
5448928
5448930
5448932
5448934
5448938
5448940
5448948-5448949
5448951
5448953
5448957-5448958
5448965
5448968-5448970
5448972-5448973
5448975
5448977-5448979
5448981-5448982
5448985-5448986
5448988
5448990
5448992
5448997
5449000
5449002
5449004
5449008
5449010
5449013-5449014
5449019
5449021-5449022
5449024-5449027
5449030
5449037
5449039
5449042
5449044-5449045
5449054-5449055
5449057
5449061
5449072-5449073
5449081
5449083-5449084
5449094
5449097-5449099
5449104
5449106
5449108
5449110
5449114
5449116-5449119
5449121-5449123
5449127-5449138
5449140-5449145
5449156
5449165
5449178-5449179
5449181
5449187-5449188
5449190
5449192
5449199
5449252
5449256
5449260
5449266
5449268-5449269
5449271-5449273
5449276-5449279
5449281-5449282
5449284-5449285
5449287
5449289
5449291
5449298
5449300
5449305-5449306
5449311
5449336
5449350
5449355
5449358
5449364
5449369
5449371-5449372
5449387
5449414
5449428
5449432
5449443-5449445
5449456
5449466
5449488
5449496
5449507-5449508
5449520
5449526-5449527
5449530
5449533
5449539
5449544
5449550
5449553
5449556
5449561
5449565
5449569
5449580
5449582
5449586-5449587
5449591-5449592
5449596-5449598
5449603
5449605
5449618-5449619
5449624
5449640-5449641
5449648
5449661
5449663-5449664
5449670-5449671
5449681
5449684
5449687
5449699-5449700
5449710
5449715
5449723
5449729
5449739
5449749
5449766
5449770
5449777
5449783
5449788
5449790
5449794
5449804-5449805
5449817-5449818
5449825
5449829
5449832-5449833
5449836
5449841
5449846
5449853
5449863
5449871
5449875
5449877
5449894
5449899-5449900
5449913
5449915
5449917-5449918
5449933-5449934
5449936
5449961-5449962
5449965
5449975-5449976
5449981-5449982
5449988
5449991
5449995
5450008
5450014
5450017
5450019
5450030
5450036
5450038
5450049
5450051
5450053-5450055
5450057
5450059
5450068
5450075
5450079-5450080
5450087-5450089
5450092
5450098
5450103
5450105
5450108
5450118
5450125
5450127-5450128
5450133
5450136-5450137
5450140
5450142
5450144-5450146
5450151
5450156
5450162-5450164
5450166-5450172
5450176-5450178
5450180-5450181
5450186
5450190
5450192-5450195
5450198-5450199
5450201-5450203
5450205-5450206
5450209
5450211-5450212
5450216
5450219
5450223
5450226
5450234-5450235
5450243
5450246
5450248-5450249
5450251
5450255
5450264
5450266-5450267
5450269
5450271
5450273
5450275
5450279
5450285-5450286
5450308
5450310
5450319-5450320
5450332
5450335
5450341
5450345
5450348
5450352
5450354
5450359
5450367
5450372-5450374
5450378
5450384
5450388
5450393-5450397
5450405-5450406
5450408
5450413
5450416
5450418
5450422
5450425
5450439
5450441
5450444
5450446
5450456
5450461
5450473
5450478-5450479
5450481
5450485-5450487
5450490
5450492
5450495
5450515-5450516
5450523
5450525
5450527
5450533
5450535-5450537
5450541
5450550
5450561
5450564
5450568
5450577
5450579
5450585
5450587
5450594
5450642
5450645
5450649
5450652
5450658
5450662
5450670-5450671
5450674
5450678-5450679
5450684
5450686
5450688
5450691
5450699
5450704-5450705
5450707
5450709
5450720
5450723-5450724
5450727
5450730
5450732
5450734
5450740-5450741
5450744
5450747
5450757
5450765
5450770
5450772-5450781
5450790
5450793
5450796
5450799
5450803-5450804
5450809
5450816
5450819
5450822-5450823
5450829
5450833-5450841
5450843
5450845-5450847
5450855-5450856
5450863-5450866
5450896
5450903
5450909
5450916-5450917
5450919
5450928
5450932
5450938-5450943
5450946
5450948
5450964
5450966-5450967
5450973
5450975-5450978
5450986
5450995
5451004
5451028
5451036
5451056
5451059-5451060
5451062
5451064
5451066-5451070
5451072
5451077
5451101
5451156
5451161
5451163-5451166
5451168
5451173
5451175
5451177-5451178
5451187
5451190
5451196-5451198
5451200
5451218
5451220
5451228-5451230
5451239-5451245
5451248-5451251
5451257
5451259
5451276
5451288-5451289
5451292-5451299
5451302-5451306
5451310-5451315
5451319
5451322-5451325
5451327-5451328
5451333
5451335
5451337
5451339-5451340
5451343
5451347-5451348
5451355
5451358
5451360
5451362
5451370
5451373-5451380
5451388
5451398
5451408
5451411
5451423-5451425
5451427-5451430
5451432
5451434-5451436
5451438-5451448
5451452
5451456-5451457
5451463-5451464
5451475-5451476
5451481
5451484
5451488
5451499
5451519
5451522-5451525
5451529
5451539
5451542-5451543
5451548
5451551
5451556
5451562-5451565
5451568-5451569
5451572-5451573
5451576-5451577
5451589
5451592-5451593
5451598
5451600-5451601
5451603-5451606
5451608
5451613
5451615-5451616
5451618
5451620
5451622-5451623
5451625
5451627-5451628
5451630-5451631
5451633-5451635
5451639
5451641-5451642
5451644
5451649-5451651
5451660-5451662
5451666-5451667
5451670-5451672
5451674-5451676
5453251
5453361
5453502
5456712
5461896
5461978
5481582
5483097
5485329
5490377
5495031
5496157
5503194
5504510
5505959
5513432
5514239
5514519
5530220
5547353
5548035
5550306
5551592
5556072
5557453
5562429
5562885
5566944
5613260
5630324
5674402
5682814
5702399
5709736
5731704
5735640
5749010
5753600
5754704
5757347
5757589
5759879
5797346
5802608
5807332
5807523
5809048
5811202
5818766
5821357
5822796
5843122
5855715
5860332
5866774
5867353
5870513
5870558
5870560
5897303
5899664
5902355
5927330
5930397
5937906
5937922
5961704
5977897
5994176
6000537
6009645
6012378
6012597
6012640
6015060
6016127
6016555
6016824
6016860
6017685
6017690
6017777
6017838
6018039
6018148
6018286
6018383
6018510
6018551
6018658
6018759
6018772
6018858
6018882
6019237
6019290
6019412
6020061
6020069
6020431
6020490
6020680
6020703
6020729
6020838
6020935
6020989
6021006
6021027
6021153
6021611
6021658
6021660
6021678
6021762
6021796
6021909
6021927
6021942
6021973
6021998
6022000
6022039
6022088
6022090
6022135
6022153
6022159
6022198
6022242
6022245
6022267
6022290
6022307
6022324-6022325
6022347
6022353
6022447
6022464
6022500
6022518
6022520
6022549
6022788
6022991
6023104
6023156
6023249
6023335
6023389
6023437-6023438
6023496
6023541
6023551
6023592-6023593
6023616
6023625
6023812
6023931
6024020
6024190
6024209
6024214
6024226
6024296
6024304
6024361
6024479
6024506
6024508
6024517
6024526
6024544
6024562
6024585
6024608
6024651-6024652
6024668
6024670
6024698-6024700
6024721
6024725
6024784-6024785
6024893
6024905
6024912
6024955
6025039
6025103
6025300
6025407
6025534-6025535
6026543
6026584
6026956
6028092
6028450
6028640
6029050
6029055
6029312
6029319
6029441
6029493
6029675
6029707
6029805
6030231
6030744
6030888
6031505
6031533
6031966
6032071
6032105
6032128
6032166
6032244
6032309
6032351
6032642
6032650
6032687
6032710
6032714
6032751
6032836
6032921
6032942
6032993-6032994
6032997
6033034
6033059
6033061
6033074
6033079
6033081
6033089
6033096
6033126
6033148
6033155
6033164-6033165
6033167
6033169
6033267
6033403
6033775
6034143
6035704
6035804
6035850
6035972
6036112
6036263
6036409
6036465
6036539
6036620
6036636
6036669
6036712
6036740
6036815
6036820
6036842
6036937
6037060
6037484
6038018
6038252
6038287
6038306
6038311
6038357
6038376
6038389
6038395
6038423
6038439
6038443
6038451
6038454-6038456
6038458-6038459
6038462
6038465
6038470-6038471
6038477-6038481
6038485
6038491-6038492
6038508-6038510
6038526
6038548
6038563
6038566
6038582-6038583
6038588
6038591
6038593
6038596-6038597
6038604
6038607
6038610
6038613-6038621
6038625
6038629
6038642
6038644-6038645
6038647
6038649
6038652
6038658
6038669
6038676
6038681
6038685
6038698-6038700
6038703
6038709
6038715-6038716
6038723
6038727
6038736
6038744
6038754
6038761
6038773
6038775
6038777
6038781
6038783
6038792
6038803
6038845
6038857
6038865
6038867
6038878
6038880
6038882
6038886
6038893-6038895
6038908
6038910
6038919
6038924-6038926
6038928
6038930-6038931
6038937
6038939
6038945
6038947-6038948
6038959
6038965
6038967
6038970
6038973
6038985
6038999
6039006-6039007
6039013
6039019
6039035
6039041
6039045
6039047
6039050
6039059-6039060
6039067
6039082
6039085
6039087-6039088
6039090
6039092
6039107
6039112-6039113
6039125
6039141
6039191-6039192
6039209-6039210
6039223
6039225
6039227
6039235
6039249-6039250
6039253
6039255
6039259
6039262-6039263
6039273
6039275
6039282
6039307
6039319
6039333
6039360
6039362
6039368
6039392-6039393
6039405
6039408
6039413
6039438
6039440
6039442
6039459
6039483
6039487
6039501
6039507
6039512
6039515
6039519
6039521
6039524
6039527
6039529
6039531
6039537-6039538
6039542
6039546
6039549-6039550
6039556-6039557
6039559
6039563
6039568
6039572
6039581
6039583
6039590-6039591
6039594
6039597
6039603
6039610
6039616-6039617
6039622
6039625
6039632-6039633
6039639
6039651
6039654
6039656
6039661
6039663-6039664
6039670
6039672
6039674-6039675
6039677-6039681
6039688
6039694
6039697
6039699
6039701
6039722-6039723
6039726
6039738-6039740
6039749
6039753
6039768-6039769
6039772
6039774-6039775
6039777-6039778
6039780-6039782
6039789-6039792
6039796
6039798-6039800
6039808
6039810
6039815
6039817
6039826
6039833
6039837-6039838
6039841
6039858
6039874
6039877
6039879
6039895-6039896
6039902-6039903
6039907-6039908
6039915-6039916
6039927
6039935
6039937
6039941
6039944
6039949
6039952
6039963
6039966
6039968
6039974-6039975
6039980-6039981
6039987
6039990-6039991
6039993
6039995-6039996
6040024
6040029
6040033
6040047
6040049
6040060
6040062-6040063
6040066
6040068
6040070
6040072-6040074
6040077
6040082
6040086-6040090
6040092
6040097
6040102
6040118
6040122
6040126
6040129-6040130
6040141
6040143
6040145-6040147
6040155
6040157
6040167
6040170
6040173
6040188
6040197
6040203
6040208
6040214
6040217
6040225-6040226
6040230
6040236
6040238
6040248-6040249
6040251-6040255
6040261
6040269
6040275
6040277-6040278
6040280
6040287
6040291-6040292
6040295
6040297
6040299
6040301
6040311-6040312
6040328
6040337
6040349
6040356
6040372
6040385
6040388
6040395
6040400
6040414
6040418
6040426
6040432
6040441
6040443
6040446
6040448
6040460
6040466
6040471
6040473
6040475
6040484
6040496
6040499
6040501-6040502
6040504
6040517
6040531
6040535
6040537
6040542
6040563-6040564
6040566
6040572
6040579
6040581
6040588
6040601-6040603
6040615
6040621
6040630-6040632
6040638
6040641-6040646
6040651
6040654-6040661
6040666
6040673
6040680
6040684
6040688-6040689
6040694
6040725
6040754
6040764
6040773
6040780
6040786
6040792
6040798
6040849
6040855
6040858
6040862
6040864
6040873
6040878
6040892
6040907-6040908
6040924
6040926
6040934
6040936-6040937
6040940
6040949
6040982
6040994
6041001-6041002
6041008
6041011
6041014-6041015
6041021
6041023
6041039
6041044-6041045
6041054-6041057
6041069
6041081
6041083
6041086
6041099-6041100
6041103
6041107-6041110
6041119
6041121-6041122
6041124-6041125
6041127-6041132
6041134
6041140-6041141
6041146-6041156
6041159-6041162
6041166
6041168
6041170
6041187
6041193
6041195
6041199-6041200
6041202-6041209
6041211-6041214
6041221
6041225
6041227
6041234
6041236-6041240
6041244-6041245
6041260
6041266-6041267
6041269-6041271
6041276
6041280
6041282-6041283
6041289-6041290
6041296
6041298
6041302
6041312
6041322
6041327-6041328
6041331
6041335
6041340
6041343-6041344
6041347
6041349
6041356-6041357
6041360
6041364
6041383
6041394
6041398-6041399
6041408-6041409
6041418
6041427-6041432
6041439-6041440
6041442
6041469-6041470
6041478
6041481
6041487-6041488
6041493
6041496-6041497
6041507
6041516-6041517
6041520
6041525
6041527-6041528
6041533
6041540
6041542
6041549
6041551
6041553
6041581
6041585
6041588
6041590
6041594
6041605
6041612
6041627
6041636-6041637
6041642
6041649
6041657
6041665-6041666
6041685
6041689
6041727-6041729
6041741
6041747
6041755
6041758-6041759
6041779
6041782
6041790
6041794-6041795
6041805
6041807
6041824
6041835
6041884
6041887
6041915-6041916
6041929-6041930
6041942
6041951
6041955
6041965
6041969
6041977
6041991
6041997
6042028
6042041
6042057
6042079
6042108
6042138
6042144
6042164
6042177
6042179
6042183
6042190-6042191
6042201-6042202
6042204
6042208-6042209
6042221
6042292
6042325
6042402
6042407
6042417
6042498
6042670
6042707
6042711
6042718
6042735
6042778
6042800
6042806
6042834
6042891-6042892
6042897
6042899-6042900
6042903
6042908-6042909
6042918-6042921
6042932-6042933
6042937
6042945
6042948
6042958-6042959
6042963-6042967
6042969-6042970
6042972
6042978
6042980-6042981
6042990
6042995-6042996
6043000-6043001
6043007-6043008
6043016
6043020
6043023-6043025
6043038-6043039
6043042
6043045
6043048
6043050
6043052
6043054-6043056
6043059
6043063-6043065
6043069
6043072
6043075
6043084
6043086
6043088
6043090-6043091
6043093
6043095-6043096
6043098
6043103-6043104
6043116-6043117
6043120-6043121
6043125-6043126
6043128
6043133
6043141
6043146-6043153
6043155-6043156
6043158
6043162-6043165
6043196
6043242
6043327
6043860
6045003-6045005
6045008
6045652
6045691
6045730
6046317
6046873
6046878
6047333
6047553
6047811
6047873
6049142
6049174
6049250
6049273
6049288
6049320
6049355
6049364
6049383
6049388
6049393
6049446
6049451
6049453
6049471
6049490
6049494
6049496
6049519
6049544
6049661
6049683
6049702
6049731
6049746
6049783-6049784
6049843
6049849
6049860
6049873
6049886
6049920
6049930
6049970
6049978
6049980
6050017
6050019
6050038
6050054
6050078
6050091
6050102
6050109
6050113
6050153
6050159
6050161
6050166-6050167
6050190
6050406
6050410
6050424
6050444
6050493
6050501
6050536
6050546
6050565
6050643
6050646
6050698
6050704
6050721
6050744
6050749
6050761
6050774
6050777
6050780
6050796
6050854
6050883
6050938
6051110
6051124
6051200
6051204
6051218
6051226
6051239
6051242-6051243
6051245
6051260
6051303
6051386
6051400
6051454
6051470
6051668
6051727
6051730
6051782
6051793
6051797
6051818
6051823
6051838
6051843
6051859
6051863
6051865
6051876
6051887
6051891
6051899
6051911
6051923
6051938-6051939
6051985
6051998
6052013
6052027
6052045
6052069
6052073
6052076
6052095
6052109
6052113
6052119
6052121-6052122
6052132
6052134
6052147
6052153
6052175
6052182-6052183
6052189
6052197-6052198
6052200
6052211
6052221
6052224
6052232
6052248
6052265
6052273
6052282
6052291
6052295-6052296
6052305
6052310-6052311
6052321
6052339
6052344
6052354
6052414
6052437
6052442
6052447
6052454
6052463
6052465
6052470-6052472
6052487-6052488
6052490
6052494
6052498
6052502
6052504
6052517
6052520
6052522
6052524
6052549-6052550
6052552
6052574
6052579
6052584
6052587
6052594
6052596
6052599
6052606
6052636-6052637
6052644
6052646-6052647
6052649
6052652
6052655
6052657-6052658
6052660-6052661
6052668
6052672
6052676
6052681
6052694-6052696
6052698-6052699
6052710-6052712
6052717
6052730
6052761
6052764-6052765
6052770
6052775
6052790
6052809
6052843
6052852
6052854
6052870
6052873
6052900
6052908
6052910
6052937
6052945
6052948
6052952
6052960-6052961
6052967
6052995
6053017
6053043
6053046-6053047
6053053
6053077-6053078
6053081
6053086-6053088
6053102
6053108
6053118
6053123
6053141
6053161
6053183
6053196
6053204
6053212
6053231
6053265
6053268
6053272
6053274
6053286
6053310
6053354
6053484
6053559
6053606
6053631
6053655
6053671
6053688
6053694-6053695
6053708-6053709
6053713
6053718
6053725
6053734
6053737
6053745-6053748
6053752
6053754
6053763
6053782
6053786
6053789
6053793-6053795
6053808
6053813
6053827
6053840
6053844-6053845
6053852-6053853
6053861
6053864-6053866
6053878
6053895
6053899
6053901
6053906
6053919
6053931
6053944-6053945
6053953
6053972
6053976
6054002
6054007-6054008
6054019-6054020
6054037
6054061
6054082
6054102
6054123
6054127
6054131
6054136
6054154
6054166
6054168
6054180
6054195
6054197
6054201
6054211
6054213
6054240
6054244-6054245
6054255
6054261-6054262
6054275
6054308
6054338
6054349-6054350
6054357
6054375
6054385
6054401
6054403
6054409
6054420
6054423
6054425
6054441
6054453
6054459
6054463
6054471
6054475-6054476
6054506
6054508-6054509
6054511
6054521
6054528
6054539
6054543
6054546-6054547
6054561
6054570
6054580
6054590-6054591
6054597
6054607
6054610
6054619
6054626
6054633
6054635
6054638-6054640
6054647-6054648
6054653
6054662
6054667-6054668
6054672
6054682
6054684
6054687-6054688
6054690-6054691
6054693
6054699
6054708-6054709
6054714
6054716
6054720
6054722-6054725
6054735
6054760
6054762
6054770
6054775
6054779
6054782
6054797
6054800-6054803
6054805-6054806
6054808-6054810
6054835-6054836
6054839
6054848
6054854
6054856-6054857
6054881
6054902
6054906
6054915
6054917
6054923
6054931
6054937
6054939-6054940
6054944-6054945
6054949
6054956
6054961
6054968
6054973
6054986
6054990
6054992
6054994
6055006
6055013-6055015
6055017
6055025
6055041
6055045
6055055
6055061-6055063
6055067-6055068
6055072-6055073
6055076-6055077
6055079-6055080
6055084
6055102-6055105
6055111
6055113
6055118
6055120
6055134-6055135
6055137
6055143-6055144
6055147
6055154-6055155
6055157-6055158
6055165
6055168-6055171
6055176
6055183
6055187
6055194
6055201
6055203
6055215
6055217
6055235
6055266
6055269-6055271
6055273
6055277
6055279
6055282
6055291
6055293
6055295
6055297
6055300
6055302
6055314
6055319
6055334
6055336
6055338
6055347
6055356
6055373
6055385
6055387
6055390-6055391
6055393
6055397-6055398
6055411
6055413
6055435-6055436
6055451
6055463
6055466-6055467
6055474
6055478-6055480
6055490-6055491
6055495-6055498
6055505-6055506
6055509-6055510
6055513
6055515-6055516
6055518
6055521-6055522
6055524
6055526
6055528
6055549
6055551
6055554
6055558-6055559
6055564
6055569-6055570
6055572
6055574
6055577
6055582
6055595
6055599
6055607
6055609
6055612
6055614-6055616
6055619
6055621
6055641
6055655
6055662
6055664
6055667
6055673
6055676-6055677
6055696-6055697
6055703
6055720-6055721
6055725
6055754
6055757
6055768-6055769
6055775
6055784
6055788
6055796-6055801
6055803
6055806
6055814-6055815
6055820
6055831
6055834
6055862
6055866
6055878
6055881
6055895-6055896
6055907-6055908
6055911
6055914
6055916
6055918-6055919
6055926
6055929
6055932
6055935
6055944-6055945
6055948-6055949
6055956
6055960
6055966
6055975
6055990
6055994
6055998-6055999
6056001
6056004
6056009
6056012-6056014
6056021
6056023
6056031-6056033
6056035-6056036
6056038
6056046
6056088
6056107
6056120
6056140
6056157
6056187
6056198
6056209
6056247
6056273
6056279
6056444
6056488
6056522
6056542
6056562
6056565-6056566
6056596
6056598
6056608
6056610
6056659
6056729
6056771
6056794
6056805
6056857
6056887
6056918
6056961
6056976
6056978
6057020
6057025
6057073
6057100-6057101
6057164
6057207-6057208
6057217
6057248
6057282
6057294
6057321
6057329
6057332-6057333
6057349
6057360
6057385
6057387
6057390
6057405
6057409
6057412
6057420
6057429-6057430
6057432
6057439
6057442
6057456
6057458
6057461
6057472
6057474
6057476
6057488-6057490
6057494
6057496
6057525
6057527
6057534
6057536
6057540
6057544-6057545
6057547
6057549
6057551
6057572
6057575
6057578
6057581
6057583
6057594
6057600
6057604
6057615
6057670-6057671
6057676
6057690-6057691
6057703
6057713-6057714
6057716
6057720
6057725
6057728
6057732
6057740
6057748
6057758-6057760
6057774
6057778
6057781
6057786-6057788
6057792
6057822-6057823
6057825-6057826
6057828-6057829
6057835
6057851
6057855
6057859
6057866
6057878
6057880
6057884
6057888
6057891
6057893
6057897-6057898
6057952
6057982
6058082
6058129
6058166
6058192
6058203
6058221-6058222
6058232
6058278
6058305
6058369-6058370
6058372
6058376
6058378-6058379
6058381
6058384
6058398
6058410
6058419
6058428
6058452
6058482
6058520
6058536
6058552
6058566
6058569-6058570
6058579
6058583
6058589
6058599
6058601
6058609-6058610
6058615
6058617
6058622
6058632-6058633
6058635
6058637
6058642
6058649
6058655
6058682
6058691-6058692
6058695-6058696
6058706
6058723
6058729
6058754
6058759
6058767
6058792
6058814
6058821
6058827
6058858
6058862
6058865
6058867
6058887
6058895
6058902
6058907-6058908
6058932
6058938
6058954
6058969
6058975
6058978
6058983
6058990
6059006-6059007
6059020
6059035
6059040
6059046-6059047
6059055
6059057
6059062
6059065-6059066
6059068-6059069
6059072
6059081
6059086
6059089
6059094-6059095
6059111
6059115
6059118
6059124
6059143-6059144
6059149
6059152
6059154
6059159-6059160
6059168
6059174
6059185
6059189
6059196
6059198
6059207
6059210-6059211
6059215-6059217
6059221
6059223-6059224
6059231
6059233-6059234
6059240-6059242
6059244
6059254
6059257-6059258
6059262
6059267
6059270
6059280-6059281
6059289-6059290
6059293-6059294
6059300
6059302-6059308
6059310
6059314
6059323
6059326-6059328
6059330
6059334-6059335
6059341
6059344-6059347
6059352
6059357-6059359
6059361-6059362
6059365
6059370
6059375
6059379-6059380
6059391-6059392
6059399
6059404
6059412-6059413
6059420
6059423-6059424
6059428-6059429
6059431
6059435
6059438-6059439
6059448
6059452
6059456-6059458
6059461-6059463
6059465
6059467-6059469
6059472
6059478
6059480
6059482-6059483
6059485-6059487
6059494
6059498
6059520
6059523-6059524
6059544-6059545
6059547
6059549
6059551
6059554
6059576
6059594
6059616
6059645
6059652
6059665
6059674
6059676
6059680
6059690
6059702
6059706-6059707
6059710
6059716
6059719
6059722
6059728-6059729
6059746-6059747
6059749
6059763
6059768
6059778
6059788
6059794-6059795
6059817
6059826
6059835-6059836
6059858-6059861
6059868
6059871
6059878
6059887
6059893-6059894
6059898
6059904
6059909
6059911-6059912
6059919
6059929
6059953
6059980
6059982
6059997
6059999
6060005
6060013
6060015-6060016
6060019
6060022
6060042
6060049
6060052
6060063
6060067
6060084
6060087-6060088
6060097
6060104
6060111
6060128
6060130
6060134
6060142
6060146
6060156
6060164
6060167
6060170
6060172
6060174
6060176
6060187-6060188
6060192-6060196
6060198
6060201-6060202
6060204
6060206-6060208
6060210-6060212
6060214
6060218-6060219
6060223
6060225-6060226
6060229
6060232-6060235
6060238-6060239
6060242-6060244
6060246
6060249-6060251
6060258-6060259
6060268
6060270-6060273
6060275-6060279
6060281-6060284
6060287-6060288
6060290
6060292
6060300
6060317
6060343
6060351
6060355-6060361
6060372
6060385
6060388
6060390
6060392
6060395
6060412
6060423
6060428
6060441-6060442
6060448
6060462
6060468
6060482
6060488
6060493
6060534-6060535
6060552
6060565
6060574
6060586
6060588
6060596
6060601
6060604
6060606-6060607
6060614
6060635
6060640
6060651
6060661
6060673
6060688
6060693
6060700
6060705-6060707
6060715-6060719
6060725
6060727
6060730
6060739
6060742
6060745
6060753
6060760
6060765-6060766
6060768
6060773-6060775
6060779
6060787
6060791
6060801
6060805
6060809
6060833
6060866
6060895
6060901
6060924
6060934-6060935
6060942
6060963
6060985-6060986
6061004-6061005
6061008
6061021-6061022
6061054
6061056
6061060
6061065
6061067-6061068
6061090
6061093
6061097
6061102
6061105
6061110
6061125
6061132
6061140
6061162
6061166
6061182
6061204
6061218-6061219
6061221
6061253
6061273
6061311
6061323
6061325
6061337-6061338
6061341
6061344-6061345
6061347
6061350
6061384
6061389
6061394
6061401-6061402
6061408
6061413
6061424
6061430
6061433
6061436-6061437
6061440
6061445
6061447
6061452
6061456
6061464
6061466
6061470-6061471
6061474
6061481
6061484
6061488
6061503
6061508
6061520
6061522
6061526-6061527
6061530
6061536
6061541
6061544-6061545
6061549-6061550
6061553
6061563
6061567-6061568
6061575
6061578
6061587
6061615-6061616
6061627
6061640
6061645
6061648
6061650
6061658
6061668
6061670
6061675
6061685
6061690
6061698
6061700
6061713
6061725
6061727
6061729
6061734
6061737
6061747
6061762
6061776
6061784
6061809
6061817
6061826
6061830-6061831
6061834
6061839
6061841
6061845
6061847
6061852-6061853
6061859
6061874
6061878
6061880
6061888
6061894
6061907
6061919
6061925
6061932
6061937-6061938
6061950
6061956
6061972
6061976
6061986
6061991
6061993
6062000
6062009-6062010
6062015-6062016
6062021-6062022
6062025
6062029
6062031
6062034
6062043
6062048-6062049
6062052
6062070
6062072
6062076
6062082
6062084
6062098
6062100
6062106
6062110-6062112
6062117
6062121
6062123
6062141-6062142
6062147
6062150
6062153
6062166
6062172
6062181-6062182
6062200
6062204
6062207-6062208
6062215
6062218
6062222-6062223
6062229
6062238
6062259
6062268-6062269
6062271-6062272
6062274
6062276-6062277
6062283
6062303
6062305
6062318
6062320
6062329
6062340
6062344
6062359
6062361
6062363
6062367
6062369-6062372
6062374-6062378
6062380
6062395
6062397
6062399
6062406
6062419-6062422
6062430
6062432
6062435
6062437
6062441
6062443-6062444
6062453
6062461
6062468-6062469
6062472-6062473
6062476-6062477
6062482-6062483
6062513
6062525-6062527
6062533
6062544-6062545
6062547
6062557-6062558
6062565-6062566
6062573-6062575
6062578
6062581
6062584-6062585
6062588
6062592
6062595
6062598
6062608
6062611-6062612
6062620
6062623
6062629
6062638
6062640
6062652
6062656
6062661
6062667
6062669-6062670
6062672-6062673
6062686
6062690-6062691
6062693
6062697-6062698
6062701-6062702
6062707-6062711
6062713
6062715-6062717
6062721
6062725
6062727
6062732
6062735
6062739-6062740
6062742
6062748
6062751
6062760-6062761
6062764
6062768
6062772
6062784-6062787
6062789
6062808-6062809
6062811
6062813
6062816-6062817
6062822
6062825
6062827
6062836
6062841
6062850-6062851
6062853
6062856
6062858
6062863-6062865
6062872
6062876-6062877
6062879
6062882-6062883
6062885
6062887
6062889-6062892
6062894
6062905
6062907
6062910
6062930-6062938
6062940
6062945
6062955
6062959
6062962-6062965
6062971
6062973-6062974
6062977
6062982
6062984
6062986
6062994
6062996
6063000
6063002
6063004
6063006
6063011-6063013
6063015
6063019
6063028-6063029
6063031
6063035-6063036
6063038
6063040
6063047
6063051
6063055-6063056
6063058-6063061
6063064
6063068
6063070-6063074
6063077-6063079
6063087-6063088
6063090-6063097
6063100-6063101
6063103-6063107
6063112
6063114-6063116
6063120
6063122-6063123
6063126
6063128
6063130
6063134
6063136
6063149-6063150
6063153-6063154
6063157
6063161
6063164
6063170-6063180
6063189
6063196
6063204-6063205
6063215
6063219
6063227-6063229
6063243
6063245-6063246
6063253-6063259
6063264
6063266
6063268
6063275
6063278-6063279
6063291
6063301
6063304
6063307-6063309
6063317
6063319-6063320
6063324
6063329-6063331
6063342
6063345
6063348-6063352
6063358-6063359
6063362
6063368
6063373
6063377-6063379
6063381
6063383
6063386-6063387
6063389
6063394
6063401
6063404-6063406
6063408-6063409
6063411
6063421
6063435
6063440
6063442
6063444-6063449
6063451
6063453-6063460
6063462
6063464-6063468
6063470
6063473
6063475-6063476
6063490
6063498-6063500
6063505
6063512
6063514
6063516-6063517
6063530
6063532
6063534
6063536-6063537
6063540-6063551
6063553
6063572
6063578-6063579
6063582
6063598
6063642
6063659-6063660
6063678-6063679
6063684
6063686
6063691
6063694
6063703-6063705
6063710
6063718
6063729
6063731
6063735
6063737
6063742
6063749
6063751-6063752
6063769
6063771-6063772
6063776
6063783
6063788
6063790
6063795-6063797
6063804
6063810
6063816
6063818-6063821
6063825-6063826
6063829-6063830
6063863-6063864
6063867
6063874
6063887
6063896
6063902
6063922
6063927
6063930
6063939
6063955
6063968
6063973
6063985
6063987-6063988
6063990
6064001
6064021
6064030
6064034
6064039-6064040
6064042
6064047
6064104
6064106
6064145
6064155
6064206
6064208
6064214
6064224
6064261-6064262
6064264
6064296-6064297
6064302
6064305
6064311
6064321
6064324
6064326
6064330
6064332
6064334
6064349
6064352
6064367
6064370
6064377
6064390
6064393
6064414
6064417
6064423
6064428
6064432
6064444
6064458
6064465-6064467
6064469
6064472
6064477-6064478
6064483
6064486
6064489
6064491-6064492
6064494-6064496
6064502
6064504
6064506
6064508
6064539-6064540
6064543
6064549
6064558-6064559
6064561-6064562
6064566-6064567
6064569-6064571
6064581
6064590
6064592
6064594-6064595
6064598
6064600-6064601
6064603-6064604
6064606-6064607
6064609-6064610
6064617-6064619
6064621-6064623
6064625-6064628
6064631-6064632
6064635-6064637
6064639-6064640
6064642-6064643
6064647-6064650
6064653
6064655-6064659
6064662-6064665
6064667-6064669
6064677-6064678
6064693-6064694
6064696
6064730
6064759
6064763
6064786
6065005
6065008
6065028
6065069
6065124
6065154
6065159-6065160
6065191
6065361
6065398
6065400
6065432
6065437
6065457
6065466
6065470
6065491-6065492
6065502
6065513
6065543
6065557
6065561
6065563
6065565
6065568
6065574
6065576-6065577
6065583
6065596
6065599
6065604
6065617-6065618
6065621
6065626
6065632
6065637
6065643
6065648
6065651
6065656
6065661-6065662
6065665-6065666
6065672-6065673
6065677-6065681
6065686
6065689-6065690
6065701
6065703
6065708
6065711-6065712
6065717
6065721
6065725
6065727
6065739-6065740
6065751
6065758-6065759
6065762-6065763
6065786
6065792
6065803
6065807
6065811
6065814
6065818
6065830
6065833
6065836
6065842
6065844
6065846
6065851
6065854
6065857
6065861
6065863-6065864
6065866
6065872
6065875
6065891-6065892
6065896
6065902-6065904
6065907
6065912
6065914-6065915
6065917
6065922-6065923
6065926
6065937-6065938
6065941-6065942
6065947
6065949
6065951
6065958
6065962
6065966
6065979
6065990
6065993
6065997
6065999
6066002
6066007-6066008
6066011
6066021-6066022
6066028
6066032
6066040-6066041
6066043
6066047
6066049
6066051
6066056
6066062
6066065
6066068-6066069
6066071
6066074
6066077-6066079
6066083
6066087
6066099-6066102
6066107
6066111
6066114-6066115
6066117-6066120
6066122
6066129
6066135-6066136
6066152
6066154
6066156
6066158
6066167
6066174
6066176
6066181
6066183
6066188
6066192
6066194
6066197
6066199
6066201
6066207
6066209
6066216-6066217
6066219
6066223-6066229
6066231
6066234
6066243-6066244
6066247-6066249
6066254-6066256
6066258
6066262-6066264
6066266-6066267
6066271
6066275-6066276
6066283-6066285
6066288
6066291-6066295
6066298
6066301-6066302
6066304
6066307
6066309
6066312
6066314
6066318
6066325
6066327
6066330-6066331
6066333
6066342-6066343
6066345-6066349
6066354
6066357-6066361
6066363-6066375
6066378
6066382
6066388
6066394
6066399
6066403
6066406
6066410
6066412
6066419-6066424
6066426-6066427
6066429-6066430
6066434
6066437
6066440-6066443
6066445
6066448-6066449
6066451
6066453-6066454
6066458
6066461
6066463-6066464
6066469-6066471
6066475-6066476
6066484-6066487
6066489-6066491
6066494-6066496
6066498
6066500
6066503
6066505-6066506
6066508-6066518
6066520-6066521
6066525-6066527
6066531-6066532
6066536-6066538
6066540
6066546
6066550
6066552
6066556
6066561
6066563-6066566
6066568-6066569
6066572-6066590
6066592-6066594
6066596-6066598
6066601
6066603
6066608
6066612
6066624-6066625
6066627
6066629
6066634-6066636
6066646
6066649
6066660
6066662
6066665
6066667
6066672-6066673
6066677
6066679-6066681
6066686-6066687
6066690
6066692-6066694
6066696
6066698
6066701-6066702
6066704
6066712
6066715
6066725-6066726
6066728-6066729
6066731
6066739-6066741
6066743
6066751
6066754-6066756
6066787-6066788
6066790-6066793
6066803
6066808
6066810-6066811
6066815-6066817
6066820
6066824
6066826
6066847
6066924
6066970
6067020
6068060
6068074
6068076
6068106
6068138
6068143
6068170
6068180
6068184
6068186
6068213
6068215
6068229
6068240
6068266-6068267
6068284
6068293
6068303
6068306
6068309
6068321
6068323
6068333
6068336
6068349
6068354
6068375-6068376
6068380-6068381
6068384
6068393
6068399
6068403
6068419
6068421
6068430
6068444
6068470
6068479
6068485
6068487
6068498
6068503
6068508
6068515
6068521
6068524
6068574
6068596
6068657
6068670
6068706
6068711-6068712
6068714
6068722
6068735
6068751
6068757
6068766
6068785
6068799
6068807-6068808
6068830
6068865
6068869
6068891
6068926
6068935
6068958
6068988
6069001
6069010
6069032
6069083
6069164
6069259
6069268
6069329
6069376
6069380
6069531
6069633
6069643
6069677
6069744
6069792-6069793
6069802
6069804
6069827
6069831
6069833
6069836
6069847
6069994
6070042
6070051
6070057
6070062
6070118
6070152
6070165
6070214
6070217-6070218
6070222
6070268
6070308
6070319
6070323
6070333
6070337
6070353
6070358-6070359
6070384
6070387
6070395
6070402
6070408
6070413
6070421
6070435
6070443
6070458
6070461
6070465
6070468
6070471
6070475
6070477
6070488
6070492
6070499
6070505-6070506
6070508
6070512
6070523
6070539
6070544
6070547
6070562-6070564
6070567
6070574
6070579-6070580
6070585
6070587
6070601
6070632
6070641
6070643
6070663
6070673
6070678
6070689
6070696
6070700-6070702
6070710-6070711
6070715
6070718-6070721
6070741
6070760
6070778
6070781
6070785
6070798
6070832-6070835
6070839
6070846
6070859-6070860
6070867
6070874
6070880
6070893
6070898
6070901
6070906
6070908-6070910
6070912
6070926-6070929
6070931-6070932
6070934-6070937
6070940-6070945
6070947
6070950
6070952-6070953
6070957
6070961-6070963
6070965
6070967
6070974
6070985
6070987
6070990
6070993
6070998
6071000-6071001
6071009-6071010
6071016
6071020
6071025
6071030-6071031
6071050
6071060-6071061
6071074-6071075
6071083
6071104
6071109
6071112
6071123
6071132
6071149
6071153
6071161
6071166-6071167
6071180-6071183
6071188
6071193
6071196-6071197
6071202
6071208
6071210
6071217
6071233
6071237
6071258
6071271
6071280-6071281
6071283
6071290
6071294
6071297
6071311
6071317
6071323
6071332
6071335-6071338
6071354
6071391
6071403
6071434
6071442-6071443
6071445
6071447
6071456
6071458
6071467
6071477
6071515
6071544
6071554
6071569
6071572
6071581
6071615
6071644
6071651
6071660-6071661
6071677
6071679
6071698
6071708
6071723
6071729
6071739
6071741-6071742
6071744
6071748-6071750
6071752
6071758
6071763-6071765
6071776
6071778
6071788
6071801
6071803
6071816
6071820
6071840
6071854
6071858-6071859
6071875-6071876
6071880-6071881
6071884-6071885
6071897
6071908
6071921
6071925
6071933
6071943
6071945
6071947
6071949
6071951
6071957
6071960
6071963
6071965
6071968
6071974
6071977
6071983-6071984
6071986-6071987
6071992-6071996
6071998
6072004
6072008-6072009
6072011-6072013
6072016
6072019
6072023
6072030-6072035
6072038-6072039
6072041
6072043-6072044
6072065
6072136
6072139
6072142
6072152
6072195
6072199
6072204
6072209
6072218
6072225
6072231
6072250
6072254
6072278
6072281-6072282
6072291
6072312
6072455
6072461
6072500
6072503
6072507
6072509
6072514-6072526
6072535
6072720
6073144
6073441
6073511
6073594
6073658
6073671
6073706
6073722-6073723
6073749
6073767
6073778-6073779
6073786
6073797-6073798
6073805
6073807
6073810
6073819-6073820
6073822
6073829
6073833
6073847-6073848
6073852-6073854
6073862
6073865
6073868-6073869
6073885
6073896
6073901
6073929
6073939
6073942
6073948-6073949
6073961
6073964
6073968
6073970-6073971
6074001
6074008
6074012
6074044
6074084
6074086
6074088
6074093
6074095-6074097
6074127
6074153
6074162-6074163
6074189
6074192
6074233-6074236
6074239-6074243
6074334
6074355-6074356
6074380
6074463
6074509
6074538
6074552
6074566
6074570
6074573
6074606
6074609
6074611-6074612
6074618
6074622
6074624-6074625
6074627
6074629-6074630
6074635
6074638
6074640
6074645
6074649
6074652
6074672
6074674
6074678-6074679
6074681
6074687-6074688
6074692-6074696
6074698
6074701
6074703
6074708-6074710
6074714-6074716
6074718-6074720
6074724-6074725
6074732
6074741
6074746
6075147
6075414
6075957
6076789
6077009
6077069
6077197
6077296
6077673
6077935
6077976
6078234
6078853
6078863
6078865
6078895
6079005
6079251
6079254
6079344
6079427
6079564
6079612
6079623
6079654
6079656
6079704
6079900
6080908
6080915
6080933
6080997
6081026
6081053
6081188
6081243
6081467
6081973
6082576
6083538
6083568
6085200
6085382
6085622
6085640
6085646
6086082
6086499
6086538
6086822
6088967
6088992
6089173-6089174
6089176-6089177
6089179
6089185
6089246
6089296
6089302
6089315
6089319
6089339-6089340
6089349
6089355
6089362
6089368
6089376
6089378
6089381
6089387
6089402-6089403
6089410
6089415
6089423
6089453
6089657
6089860
6089898
6089965
6090043
6090091
6090130
6090548
6091063
6091177
6091298
6091310
6091342
6091502
6091638
6091920
6091925
6092011
6092033
6092044
6092055
6092060
6092065
6092093-6092094
6092109
6092158
6092160
6092164-6092166
6092169
6092182
6092193-6092197
6092206
6092213
6092217
6092219
6092223
6092243
6092259
6092261
6092265-6092266
6092270-6092279
6092281
6092295
6092308
6092314-6092315
6092319
6092327-6092328
6092331
6092335
6092337
6092340
6092349-6092350
6092352
6092382
6092397
6092402
6092413
6092420
6092429-6092430
6092441
6092443
6092446
6092453
6092455-6092456
6092458
6092470-6092471
6092474
6092477
6092484
6092487
6092490
6092492
6092495-6092496
6092505
6092509-6092511
6092517-6092518
6092521-6092522
6092531-6092532
6092534
6092536
6092540-6092542
6092556-6092557
6092564
6092566
6092574-6092575
6092577
6092580-6092581
6092592
6092598
6092601-6092602
6092605-6092607
6092609
6092628
6092642
6092644-6092645
6092657
6092662
6092664
6092666
6092668-6092669
6092688-6092689
6092693
6092697
6092702-6092703
6092712
6092714
6092719-6092723
6092746-6092747
6092749
6092753-6092754
6092756
6092759-6092761
6092770
6092777-6092779
6092781
6092784-6092785
6092787
6092797
6092806
6092811
6092820-6092821
6092834
6092838
6092843
6092855
6092857
6092865
6092879-6092880
6092883-6092885
6092887
6092904
6092906
6092923
6092930
6092932
6092939
6092942
6092971
6092978
6092980
6092983
6092996
6092999
6093002-6093004
6093022-6093023
6093029
6093033
6093038
6093040-6093041
6093047-6093048
6093054
6093059
6093064-6093065
6093071
6093078
6093083
6093089
6093093
6093095
6093105
6093110
6093113
6093115
6093123
6093125-6093126
6093133
6093161
6093165
6093167
6093170
6093174
6093179-6093180
6093182
6093194-6093195
6093201-6093203
6093214-6093215
6093218
6093223
6093227
6093234
6093240
6093243
6093245-6093246
6093248
6093250-6093252
6093269-6093270
6093273
6093276
6093280
6093282
6093284-6093286
6093299-6093300
6093302-6093303
6093308
6093313-6093314
6093317
6093319
6093321
6093323
6093326
6093328-6093336
6093339
6093342-6093343
6093346-6093347
6093360-6093362
6093364
6093370
6093372-6093376
6093378
6093385
6093391
6093393
6093402
6093407
6093409
6093412
6093416-6093417
6093419-6093425
6093427-6093428
6093433-6093450
6093455-6093456
6093467-6093474
6093486
6093491
6093494
6093498
6093529-6093530
6093537
6093544-6093545
6093551-6093553
6093555
6093557
6093559
6093561
6093564
6093566-6093568
6093577
6093579
6093582
6093584
6093586-6093587
6093591-6093592
6093594
6093605
6093608-6093609
6093617
6093619
6093625
6093638
6093640
6093643
6093649-6093651
6093665-6093666
6093669-6093670
6093672-6093674
6093690
6093695
6093703
6093717
6093736
6093756-6093757
6093781-6093782
6093786
6093789
6093792
6093794-6093795
6093802
6093808
6093812
6093818
6093820-6093821
6093835
6093838
6093845-6093846
6093855-6093857
6093860-6093862
6093865
6093867-6093869
6093879
6093881-6093882
6093884-6093885
6093888
6093891-6093892
6093894-6093896
6093898-6093910
6093912
6093914-6093915
6093918-6093937
6093942
6093950
6093953-6093954
6093956-6093957
6093969
6093971
6093973-6093975
6093978-6093979
6093982
6093986-6093995
6094011
6094016
6094019
6094022-6094023
6094041
6094044
6094046
6094049
6094056
6094062
6094064
6094066
6094074
6094079
6094088
6094097
6094101-6094103
6094112-6094113
6094115
6094118
6094133
6094142
6094144
6094151
6094162
6094170
6094172
6094174-6094175
6094182
6094193-6094194
6094212
6094226
6094228
6094231
6094242-6094243
6094249-6094250
6094254-6094255
6094257
6094259
6094261-6094263
6094265
6094269-6094270
6094273-6094274
6094280-6094282
6094288
6094303-6094304
6094693
6094738
6094760
6095025
6095032
6095049
6095057
6095062
6095084
6095090
6095107
6095150
6095231
6095235
6095241-6095242
6095246-6095247
6095251-6095254
6095256-6095263
6095267-6095268
6095273
6095277-6095278
6095282
6095288-6095289
6095292
6095296
6095302
6095304-6095306
6095308
6095313-6095315
6095317-6095318
6095325-6095328
6095336
6095340-6095342
6095347
6095350
6095352
6095354
6095356
6095358
6095367
6095373
6095379
6095385
6095387
6095390
6095393-6095396
6095398-6095405
6095407-6095408
6095410
6095412-6095422
6095425
6095427
6095432
6095434-6095435
6095440-6095442
6095445-6095448
6095451-6095452
6095454-6095455
6095463-6095465
6095467-6095481
6095485
6095487
6095494
6095501-6095504
6095507
6095516
6095518-6095520
6095522
6095528-6095529
6095534
6095537
6095544
6095550
6095553-6095554
6095558-6095559
6095564
6095567
6095569-6095570
6095574
6095576-6095578
6095580-6095581
6095584-6095585
6095587
6095589-6095593
6095595
6095599
6095602
6095605-6095608
6095610
6095612-6095614
6095617-6095622
6095694
6095945
6095969
6096008
6096020
6096026-6096027
6096448
6096936
6098510
6100326
6100551
6103755
6114419
6115991
6127052
6144275
6153626
6171809
6172540
6180910
6184833
6187668
6210169
6210174
6217314
6217506
6220268
6220922
6222307
6224266
6232891
6233635
6241765
6254390
6262236
6285328
6293335
6390671
6409758
6411936
6427132
6433449
6434646
6434756
6439047
6442036
6442184
6442247
6448072
6453904
6457417
6458044
6458967
6461315
6461626
6462667
6469881
6473194
6475943
6478198
6478203
6480366
6480432
6480720
6481238
6481455
6481523
6483062
6483918
6486286
6486393
6486793
6489250
6491524
6492479
6494259
6494364
6497173
6498823
6506550
6513781
6517266
6527701
6535445
6538471
6538604
6539798
6540397
6543588
6545105
6545385
6546688
6547942
6554309
6555530
6560041
6560244
6561034
6561155
6562585
6562756
6567515
6568056
6578689
6578949
6587242
6590788
6590807
6590812
6590850
6590862
6591757
6596993
6597689
6598001
6598143
6598220
6598414
6599609
6599904
6600178
6600267
6600509
6601568
6602603
6603100
6603106
6603489
6603509
6603667
6603734
6603974
6604083
6604313
6604437
6604701
6604748
6605142
6606171
6607214
6607960
6609955
6610586
6610645
6611232
6612100
6612707
6616762
6616777
6617025
6617138
6617315
6617324
6617334
6617361
6617425
6624551
6625305
6633962
6634003
6643035
6648809
6651021
6657824
6659014
6659091
6659586
6660733
6660737
6661179
6661831
6663648
6670446
6671290
6671669
6673786
6674068
6674252
6675464
6676637
6676812
6677024
6677708
6678605
6681620
6682068
6682417
6682588
6683530
6683539
6687191
6687627
6689398
6689407
6693312
6693518
6694332
6697919
6698295
6698303
6698476
6698793
6698837
6698893
6699234
6699541
6700084
6700250
6700289
6700770
6700846
6701568
6703254
6703617-6703618
6703965
6704109
6704195
6704205
6704207
6704211
6704213-6704217
6704220
6704227
6704238
6704332
6704353
6704358
6704399
6704438
6704587-6704588
6704637
6704704
6704722
6704730
6704732
6704769
6704773-6704775
6704777
6704779
6704782-6704784
6704788
6704803
6704806-6704807
6704811
6704815
6704817-6704818
6704821
6704829
6704831-6704832
6704834
6704836-6704839
6704841
6704846
6704848
6704851
6704854-6704861
6704876
6704879-6704880
6704912-6704915
6704928
6704933
6704937
6704941-6704944
6704946-6704947
6704949-6704956
6705248
6705309
6705386
6705424
6705464
6705621
6705690
6705718
6705841
6706042
6706061
6706111
6706115
6706123
6706126
6706165
6706203
6706209
6706224
6706255
6706261
6706282
6706287
6706298
6706390
6706404
6706408
6706429
6706435-6706436
6706487
6706627
6706780
6708347
6708648
6708705
6708731
6708828
6708850
6708993
6709012
6709040
6709063
6709072
6709149
6709249
6709314
6709343
6709374
6709408
6709430
6709490
6709616
6709879
6709894
6710195
6710292
6710578
6710677
6710712
6710719
6710845
6710912
6710943
6711019
6711022
6711039
6711131
6711139
6711162
6711178
6711184
6711230
6711277
6711303
6711325
6711332
6711392
6711421
6711461
6711466
6711486
6711509
6711569
6711602
6711605
6711608
6711782
6711792
6711801
6711827
6711841
6711859-6711860
6711906
6711908-6711910
6711922
6711926-6711927
6711938
6711950
6711952
6711986
6711998
6712000
6712003
6712009
6712049
6712054
6712082-6712083
6712108
6712115
6712140
6712146
6712159
6712169-6712170
6712183
6712195
6712202
6712209
6712236
6712255
6712273
6712285
6712307
6712359
6712417
6712423-6712424
6712426-6712427
6712434
6712444
6712453
6712459
6712463
6712545-6712546
6712730
6713010
6713429
6713445
6713457
6713484
6713489
6713497
6713517
6713546-6713547
6713679
6713688
6713690
6713694-6713695
6713706
6713710-6713711
6713714
6713725
6713729
6713732
6713751
6713789
6713794
6713807-6713808
6713829
6713836
6713872
6713874
6713881
6713883
6713887
6713889-6713890
6713904
6713909-6713910
6713914-6713916
6713918
6713920-6713921
6713925
6713939
6714017
6714025-6714026
6714030
6714037
6714047
6714052
6714073
6714075
6714081
6714088
6714098
6714125
6714129
6714137
6714144
6714156
6714166
6714170
6714195
6714214-6714215
6714217
6714222-6714223
6714238
6714245
6714255-6714256
6714271
6714290
6714299
6714308-6714310
6714331
6714336
6714339
6714346
6714350-6714351
6714353-6714354
6714363
6714365
6714367
6714369
6714376
6714378
6714381-6714382
6714390
6714394
6714397-6714398
6714400-6714404
6714407-6714409
6714412
6714414
6714422
6714428-6714429
6714434
6714439-6714441
6714444-6714445
6714456
6714464
6714466-6714467
6714469
6714471-6714474
6714487
6714490
6714502
6714505
6714510
6714514
6714520
6714535
6714538
6714541-6714545
6714548
6714550
6714555
6714557-6714560
6714565
6714567
6714574
6714576
6714580
6714582-6714583
6714585-6714586
6714591-6714592
6714596
6714599-6714600
6714605
6714608
6714623
6714626
6714629
6714640
6714657
6714660
6714667-6714668
6714671
6714673-6714675
6714678-6714679
6714682
6714695
6714699-6714700
6714704
6714714
6714717
6714720
6714730-6714731
6714733-6714734
6714737
6714746-6714747
6714752
6714759
6714762
6714766
6714768-6714769
6714773-6714774
6714776-6714777
6714795
6714859
6714872
6714949
6714952
6714982
6714986
6715009
6715021
6715031-6715032
6715038
6715046
6715050
6715078
6715084-6715085
6715098
6715106-6715107
6715131
6715142
6715148
6715150
6715202
6715270
6715329
6715363
6715410
6715430
6715451
6715463
6715467
6715471
6715507
6715603-6715604
6715632-6715633
6715638
6715665
6715670
6715751
6715753
6715772
6715775
6715796
6715802
6715818
6715829
6715843
6715855
6715857-6715858
6715862
6715877
6715979
6715991-6715992
6716073-6716074
6716080
6716090
6716116
6716124
6716138
6716144
6716157-6716159
6716183
6716193
6716206
6716214
6716224
6716226
6716235
6716244
6716323
6716327
6716330
6716346
6716363
6716394
6716418
6716447
6716452-6716453
6716471
6716481
6716486
6716490
6716492
6716512-6716513
6716524
6716533
6716546
6716556
6716560-6716561
6716589
6716591
6716596-6716597
6716605
6716607
6716613-6716614
6716617-6716618
6716620
6716622-6716624
6716626
6716632-6716633
6716635
6716641
6716645-6716646
6716648
6716652-6716653
6716655-6716657
6716663
6716665-6716667
6716669
6716671
6716674
6716683
6716692
6716714-6716715
6716718
6716727-6716729
6716734
6716737
6716739
6716744
6716749
6716776
6716778
6716780
6716787
6716790
6716792
6716796
6716799
6716801
6716806
6716810
6716815
6716840
6716843-6716844
6716847-6716850
6716859-6716860
6716874
6716896
6717015
6717046
6717099
6717128
6717141
6717192
6717239
6717245
6717296
6717308
6717339
6717347
6717353
6717361
6717365
6717394
6717399
6717404
6717414
6717424
6717429-6717430
6717440
6717442-6717443
6717447
6717450
6717461
6717463
6717479
6717485-6717486
6717494
6717496
6717514-6717515
6717517
6717524-6717525
6717535
6717543
6717547
6717549
6717551-6717552
6717570-6717572
6717574
6717578
6717584-6717585
6717591-6717592
6717602
6717607
6717609
6717613
6717617-6717618
6717622
6717627
6717630
6717633
6717636-6717637
6717639
6717644-6717645
6717648-6717649
6717658
6717660
6717670
6717672
6717679
6717681
6717697
6717703
6717707
6717715-6717719
6717723
6717727
6717730
6717742-6717746
6717751
6717757
6717767
6717778
6717781
6717783
6717795
6717798
6717805
6717815-6717816
6717818
6717823
6717826
6717829
6717831-6717833
6717838-6717839
6717842-6717844
6717854
6717857
6717860
6717867-6717868
6717874
6717886
6717894
6717897
6717903
6717908
6717913
6717922-6717923
6717929
6717931
6717939
6717943-6717944
6717951
6717956
6717966
6718004-6718005
6718010-6718011
6718014
6718020
6718022
6718029-6718030
6718035
6718037
6718040
6718046-6718047
6718049
6718052-6718053
6718058
6718061
6718067
6718070-6718071
6718076-6718077
6718080
6718085
6718088-6718094
6718107
6718113
6718117
6718121
6718123-6718124
6718126-6718128
6718160
6718167
6718174
6718176-6718177
6718180
6718183
6718189
6718192
6718194
6718196
6718199
6718203
6718206
6718209
6718218
6718227
6718230
6718236
6718238
6718241
6718243-6718245
6718252
6718258
6718275
6718283
6718286
6718290
6718303
6718308-6718311
6718332
6718335
6718340
6718343
6718349
6718356
6718363
6718376
6718379-6718380
6718386
6718390
6718397
6718422-6718424
6718426-6718427
6718442
6718456-6718458
6718463
6718466
6718475
6718484
6718487
6718494
6718503-6718504
6718515-6718516
6718518
6718520-6718521
6718534
6718545
6718550
6718552-6718553
6718574
6718581
6718594
6718596
6718603
6718607
6718613
6718621
6718632
6718636
6718639
6718644
6718646
6718650
6718653-6718655
6718670-6718676
6718678-6718689
6718701
6718708
6718725
6718730
6718739
6718778-6718779
6718782
6718784
6718788-6718789
6718791
6718799-6718800
6718804
6718806
6718811
6718823
6718826
6718833
6718835
6718840-6718841
6718851-6718852
6718857
6718860-6718861
6718864
6718868-6718869
6718875
6718891
6718896
6718912
6718914
6718918
6718927
6718929
6718933
6718935-6718936
6718949-6718950
6718967
6718969
6718975
6718979
6718982
6718988
6718991
6719002-6719003
6719009
6719011
6719035
6719042
6719052
6719056-6719057
6719060
6719064
6719070
6719072-6719073
6719078
6719080-6719081
6719089
6719092-6719093
6719095
6719097
6719101
6719114
6719116-6719117
6719141
6719144
6719154
6719214
6719224
6719229
6719233
6719275
6719294-6719295
6719298-6719299
6719301
6719304
6719312
6719322
6719324-6719325
6719331
6719336-6719337
6719344
6719351-6719353
6719359
6719361
6719374-6719375
6719383-6719384
6719390
6719395
6719401
6719403
6719409-6719412
6719419-6719420
6719425-6719426
6719429-6719431
6719434-6719435
6719438-6719440
6719443-6719444
6719448-6719451
6719457
6719459
6719461-6719469
6719474-6719476
6719479
6719481
6719504
6719509
6719514
6719521
6719531
6719533
6719535
6719540
6719543
6719552
6719563
6719565-6719566
6719568
6719570
6719574-6719575
6719580
6719582
6719587
6719589-6719590
6719594
6719596-6719598
6719601
6719614
6719616
6719624-6719630
6719633-6719635
6719637-6719641
6719643
6719648
6719650
6719653-6719654
6719744
6719822
6719833
6719896
6719908
6719979
6720148
6720209
6720212
6720242
6720249
6720263
6720272-6720273
6720332
6720337-6720338
6720346
6720393-6720394
6720399
6720417
6720431
6720474
6720486
6720508
6720528
6720569
6720599
6720703
6720743
6720754
6720787
6720821
6720835-6720836
6720849
6720852
6720864
6720868
6720870
6720880
6720883
6720894
6720897-6720899
6720904
6720906
6720908-6720910
6720940
6720966
6720974
6720976
6720983
6720991
6720998
6721002
6721007
6721010
6721015
6721021
6721023
6721027
6721029-6721030
6721034
6721037
6721039
6721090
6721099-6721101
6721106
6721132
6721194
6721196
6721202
6721215
6721228
6721232
6721236
6721241
6721244
6721351
6721386
6721390
6721393
6721397-6721399
6721401-6721408
6721524
6721669
6721688
6721709
6721996
6722106
6722286
6722368
6722451
6722499
6722503-6722505
6722507
6722510
6722531
6722533
6722535
6722537
6722556-6722559
6722561-6722562
6722564
6722566-6722568
6722572-6722574
6722578
6722593
6722599-6722600
6722608
6722612-6722615
6722623-6722624
6722627-6722631
6722636
6722702
6723774
6725450
6725612
6725615
6726239
6726241
6726251
6726254
6726456
6726519
6726525
6726644
6726739
6727378
6727800
6727805
6727811
6727818
6727888
6727895
6727907
6727910
6727923
6727959
6727997
6728003
6728009
6728031
6728054
6728081
6728084
6728086
6728106
6728127
6728132
6728143
6728204-6728205
6728357
6728424
6728456
6728612
6728652
6728685
6728727
6728731
6728820
6728871
6728875
6728888
6728905
6728911
6728937-6728938
6728942
6728952
6728960
6728972
6728977
6728979
6729008-6729009
6729011-6729013
6729017
6729048
6729087
6729101
6729140
6729143
6729168
6729188
6729194
6729209
6729219
6729227
6729230
6729237
6729239-6729240
6729242
6729245
6729256
6729262
6729268
6729283
6729290
6729299
6729301-6729305
6729309
6729319
6729327
6729330
6729332
6729338
6729348
6729354
6729362
6729369-6729370
6729378-6729379
6729385
6729399
6729404
6729415
6729424
6729426
6729428-6729429
6729431-6729433
6729440
6729443-6729447
6729453-6729454
6729459
6729463
6729476
6729478
6729523
6729527-6729528
6729530
6729548
6729576
6729580
6729585
6729589-6729590
6729614-6729616
6729618
6729628
6729633
6729638
6729642
6729644-6729645
6729649-6729651
6729655
6729671
6729681-6729683
6729686
6729688-6729689
6729691
6729694
6729701
6729710
6729713
6729715
6729724
6729727
6729731
6729738
6729749
6729751
6729757
6729761
6729765
6729767-6729768
6729775
6729778
6729783
6729786
6729788
6729793
6729806-6729810
6729816
6729820
6729822
6729825
6729841-6729842
6729849-6729851
6729855
6729857
6729862-6729864
6729866-6729868
6729870-6729871
6729879
6729884
6729889
6729894-6729896
6729904
6729910-6729914
6729918
6729922
6729935-6729937
6729939
6729943-6729944
6729950
6729952-6729953
6729956-6729957
6729963-6729969
6729991-6729992
6730007
6730029
6730056
6730058
6730070
6730074
6730085
6730088
6730427
6730449
6730578
6730701
6730751
6730950
6730958
6731165
6731262
6731296
6732042
6732160
6732328
6732630
6734421
6735588
6737751
6738239
6741561
6742955
6743328
6743456
6744678
6744895
6745111
6745903
6746093
6747402
6747532
6747537
6747556-6747558
6747592
6747617
6747693
6747720
6747764
6747770
6747824
6747826
6747833-6747835
6747944
6748019
6748024
6748056
6748060
6748067
6748069
6748078
6748081
6748087
6748137
6748679
6748686
6748816
6749286
6749504
6749641
6749728
6750403
6750472
6750655
6750659
6750839
6750889
6751303
6751347
6751378
6751571
6751578
6751649
6751699
6751741
6751819
6751825
6751855
6751860
6751908
6751968
6752026
6752196
6752266
6752288
6752291
6752509
6752640
6752915
6752966
6752984
6752992
6753700
6753882
6754040
6754066
6754140
6754150
6754155
6754161
6754165
6754184
6754195
6754211
6754236
6754254
6754271
6754311
6754329
6754361
6754445
6754562
6754646
6754674
6754776
6754782
6754809
6754839
6754847
6754878
6754921
6754925
6754928
6754938
6754946
6754948
6754952
6754976
6755009
6755013
6755048
6755062
6755064-6755065
6755069
6755091-6755092
6755099
6755104
6755113
6755126
6755130
6755133
6755206
6755209
6755212
6755215
6755217-6755218
6755226
6755241
6755249
6755267-6755268
6755271
6755280
6755296
6755320-6755321
6755325-6755326
6755329
6755415
6755452
6755514
6755516
6755530
6755552
6755589
6755602
6755649
6755668
6755676
6755688
6755703
6755743
6755748
6755871
6755873
6755925
6755949
6755982
6756017
6756038
6756051
6756093
6756170
6756197
6756225
6756351
6756425
6756440
6756443
6756453
6756461
6756474
6756480
6756488
6756492
6756502
6756514
6756517
6756540
6756545
6756548
6756553
6756569
6756571-6756572
6756602
6756612-6756614
6756623
6756647
6756663-6756664
6756697
6756729
6756754
6756771
6756776
6756813
6756821
6756827
6756838
6756842
6756870
6756873
6756879
6756889-6756890
6756896
6756926-6756927
6756936
6756944
6756953
6756964-6756965
6756976
6756985
6756994
6757000-6757001
6757007
6757010-6757017
6757020
6757025
6757031
6757040-6757042
6757047
6757056
6757059
6757069-6757070
6757107
6757111-6757112
6757114
6757120
6757124
6757139
6757141
6757153
6757158
6757170
6757192
6757198
6757202
6757205
6757210
6757215
6757221
6757241
6757252
6757256
6757267
6757279
6757283
6757286
6757292
6757294
6757296
6757320
6757326
6757343
6757345
6757349
6757356
6757367
6757379
6757381
6757391
6757393
6757406-6757407
6757414
6757425
6757430
6757442
6757456
6757467
6757472
6757486
6757490
6757492-6757493
6757530
6757533
6757536
6757552
6757561
6757570
6757573
6757575
6757582
6757586
6757618
6757638
6757651
6757661
6757674
6757682
6757686
6757691
6757703
6757771-6757773
6757783-6757784
6757794
6757797
6757811
6757818
6757837-6757838
6757842
6757845
6757851
6757855
6757866
6757871-6757872
6757878
6757881-6757882
6757884
6757887-6757888
6757891-6757893
6757897
6757900-6757902
6757917
6757920
6757924
6757927-6757928
6757936
6757939
6757943
6757945
6757947
6757965
6757973
6757982
6757988
6757991-6757992
6757994-6757996
6757998
6758001
6758014
6758017
6758021
6758027-6758028
6758035
6758037
6758044
6758055
6758058
6758062-6758063
6758072
6758080
6758111
6758115
6758136
6758139
6758141-6758142
6758163
6758166
6758186-6758187
6758201
6758208
6758213
6758216
6758227
6758234-6758235
6758239
6758248
6758251
6758254-6758255
6758257
6758262
6758264
6758305
6758309
6758313
6758318
6758320
6758324
6758336-6758337
6758339
6758344
6758348
6758354
6758357-6758358
6758361
6758374
6758382
6758384
6758386
6758391
6758394
6758397-6758398
6758400-6758401
6758404
6758409-6758414
6758416
6758420
6758422-6758423
6758427-6758428
6758452
6758456
6758459-6758461
6758468-6758469
6758492
6758496
6758508
6758513
6758520-6758521
6758524
6758526
6758533
6758541
6758545
6758549
6758552
6758558
6758560
6758562
6758572
6758575
6758577
6758579-6758580
6758582-6758583
6758585-6758587
6758589
6758591-6758592
6758599-6758600
6758602
6758611-6758612
6758615
6758632-6758633
6758640
6758643
6758654
6758659-6758660
6758668
6758673
6758679
6758681
6758683
6758685
6758688-6758690
6758692
6758694
6758696-6758697
6758702
6758709
6758716
6758746
6758752
6758765
6758768-6758769
6758789
6758801
6758814
6758818
6758823
6758827
6758846
6758856
6758873
6758876
6758885
6758899
6758908
6758922
6758970
6758986
6758990
6758995
6759017
6759033
6759038
6759045
6759049-6759050
6759058
6759079
6759081
6759087
6759094
6759096
6759106
6759111
6759116
6759125
6759130
6759132
6759134
6759136
6759139
6759157
6759159
6759163
6759165
6759168
6759172
6759177
6759185
6759194
6759196
6759216
6759219
6759227
6759233
6759235
6759237
6759239
6759241
6759251
6759262
6759267-6759268
6759272
6759281-6759284
6759292
6759295
6759302
6759315-6759317
6759319-6759320
6759334
6759336
6759338-6759346
6759348
6759350-6759352
6759354
6759367
6759372
6759376
6759383
6759392
6759397-6759398
6759400
6759406
6759414
6759424-6759425
6759427
6759432
6759444
6759446
6759459
6759463
6759473-6759474
6759481
6759486
6759489-6759491
6759500
6759506
6759508-6759509
6759519
6759521-6759523
6759528
6759803
6759827
6760157
6760174
6760448
6761012
6761015
6761024-6761025
6761027
6761031
6761037
6761117-6761118
6761187
6761299
6761367
6761564-6761565
6761639
6761751
6761818
6761861
6761882
6761910
6761930
6762028
6762045
6762070
6762433
6762491
6762562
6762641
6762664
6762692
6762956
6762984
6763213
6764031
6764063
6764065
6764522
6764865
6764928
6765023
6765115
6765130-6765131
6765250
6765467
6765491
6765494
6765498
6765506
6765508
6765516
6765528
6765537
6765554
6765568
6765577
6765583
6765589
6765591
6765593
6765597
6765599
6765602-6765603
6765608-6765609
6765611
6765613-6765614
6765618
6765622
6765627
6765631
6765633
6765635
6765641
6765644
6765648
6765650
6765654-6765655
6765658-6765659
6765662
6765664
6765666
6765669
6765673
6765678-6765679
6765684-6765685
6765721
6765739
6765741
6765748
6765762-6765763
6765766
6765775
6765777-6765779
6765781
6765790
6765792-6765793
6765795-6765797
6765799-6765801
6765803
6765808-6765812
6765816
6765818
6765821
6765828-6765829
6765832
6765834
6765839
6765842
6765844
6765847
6765849
6765885
6765914-6765919
6765921
6765925-6765927
6765929
6765931-6765935
6765937
6765940
6765964
6765992
6766004
6766013
6766021
6766024
6766033
6766037
6766043
6766059
6766061
6766063
6766065
6766071
6766086
6766092
6766110
6766120-6766121
6766123
6766132
6766141
6766147
6766150
6766158-6766159
6766163
6766178
6766182
6766201
6766205
6766228-6766229
6766232
6766255
6766295
6766304
6766306
6766308
6766311
6766313-6766316
6766320
6766323-6766324
6766335-6766338
6766341
6766343
6766345
6766347
6766349
6766353
6766356
6766358-6766359
6766363
6766365
6766374
6766378
6766380-6766381
6766385
6766388
6766390-6766391
6766395-6766396
6766408
6766410
6766412-6766413
6766415-6766418
6766420-6766422
6766425-6766426
6766428
6766433-6766434
6766436-6766437
6766443-6766445
6766448
6766453
6766455-6766456
6766466
6766485
6766509
6766511
6766516
6766520
6766526-6766527
6766529
6766532
6766535
6766539
6766541
6766543-6766545
6766548-6766550
6766556
6766561
6766565
6766571
6766573-6766576
6766578
6766582-6766583
6766585
6766589-6766591
6766596-6766598
6766603-6766604
6766609
6766613
6766616
6766626
6766630-6766635
6766641
6766643-6766644
6766646-6766648
6766650
6766661
6766668-6766669
6766672
6766674
6766687
6766695
6766705
6766710
6766714
6766724
6766726
6766731
6766735-6766736
6766738-6766739
6766756
6766769
6766778
6766789
6766794
6766797
6766801
6766826
6766830-6766831
6766835
6766847-6766848
6766851
6766866
6766876
6766878
6766897
6766903
6766909-6766910
6766913-6766914
6766923
6766929-6766930
6766958-6766959
6766967
6766976
6766993-6766995
6766997
6767002
6767011-6767012
6767016
6767018
6767023
6767027
6767033
6767037
6767040
6767047-6767048
6767052
6767064
6767077
6767079
6767101-6767102
6767108
6767111-6767112
6767116-6767117
6767123-6767124
6767127
6767135-6767141
6767150
6767152
6767158
6767165
6767167
6767170
6767172
6767182
6767189
6767202
6767209
6767212
6767215
6767217
6767223
6767226-6767227
6767235-6767236
6767243
6767245
6767248-6767249
6767251
6767254
6767263-6767264
6767266
6767268-6767269
6767272-6767273
6767276-6767278
6767281
6767284-6767285
6767288
6767291-6767292
6767300-6767301
6767310
6767321
6767323-6767328
6767331-6767333
6767335-6767338
6767340
6767343-6767344
6767346
6767348
6767350
6767355
6767358
6767360
6767362
6767365
6767370
6767373
6767725
6767879
6767944
6768015
6768228
6768242
6768441
6768467
6768475
6768477-6768478
6768498
6768519
6768557-6768558
6768638
6768716
6768771
6768810
6768839
6768845
6768963
6769134
6769186
6769204
6769214
6769311
6769323
6769357
6769362
6769398
6769415
6769430
6769438
6769463
6769469
6769493
6769510
6769544
6769562
6769568
6769580
6769592
6769598
6769603
6769610
6769644
6769654
6769659
6769671
6769691
6769700
6769712-6769713
6769720
6769724
6769728
6769731
6769748
6769754
6769757
6769763
6769780
6769795
6769836
6769843
6769849
6769851
6769861
6769864
6769867
6769872
6769874
6769876
6769880
6769884
6769891
6769896
6769919
6769921
6769941
6769949
6769954
6769961
6769967
6769975
6769979
6769994
6770026
6770044
6770063
6770089
6770093
6770099
6770114
6770134
6770138
6770178-6770179
6770185
6770188
6770193
6770195
6770202
6770210
6770213
6770218
6770224
6770240
6770243
6770259
6770266
6770273
6770276
6770279
6770311
6770321-6770322
6770326
6770330
6770334-6770335
6770338
6770341
6770351
6770357
6770364
6770370
6770386
6770398
6770405
6770407-6770408
6770425
6770430
6770432
6770450-6770452
6770454
6770458
6770488
6770493
6770500
6770520
6770531
6770533
6770552
6770554
6770558-6770559
6770564
6770570
6770573
6770578-6770579
6770586-6770587
6770590
6770596
6770606
6770611
6770613
6770616
6770620
6770622
6770629
6770649-6770650
6770652
6770659
6770662
6770664
6770668
6770671
6770677-6770678
6770682-6770684
6770687-6770693
6770695-6770697
6770700-6770701
6770709
6770717
6770720
6770728
6770739-6770741
6770756
6770758-6770769
6770774
6770777
6770780
6770790
6770794
6770811
6770814
6770823
6770863
6770866
6770869
6770897
6770922
6770929-6770930
6770945
6770952
6770960
6770974
6770976
6770978-6770979
6770991
6770995
6771003
6771006
6771014-6771015
6771036
6771040
6771059-6771060
6771072
6771078
6771084
6771087
6771098
6771101-6771102
6771104
6771107
6771112
6771126
6771130-6771131
6771157
6771160
6771166
6771208
6771218
6771234
6771241
6771250
6771258
6771266-6771267
6771281
6771327
6771334
6771344
6771347
6771362
6771369
6771375
6771377
6771382
6771389
6771392
6771399
6771404
6771409-6771410
6771428
6771430
6771433
6771435
6771444
6771450
6771452
6771464
6771472-6771473
6771490
6771509
6771517
6771527
6771534
6771541
6771564
6771574
6771576
6771586
6771592-6771593
6771596
6771600
6771612
6771616
6771625
6771632
6771634
6771643
6771645
6771653
6771669-6771671
6771679
6771683
6771686-6771688
6771716
6771719
6771724-6771725
6771735
6771739
6771741
6771749
6771753-6771754
6771761-6771764
6771770
6771772
6771774
6771779-6771780
6771789
6771793
6771795-6771797
6771804
6771807
6771810
6771813-6771818
6771821
6771844
6771852
6771961
6771974
6771976-6771977
6771988
6771994
6772009
6772013
6772020
6772030-6772031
6772051
6772095-6772096
6772101
6772116
6772120
6772123-6772125
6772129
6772133
6772135
6772148
6772152
6772156
6772159-6772160
6772174-6772175
6772182
6772187
6772198
6772278
6772302
6772396
6772447
6772505
6772511
6772537
6772542
6772568
6772571
6772579-6772583
6772585
6772589
6772593
6772595-6772596
6772602
6772604-6772605
6772611
6772613
6772616
6772618
6772637
6772650
6772653
6772665
6772671
6772674
6772683
6772685
6772687
6772689
6772712
6772719
6772721
6772725
6772730
6772734-6772735
6772737
6772763
6772767
6772773
6772787
6772791
6772793
6772797
6772801
6772807
6772813
6772817
6772826
6772829
6772836-6772837
6772847
6772858
6772860
6772867
6772870
6772872
6772876
6772879
6772885
6772890
6772897
6772905
6772920
6772924
6772933
6772935
6772937
6772939
6772941
6772951
6772953
6772955
6772958
6772960
6772963
6772969-6772970
6772976
6772984
6772987
6772998
6773006
6773012-6773014
6773016
6773038
6773042
6773053-6773056
6773059
6773062
6773071
6773075
6773077
6773085
6773093
6773101-6773102
6773104-6773105
6773113
6773120
6773125
6773128
6773137-6773138
6773142-6773143
6773148
6773151
6773154
6773156-6773158
6773161
6773164
6773167-6773173
6773177
6773180-6773181
6773184
6773186-6773193
6773195-6773199
6773213
6773226
6773233
6773237
6773241
6773248-6773250
6773253-6773255
6773257
6773259-6773269
6773300-6773302
6773304
6773307-6773308
6773311-6773314
6773316-6773317
6773319
6773326-6773327
6773332-6773336
6773338
6773340-6773341
6773345
6773347
6773363-6773368
6773387
6773392-6773394
6773397
6773401
6773408
6773410-6773411
6773413-6773414
6773423
6773433
6773441
6773453
6773458-6773460
6773462-6773464
6773466-6773482
6773484-6773488
6773493-6773494
6773502-6773503
6773506
6773508-6773509
6773511
6773513-6773516
6773520
6773523-6773526
6773530
6773532
6773534
6773536
6773561
6773574-6773575
6773584
6773587
6773598
6773604
6773607
6773611
6773613
6773617
6773621
6773625
6773630
6773636
6773643
6773648-6773649
6773655
6773658-6773659
6773692
6773697
6773713
6773722-6773725
6773727-6773729
6773731
6773733
6773736-6773737
6773741
6773745
6773747
6773749
6773759
6773761-6773762
6773764-6773765
6773774
6773782-6773784
6773788
6773790-6773798
6773800
6773803
6773810
6773823
6773827-6773828
6773831
6773833-6773837
6773840-6773851
6773853
6773856-6773858
6773865-6773866
6773869-6773873
6773877-6773878
6773881
6773894-6773895
6773901
6773903-6773904
6773908
6773910-6773913
6773918
6773920-6773923
6773938-6773939
6773941
6773944
6773961-6773963
6773966-6773967
6773971
6773974
6773979
6773987-6773988
6773990-6773991
6773994
6773996-6773997
6773999-6774001
6774004
6774006
6774008-6774010
6774015
6774020-6774021
6774029
6774032-6774034
6774038
6774049
6774059
6774062
6774071-6774072
6774077
6774079
6774083
6774085
6774092
6774096
6774102-6774104
6774108
6774110-6774111
6774114
6774118
6774120
6774123
6774130-6774131
6774133-6774134
6774142
6774160
6774163
6774177
6774180
6774183
6774187
6774191
6774193
6774201-6774203
6774206-6774207
6774219
6774224-6774226
6774230
6774232-6774233
6774235
6774237
6774239
6774246
6774249
6774252
6774254-6774262
6774267
6774280
6774291
6774305-6774306
6774310-6774311
6774313
6774318-6774320
6774322
6774324-6774332
6774337
6774348
6774353
6774361
6774379
6774382
6774386-6774392
6774395-6774396
6774399
6774405
6774411
6774413
6774418-6774421
6774423-6774424
6774428-6774429
6774437
6774440-6774441
6774444
6774450
6774452-6774453
6774463-6774465
6774467
6774472
6774474
6774478
6774481
6774485
6774489
6774496
6774513
6774520
6774522
6774525
6774538-6774541
6774543-6774544
6774554
6774559
6774562
6774564
6774569
6774577
6774580
6774582-6774583
6774585
6774587
6774591
6774595
6774600
6774602
6774604
6774611-6774612
6774614
6774617-6774618
6774624
6774629-6774631
6774633
6774638
6774650-6774652
6774654
6774659
6774664-6774666
6774668
6774692
6774698
6774703-6774707
6774710
6774716
6774720
6774740
6774742-6774744
6774747-6774753
6774761
6774763-6774764
6774769
6774773
6774775
6774787-6774792
6774797
6774808-6774810
6774813-6774817
6774819
6774829-6774830
6774834
6774843
6774848
6774870
6774872
6774874
6774876
6774879-6774886
6774903
6774905-6774908
6774912-6774920
6774922-6774923
6774928
6774937-6774939
6774942
6774945-6774946
6774951
6774955-6774960
6774963
6774965-6774966
6774969
6774972
6774974
6775007-6775008
6775010
6775015
6775018
6775023-6775024
6775034
6775039
6775042
6775044
6775133
6775138
6775141
6775153
6775159-6775160
6775183
6775190
6775201
6775215
6775222
6775243
6775311-6775313
6775317-6775320
6775322
6775333
6775342
6775349-6775350
6775352
6775354
6775492
6776000-6776001
6776010-6776011
6776013-6776014
6776023
6776027-6776028
6776036
6776039-6776044
6776731
6776890
6777116
6777240
6777282
6777388
6777510
6777708
6777820
6778081
6779078
6779243
6779385-6779386
6779389
6779491
6779528
6779542
6779549
6779783
6779854
6779880
6779893
6779925
6779963
6780011-6780012
6780059
6780083
6780271
6780980
6781091
6781136
6781138
6781145
6781491
6781529
6781595
6781615
6781672
6781882
6782034
6782063
6782103
6782183
6782310
6782334
6782352
6782406
6782421
6782455
6782560
6782586
6782602
6782604
6782607
6782644
6782948
6782974
6783106
6783154
6783193
6783205
6783231
6783731
6783751
6784057
6784135
6784159
6784173
6784177
6784186
6784196
6784210
6784234
6784238
6784260
6784277
6784282
6784284-6784285
6784308
6784322
6784333
6784335
6784343
6784347
6784359
6784361-6784362
6784366
6784371
6784377
6784388
6784395
6784401
6784403-6784404
6784409-6784410
6784423
6784430
6784433-6784435
6784438
6784451-6784452
6784458
6784460
6784465
6784468
6784470
6784475
6784478-6784479
6784482
6784488
6784492-6784493
6784499
6784505
6784509
6784547
6784550
6784559
6784572
6784578
6784590
6784595
6784601
6784606
6784620-6784621
6784627
6784637
6784642
6784659-6784660
6784666
6784673
6784683
6784688
6784690-6784692
6784694
6784700-6784701
6784727
6784732
6784734
6784737
6784754
6784758
6784767-6784768
6784770
6784774
6784783
6784790
6784803
6784807
6784809
6784812
6784818
6784825
6784833
6784840
6784861
6784867
6784872
6784876
6784878
6784881
6784884
6784888
6784896
6784898-6784899
6784902-6784903
6784905-6784907
6784919-6784921
6784923
6784925
6784928-6784929
6784932
6784934
6784938
6784943
6784950
6784956-6784957
6784961-6784964
6784966
6784968
6784971-6784972
6784974-6784975
6784985
6784993-6784997
6785003
6785007
6785013-6785014
6785020-6785023
6785025-6785026
6785033
6785037
6785039
6785041-6785042
6785045
6785048
6785050-6785051
6785053-6785054
6785056
6785060-6785061
6785064
6785071-6785072
6785077
6785081-6785090
6785096
6785104
6785117
6785119-6785120
6785126
6785134-6785141
6785143-6785145
6785147
6785203
6785210-6785211
6785213-6785222
6785228
6785249
6785256
6785272
6785284
6785319
6785326
6785332
6785365
6785373
6785382
6785394
6785400
6785403-6785404
6785406-6785409
6785414-6785416
6785418
6785420
6785423-6785424
6785426-6785427
6785429-6785431
6785435-6785440
6785444-6785456
6785461
6785467-6785469
6785476
6785490
6785539
6785548
6785562
6785574
6785577
6785580
6785583
6785586
6785595-6785596
6785603
6785609-6785610
6785615
6785617
6785620-6785621
6785640
6785649
6785655
6785657
6785663
6785668-6785670
6785676
6785680
6785683
6785685-6785686
6785718
6785752
6785772
6785785
6785820
6785822
6785824-6785825
6785835
6785848
6785852
6785865
6785867
6785871
6785873
6785877
6785880-6785883
6785885-6785886
6785900
6785903-6785904
6785906-6785908
6785911
6785913
6785916-6785917
6785919-6785929
6785931
6785936-6785939
6785941-6785942
6785956-6785957
6785966
6785971
6785974
6785977
6785980
6785982
6785986
6785996
6786001-6786002
6786010
6786012
6786016
6786018-6786019
6786023-6786026
6786036
6786042
6786059-6786063
6786087
6786091
6786094-6786096
6786098-6786099
6786105
6786219
6786288
6786292
6786296
6786303
6786325
6786480
6786545
6787161
6787448
6787593
6787730
6787771
6787973
6788142-6788143
6788145
6788147
6788152
6788154
6788169
6788171
6788177-6788179
6788181
6788183
6788185-6788187
6788196
6788199
6788201
6788204-6788205
6788207
6788209
6788214-6788215
6788219
6788222
6788228-6788229
6788231-6788233
6788243
6788247
6788249-6788251
6788253
6788256
6788260
6788264
6788267
6788269
6788274
6788284-6788285
6788289
6788291-6788292
6788298-6788299
6788304-6788305
6788307-6788308
6788310
6788316
6788318
6788320-6788321
6788323-6788326
6788328
6788332
6788339
6788347
6788355
6788359-6788360
6788362
6788365-6788366
6788397
6788406
6788408
6788410-6788412
6788414-6788415
6788417
6788423-6788424
6788430
6788432-6788433
6788443-6788444
6788450
6788456
6788463
6788465-6788466
6788468
6788475
6788483
6788488
6788492-6788493
6788498-6788499
6788506
6788509
6788513
6788515
6788519
6788525
6788530
6788534-6788535
6788539-6788540
6788542-6788543
6788549-6788552
6788560
6788565-6788568
6788576
6788580
6788585
6788587-6788589
6788591
6788594
6788598
6788609
6788617
6788619
6788623
6788625-6788627
6788638
6788640
6788651
6788656-6788657
6788660-6788663
6788666-6788667
6788669
6788673
6788675
6788682
6788688
6788693
6788700
6788706-6788707
6788729-6788730
6788733
6788735
6788737
6788747-6788748
6788751-6788752
6788754
6788792
6788799
6788842
6788871
6789324
6789377
6789407
6789433
6789445
6789460
6789481
6789487
6789521
6789536
6789555
6789783
6790110
6790650
6790662
6790679-6790680
6790687
6790869
6791020-6791021
6791027
6791055
6791103
6791107
6791112
6791120
6791124
6791127-6791128
6791133-6791135
6791139
6791141
6791144
6791152
6791157
6791167
6791169
6791172
6791174
6791184
6791186
6791199
6791206
6791208-6791209
6791213
6791218-6791221
6791223-6791225
6791228-6791229
6791231
6791235
6791237-6791238
6791241
6791248-6791249
6791257
6791260
6791262
6791269
6791271
6791294
6791296
6791298
6791308
6791316-6791317
6791321-6791322
6791326
6791329
6791333
6791337-6791338
6791340
6791345
6791349-6791352
6791356
6791359
6791361-6791362
6791369
6791371
6791373
6791376-6791378
6791383-6791384
6791404
6791407
6791414
6791419
6791421
6791426
6791429
6791434-6791435
6791438
6791441-6791442
6791446-6791447
6791449-6791450
6791452-6791453
6791455-6791457
6791459-6791461
6791470
6791473
6791475
6791482
6791484-6791485
6791487-6791488
6791498
6791503
6791505
6791507
6791511
6791520
6791523
6791526
6791542
6791545
6791547
6791551-6791553
6791557
6791559
6791563
6791582
6791590
6791595
6791598
6791607-6791609
6791619-6791621
6791628
6791630-6791633
6791635-6791637
6791639-6791640
6791642
6791644
6791646-6791647
6791649-6791650
6791652-6791654
6791659-6791661
6791663-6791665
6791668-6791672
6791676
6791678-6791679
6791681
6791683-6791684
6791686-6791687
6791691-6791692
6791694
6791696-6791700
6791702
6791705
6791707
6791709
6791713
6791732-6791733
6791739
6791741
6791744-6791749
6791751-6791754
6791759-6791760
6791763
6791768
6791774
6791776
6791779
6791781-6791782
6791973-6791974
6792085
6792223
6792608
6792769
6792774
6793004
6793471
6793505
6793620
6793660
6793724
6793726
6793731
6793763
6793973
6793975
6794029
6794039
6794072-6794073
6794077
6794111
6794115
6794143
6794147
6794164
6794181
6794221
6794223
6794226-6794227
6794235
6794237
6794240
6794243-6794244
6794260
6794266
6794269-6794273
6794275-6794276
6794281-6794296
6794304
6794307-6794308
6794311
6794314
6794316-6794317
6794321
6794336
6794342
6794351
6794598
6794617
6794818
6795056
6795058
6795267
6795442
6795445
6795476
6795778
6795889
6795925
6795946
6795973
6796001
6796036
6796040
6796050
6796072
6796118
6796159
6796194
6796204
6796742
6796797
6796811
6796844
6796952
6797073
6797093
6797104
6797211
6797302
6797308
6797363
6797375
6797562
6797574
6797614
6797622
6797626
6797650
6797652
6797683
6797695
6797709
6797747
6797751
6797757
6797771-6797772
6797782
6797786
6797788
6797798-6797799
6797802
6797970
6798000
6798071
6798108
6798151
6798165
6798169
6798194
6798196-6798197
6798206
6798230
6798241
6798255
6798259
6798291
6799116
6799334
6799487
6799660
6800356
6801248
6801400
6801429
6801442
6802787
6803203
6803476
6803498
6804160
6804313
6806273
6809514
6809679
6809749
6809773
6810874
6811243
6811368
6811726
6812095
6812215
6812303
6812518
6812561
6812568
6812645
6813274
6813856
6813928
6813944
6813956
6813969
6814275
6814503
6815037
6815727
6815731
6815791
6815962
6816068
6816488
6816591
6816936
6816989
6817021
6817092
6817113
6817249
6817282
6817366
6817369
6817489
6817640
6817681
6818020
6818155
6818166
6818209
6818247
6818253
6818264
6818268
6818279
6818426
6818668
6818691
6818734
6818778
6818811
6818819
6818824
6818853-6818854
6819177
6819469
6819800
6820259
6820326
6820506
6820542
6820630
6820638-6820639
6820648
6820697
6820913
6821015
6821367
6821459
6821477-6821478
6821500
6821567
6821632
6821705
6821712-6821713
6821838
6821903-6821904
6821948
6821956
6821964
6822032
6822078-6822079
6822104
6822199
6822204
6822207
6822268
6822309
6822324
6822328
6822341
6822364
6822370
6822379
6822404
6822495
6822521
6822604
6822713
6822730
6822738
6822779
6822792
6822849
6822853
6822868
6822882
6822903
6822908
6822915
6822921
6822925
6822939
6822952
6822989
6822994
6823002
6823005
6823007
6823011
6823020
6823025
6823044
6823090
6823517
6823576
6823591
6823871
6823889
6823895
6823928
6823949
6823995
6824003
6824005
6824012-6824013
6824030
6824040
6824059
6824063
6824104
6824113-6824114
6824121
6824128
6824135
6824171
6824174
6824176
6824180
6824184-6824185
6824188
6824190
6824196
6824199
6824201
6824227
6824231-6824232
6824235
6824240
6824247
6824253
6824281
6824286
6824302
6824307-6824309
6824312
6824314
6824316-6824317
6824326
6824329
6824360
6824368-6824369
6824377
6824383
6824389
6824395
6824401
6824426
6824428
6824437
6824488
6824500
6824511
6824513-6824514
6824534
6824539
6824542
6824557-6824558
6824567
6824574
6824583-6824584
6824588
6824590
6824593
6824603
6824608
6824621
6824632
6824634
6824642
6824649
6824668
6824670
6824674
6824676
6824695
6824702
6824704-6824705
6824717
6824721
6824731-6824732
6824738-6824739
6824744
6824746
6824757
6824759
6824762
6824770-6824772
6824775
6824778-6824779
6824784
6824786-6824787
6824794-6824796
6824803-6824808
6824810-6824811
6824813
6824828
6824830-6824831
6824833-6824834
6824837
6824842-6824843
6824848
6824852-6824853
6824855
6824857
6824859
6824865-6824866
6824868
6824871
6824877-6824878
6824884
6824886-6824887
6824889
6824899-6824902
6824909-6824910
6824919-6824921
6824926-6824927
6824931
6824952-6824953
6824955-6824957
6824962
6824964
6824967
6824980-6824985
6824988
6824992-6824994
6825002-6825007
6825020-6825021
6825027
6825051
6825057
6825060
6825063
6825090
6825105
6825116
6825120
6825128
6825130-6825131
6825135-6825137
6825139-6825140
6825142-6825143
6825150-6825151
6825174
6825176
6825250
6825268
6825281
6825286-6825293
6825297
6825304
6825306
6825318
6825322
6825328
6825337
6825339-6825340
6825342
6825370
6825373
6825378
6825388
6825393
6825397
6825403
6825419
6825427
6825436
6825450
6825455
6825459
6825484
6825488
6825502
6825507
6825517
6825521
6825528
6825533
6825536-6825537
6825546
6825551
6825579
6825591
6825606
6825619
6825626
6825632
6825636
6825641
6825650
6825654
6825660
6825667
6825669
6825674-6825675
6825680
6825683
6825687
6825689
6825696
6825699
6825701
6825719-6825720
6825722
6825725
6825730
6825734
6825740-6825741
6825743-6825745
6825748
6825751-6825754
6825757-6825758
6825760-6825761
6825763-6825768
6825771-6825778
6825781
6825784-6825785
6825787-6825790
6825792-6825794
6825798
6825842
6825868
6825870
6825887
6825938
6825941
6826018
6826035
6826038
6826040
6826042
6826047
6826120
6826122-6826123
6826126
6826141
6826146
6826149-6826150
6826165
6826167
6826179
6826190
6826198
6826220
6826231
6826238
6826256
6826259
6826261-6826262
6826264
6826266
6826268
6826282
6826292
6826295
6826304
6826313
6826315-6826316
6826322
6826335
6826347
6826352-6826353
6826369
6826372-6826373
6826376-6826377
6826379
6826383
6826386
6826388-6826390
6826395
6826399-6826400
6826402
6826407
6826410
6826425
6826429
6826432
6826438
6826440
6826446
6826450
6826467-6826470
6826472
6826475
6826477
6826479
6826486
6826488
6826502
6826513
6826515
6826523
6826532
6826537
6826540
6826548
6826558
6826563
6826569
6826575
6826579-6826581
6826583
6826585
6826590
6826592
6826602
6826604
6826609
6826613
6826615
6826622
6826636
6826638
6826651
6826663
6826667
6826671
6826676
6826679
6826681
6826684
6826687
6826689-6826691
6826708
6826742
6826754
6826760
6826781
6826786
6826798
6826809
6826812
6826823
6826827
6826835
6826839
6826841
6826845-6826846
6826852
6826863
6826867
6826878
6826883-6826885
6826887-6826890
6826902
6826905
6826908
6826912
6826917-6826919
6826922
6826940-6826942
6826949-6826950
6826960
6826969
6826972
6826975-6826976
6826978
6826982
6826994
6827007
6827011
6827013
6827015
6827017
6827034
6827050
6827053
6827057-6827058
6827078-6827079
6827081-6827083
6827090
6827103
6827110
6827112
6827124
6827126
6827133
6827135-6827137
6827139
6827159
6827173
6827179
6827192
6827201
6827204
6827212
6827332
6827336
6827467
6827574
6827581
6827588
6827595
6827603
6827608
6827611
6827619
6827629
6827635-6827637
6827648-6827649
6827658
6827669
6827672
6827679
6827684
6827686
6827689
6827691
6827709
6827725
6827727
6827734
6827738
6827740
6827748
6827752
6827755
6827758-6827759
6827770
6827778
6827783
6827785-6827787
6827789
6827794
6827796
6827798
6827806
6827809
6827813-6827816
6827818
6827848
6827851-6827853
6827855
6827857-6827858
6827864
6827867
6827871-6827873
6827876-6827877
6827892
6827897-6827898
6827905
6827908-6827909
6827917-6827918
6827923
6827938-6827941
6827944-6827946
6827949
6827960
6827978
6827980-6827981
6827983
6827987
6827991
6827993
6828002
6828009
6828011-6828012
6828016
6828020-6828022
6828030
6828043-6828046
6828051-6828053
6828055
6828059-6828060
6828066-6828067
6828070
6828074
6828078
6828081-6828084
6828089
6828091
6828097
6828106
6828114-6828115
6828121-6828122
6828125
6828143
6828155-6828156
6828166
6828168
6828170
6828177
6828179-6828181
6828183-6828184
6828186-6828188
6828204
6828207-6828208
6828214
6828229
6828235-6828236
6828261
6828266-6828267
6828269
6828299-6828300
6828305-6828306
6828309
6828324
6828332
6828338
6828342
6828344
6828347
6828351
6828355
6828361
6828369-6828370
6828382
6828384-6828385
6828389
6828394
6828400-6828401
6828411-6828413
6828427-6828428
6828430
6828435-6828436
6828439-6828440
6828443-6828444
6828446
6828448-6828449
6828463
6828465-6828467
6828470
6828473-6828474
6828476-6828477
6828479
6828483-6828485
6828488-6828500
6828504
6828506
6828509
6828513
6828517-6828519
6828525-6828526
6828533-6828534
6828537-6828538
6828540
6828543
6828548-6828550
6828554
6828556
6828558
6828561
6828572
6828574-6828576
6828581
6828597
6828613-6828615
6828617
6828634
6828636-6828637
6828643-6828646
6828649-6828650
6828675-6828678
6828686-6828688
6828691-6828692
6828694-6828697
6828699-6828705
6828708
6828711-6828712
6828714
6828718
6828722-6828725
6828728
6828730-6828732
6828735
6828739
6828743
6828750
6828753
6828755
6828761-6828764
6828766
6828769
6828773-6828782
6828790
6828796
6828803
6828806
6828809-6828810
6828812-6828813
6828816-6828820
6828833
6828837
6828842
6828846-6828852
6828858
6828921
6828928
6828933
6828936
6828938
6828940
6828943
6828947
6828951
6829043
6829170
6829179
6829200
6829205
6829223
6829242
6829249
6829292
6829297
6829305
6829332
6829374
6829380
6829385-6829388
6829390
6829404
6829406
6829416
6829421-6829422
6829432-6829433
6829435
6829447
6829464
6829471-6829472
6829475-6829477
6829484
6829488
6829490
6829495
6829498
6829501
6829506
6829525-6829526
6829538
6829546-6829547
6829555
6829561-6829562
6829571
6829588
6829619
6829621-6829623
6829655
6829665
6829671
6829681
6829693
6829705
6829753-6829754
6829776
6829783
6829801
6829812
6829840
6829853
6829867
6829872
6829874
6829878
6829885
6829916-6829918
6829920
6829926
6829931
6829947-6829948
6829963
6829969-6829970
6829975
6829977
6829984
6829991
6829994
6829996
6830000
6830002
6830005
6830013
6830021
6830023
6830034-6830037
6830039-6830041
6830043
6830045-6830046
6830048
6830051-6830052
6830057
6830064
6830071
6830077
6830079-6830085
6830107
6830114
6830134
6830140
6830142-6830143
6830145-6830146
6830148
6830150
6830154
6830156
6830168
6830170
6830174
6830176-6830177
6830182-6830183
6830201
6830203
6830205
6830207-6830209
6830213-6830214
6830217-6830218
6830222
6830240-6830242
6830248
6830252
6830268
6830282-6830286
6830288
6830293
6830307
6830323
6830334
6830339-6830341
6830346-6830347
6830353
6830355-6830356
6830367
6830373
6830375-6830376
6830378-6830381
6830392
6830398
6830400
6830406-6830407
6830410
6830413
6830418
6830420-6830422
6830426
6830429
6830431
6830433
6830438
6830442-6830443
6830445-6830446
6830458
6830469
6830478
6830480
6830482
6830487-6830492
6830500-6830502
6830504
6830506-6830509
6830511-6830515
6830517-6830518
6830527
6830529-6830530
6830532
6830548
6830553
6830565
6830578
6830580
6830586
6830595
6830599
6830601-6830602
6830605
6830612
6830614-6830618
6830620-6830621
6830623-6830626
6830629-6830638
6830655
6830658
6830661-6830672
6830675-6830676
6830681
6830684-6830697
6830703-6830704
6830710-6830712
6830715-6830719
6830723
6830734
6830738-6830739
6830744
6830756-6830758
6830767-6830770
6830774
6830779
6830781-6830782
6830785
6830788-6830792
6830797-6830799
6830801
6830803-6830809
6830813-6830817
6830846
6830849
6830921
6830939
6831001
6831005
6831030
6831041
6831043
6831053-6831054
6831061
6831063-6831064
6831067
6831070
6831073
6831083-6831085
6831090
6831105-6831106
6831111
6831121-6831122
6831139-6831140
6831145
6831154-6831156
6831175-6831176
6831181
6831217
6831226
6831249
6831259-6831260
6831274
6831291
6831395
6831439
6831464
6831502
6831505
6831511
6831513-6831514
6831519
6831523
6831534
6831559
6831563-6831564
6831573
6831581-6831584
6831586
6831588-6831590
6831599
6831601
6831604
6831608
6831610
6831616
6831624
6831633
6831642
6831676
6831686
6831696
6831703
6831707-6831708
6831713
6831716
6831764
6831766
6831771
6831782
6831796
6831799-6831800
6831803-6831804
6831823-6831825
6831837
6831882
6831888
6831893
6831897-6831898
6831903
6831913
6831915
6831921
6831930
6831940
6831950
6831955
6831963
6831965
6831975
6831994
6832002
6832005
6832007-6832011
6832013
6832015
6832017
6832020
6832023
6832025-6832026
6832028-6832030
6832032
6832035-6832036
6832040-6832047
6832050
6832052
6832054-6832055
6832063-6832064
6832067-6832068
6832070
6832074
6832080
6832082-6832083
6832088-6832091
6832095-6832096
6832236
6832243
6832255-6832256
6832265
6832276
6832308
6832361
6832376
6832441
6832447
6832451
6832470
6832474
6832486
6832489
6832534
6832727
6832741
6832746
6832825
6832849
6832851
6832866
6832888
6832921
6832928
6832945
6832949
6832951
6832956
6832958
6832964
6832971
6832974
6832976
6832993
6832997-6832998
6833005
6833012
6833023
6833028
6833035
6833041
6833044
6833054
6833059
6833076
6833082
6833088
6833092
6833110
6833125
6833129
6833134
6833148-6833149
6833191
6833200
6833210
6833219
6833231
6833233
6833249
6833252
6833263
6833265
6833267
6833272
6833276
6833307-6833308
6833315-6833316
6833320-6833321
6833356
6833420
6833428
6833456
6833458
6833464-6833465
6833474
6833484-6833485
6833489-6833490
6833493
6833496
6833500
6833517
6833519
6833525
6833534
6833538
6833554
6833563
6833568
6833600
6833608
6833615
6833619
6833634
6833639
6833651
6833668
6833670
6833689-6833690
6833694
6833700
6833705
6833728
6833739
6833752
6833761
6833773
6833789
6833791
6833803
6833805
6833808
6833825
6833841
6833853
6833863
6833875
6833887-6833888
6833911
6833919
6833921
6833941-6833942
6833957
6833961-6833962
6833972
6833976
6833979
6834005
6834013
6834023
6834041
6834049
6834062
6834078
6834086
6834118-6834119
6834123
6834126
6834131
6834133
6834145
6834147
6834159-6834160
6834166
6834176
6834181
6834207
6834215-6834216
6834275
6834306
6834310
6834312
6834390-6834391
6834423
6834486
6834492
6834501
6834510
6834515
6834547
6834552
6834565
6834567
6834569
6834571
6834577
6834583
6834586
6834616
6834618
6834643
6834667
6834696
6834711
6834714
6834723
6834737
6834750
6834762
6834783
6834799
6834810
6834818
6834825
6834843
6834886
6834890
6834893
6834909
6834953
6834974
6834976
6835004
6835008
6835095
6835097
6835195
6835202
6835204
6835206
6835208-6835209
6835215
6835219
6835229
6835236-6835237
6835246
6835256
6835258
6835263
6835269
6835271-6835272
6835277
6835279
6835289
6835304-6835305
6835312
6835323
6835325
6835327
6835336
6835359-6835361
6835366
6835370-6835371
6835374-6835375
6835383
6835386
6835390
6835394
6835414
6835417
6835421
6835423-6835424
6835426-6835427
6835429-6835432
6835439
6835442-6835443
6835450
6835455
6835457
6835462-6835463
6835470
6835506
6835509-6835511
6835526
6835528
6835565
6835567
6835575
6835577
6835579-6835580
6835582
6835585-6835587
6835589
6835591-6835592
6835596-6835599
6835603
6835605-6835607
6835610-6835613
6835618-6835620
6835623
6835644
6835652
6835662
6835678
6835701
6835708
6835711
6835714
6835734
6835744
6835746
6835757
6835760
6835772
6835790
6835793
6835799
6835805
6835839
6836040
6836158
6836217
6836219
6836718
6836746
6836748
6836751
6836760
6836762
6836769-6836770
6836776
6836780-6836781
6836783
6836786
6836794
6836797
6836805
6836815
6836824
6836832-6836834
6836836
6836838-6836840
6836843-6836847
6836849
6836868
6836872-6836874
6836876
6836880
6836883
6836887
6836898
6836901
6836908-6836909
6836912
6836915-6836917
6836919
6836924-6836925
6836935
6836937
6836966
6836968
6836972-6836976
6836984
6836988-6836989
6836991-6836993
6837014
6837016
6837019-6837020
6837023
6837026
6837028-6837030
6837040
6837044
6837051
6837056
6837058
6837062
6837064-6837065
6837067
6837069
6837076
6837082-6837083
6837092
6837094-6837097
6837099-6837104
6837111
6837113-6837118
6837120
6837132
6837137-6837138
6837149
6837151
6837154
6837163
6837187-6837191
6837198
6837206
6837213
6837222
6837240
6837244
6837248
6837254-6837257
6837264-6837266
6837271
6837273
6837275-6837276
6837280
6837285
6837291
6837294
6837307
6837316
6837330
6837338
6837344-6837345
6837347
6837362-6837363
6837397
6837403-6837404
6837414
6837416
6837434
6837439
6837442
6837449
6837456
6837467
6837469
6837471
6837488
6837494
6837505-6837506
6837513
6837538
6837543-6837544
6837551
6837553
6837560
6837563
6837570
6837592
6837594-6837595
6837597
6837605
6837609
6837614
6837616-6837617
6837620
6837627
6837639
6837646-6837647
6837683
6837700
6837705
6837713
6837717
6837746
6837748
6837752-6837753
6837764
6837768-6837769
6837776
6837784-6837795
6837800
6837803
6837806
6837809
6837815
6837818-6837828
6837835
6837837
6837842-6837844
6837849
6837851
6837855-6837858
6837860-6837862
6837870
6837885-6837886
6837894
6837910
6837927-6837929
6837934-6837935
6837939
6837942
6837945
6837950
6837954
6837966
6837981
6837985
6837989
6837991-6837992
6838004-6838006
6838009
6838013-6838014
6838017
6838025
6838035
6838040-6838041
6838044
6838048
6838050
6838063
6838068
6838080
6838082
6838087
6838092-6838093
6838105-6838107
6838110
6838112-6838113
6838115-6838117
6838119-6838124
6838127
6838135
6838140-6838142
6838154
6838163
6838174
6838184
6838186-6838187
6838190
6838192
6838194
6838205-6838206
6838211-6838212
6838244
6838375
6838701
6838789
6838800
6838813
6838816
6838836
6838840
6838847
6838855
6838901
6838957
6838960
6839002
6839012
6839140
6839156-6839157
6839164
6839168
6839173
6839178
6839232
6839241
6839244
6839248-6839249
6839252
6839254
6839262
6839267-6839269
6839273
6839276
6839280-6839281
6839285
6839290
6839296
6839300
6839307-6839308
6839313
6839324
6839326
6839328
6839331
6839343
6839347
6839351
6839354
6839356
6839359
6839361
6839365
6839369
6839373
6839376-6839377
6839381
6839387-6839388
6839392
6839401
6839404
6839406
6839418
6839421-6839422
6839432
6839446
6839449
6839454
6839456-6839457
6839459
6839462-6839467
6839470
6839477
6839479
6839482
6839487-6839491
6839493
6839495-6839498
6839500
6839506
6839515
6839525
6839530-6839531
6839535
6839542
6839544
6839546-6839547
6839560
6839562
6839571
6839573-6839574
6839578
6839581
6839583-6839584
6839586
6839588
6839593
6839595-6839596
6839599
6839601-6839602
6839608
6839621-6839622
6839631
6839633
6839635-6839638
6839640
6839643
6839646
6839650-6839652
6839654-6839655
6839661
6839663
6839667-6839668
6839671
6839676-6839677
6839684-6839685
6839687
6839690
6839696-6839697
6839699
6839705
6839707
6839709
6839712
6839716-6839717
6839724
6839728
6839731-6839732
6839735-6839736
6839738
6839742
6839755-6839757
6839760
6839763-6839764
6839768-6839769
6839771-6839778
6839797-6839799
6839823-6839824
6839829-6839831
6839833
6839836-6839839
6839843
6839848
6839850
6839853
6839861
6839863-6839864
6839866-6839867
6839870
6839872-6839874
6839877-6839879
6839881
6839886-6839888
6839891-6839914
6839918
6839931
6839939
6839944
6839947-6839948
6839954-6839957
6839960
6839963-6839970
6839973
6839975-6839976
6839990-6839991
6839996-6839998
6840004-6840005
6840008-6840012
6840014
6840017
6840021
6840023
6840027
6840032-6840033
6840035
6840039
6840041
6840044
6840054
6840062
6840066-6840067
6840071
6840073
6840083
6840086
6840092-6840094
6840106
6840108
6840125
6840128
6840135
6840139
6840150
6840160
6840171
6840174
6840184-6840185
6840191
6840194
6840199
6840208
6840215-6840216
6840224
6840248
6840252-6840253
6840256-6840259
6840261-6840262
6840266-6840267
6840269
6840276
6840286
6840293
6840299
6840306
6840314-6840315
6840318
6840323-6840324
6840335
6840338-6840340
6840343
6840345-6840346
6840349-6840352
6840358-6840359
6840361-6840362
6840369
6840373
6840377
6840382
6840389
6840391
6840394-6840396
6840398
6840401
6840403-6840407
6840410-6840414
6840417
6840419
6840421
6840423
6840426
6840429
6840432-6840434
6840439
6840448-6840449
6840452-6840453
6840456
6840458
6840460
6840464-6840465
6840468-6840472
6840474-6840484
6840486-6840487
6840504-6840505
6840518
6840526
6840537
6840547-6840549
6840551-6840554
6840575
6840577
6840584
6840606
6840613
6840625
6840643
6840645
6840648
6840653
6840657
6840661-6840662
6840665
6840674
6840679
6840683
6840694
6840701
6840703
6840707
6840710
6840725
6840731-6840732
6840748-6840749
6840768
6840774
6840776
6840779
6840781
6840784
6840787
6840790
6840792
6840794-6840795
6840798
6840801-6840802
6840804
6840813-6840814
6840819
6840823-6840824
6840830
6840832
6840841-6840842
6840866-6840867
6840872-6840873
6840881-6840882
6840886
6840888
6840890
6840895
6840897
6840902
6840907-6840908
6840910
6840920
6840925-6840926
6840929-6840930
6840934
6840938
6840943
6840948-6840949
6840962
6840964
6840966
6840989-6840990
6840995-6840996
6840999
6841004-6841005
6841007
6841014
6841016
6841038-6841039
6841044
6841049
6841053
6841061-6841064
6841072
6841076
6841081
6841084
6841095
6841100
6841104
6841108
6841114
6841121
6841123
6841125
6841132
6841138
6841144
6841149
6841151
6841154
6841156-6841157
6841162-6841163
6841167
6841169
6841177
6841180-6841181
6841186-6841188
6841192-6841194
6841198-6841199
6841205-6841206
6841215
6841219-6841220
6841222
6841224
6841227-6841230
6841234
6841239-6841240
6841245
6841247-6841248
6841250
6841253
6841262
6841266
6841270-6841271
6841277
6841281
6841288
6841291
6841293
6841296
6841303
6841310-6841311
6841313
6841317
6841322
6841326
6841330-6841331
6841346
6841351
6841355-6841357
6841359-6841360
6841362
6841366
6841371
6841373-6841378
6841380
6841383-6841391
6841393
6841395
6841399
6841402
6841404-6841405
6841409
6841412
6841415-6841416
6841428
6841434
6841441
6841446
6841455
6841462
6841469
6841472-6841474
6841477-6841478
6841480
6841484-6841486
6841488-6841490
6841493
6841496
6841499-6841500
6841505-6841506
6841512
6841514
6841516
6841519
6841525-6841526
6841529
6841535
6841537
6841540
6841542
6841544-6841545
6841548
6841554
6841559
6841561
6841564
6841567
6841570-6841572
6841575
6841577-6841579
6841581-6841582
6841587
6841591
6841593
6841596-6841597
6841599
6841608-6841613
6841623
6841625
6841633
6841638-6841639
6841641
6841649-6841651
6841653
6841657
6841665
6841669
6841673-6841674
6841690
6841693
6841696-6841697
6841701
6841704-6841706
6841717
6841719
6841723-6841730
6841743
6841745
6841747-6841750
6841755
6841758
6841760
6841763-6841764
6841767
6841773
6841775
6841782
6841784
6841787
6841794
6841796-6841798
6841800-6841801
6841803
6841807
6841810
6841814-6841815
6841817
6841819
6841821
6841828
6841830
6841832
6841835-6841836
6841838
6841843-6841846
6841851
6841854-6841856
6841860
6841864
6841866
6841869-6841870
6841877-6841879
6841888
6841890-6841891
6841893-6841895
6841897-6841898
6841901-6841902
6841904-6841906
6841910
6841917
6841931-6841932
6841938
6841943-6841944
6841950
6841953
6841959
6841963
6841978
6841982
6841995
6842007-6842008
6842019
6842025
6842028
6842031-6842033
6842035
6842037
6842041
6842043-6842046
6842050
6842052
6842061-6842063
6842065-6842067
6842077
6842079
6842081
6842083
6842088-6842090
6842094
6842096-6842097
6842101
6842105
6842107
6842110-6842111
6842122
6842128
6842130
6842134-6842135
6842137-6842139
6842142-6842144
6842146
6842149
6842154-6842155
6842157
6842164
6842166-6842167
6842170-6842174
6842177
6842179
6842182
6842184
6842186
6842190
6842192
6842194
6842198-6842201
6842205
6842210-6842211
6842213-6842214
6842217-6842218
6842221
6842223
6842228
6842231
6842233-6842234
6842237
6842239
6842249-6842250
6842254
6842256
6842259
6842261
6842265-6842266
6842269-6842270
6842272-6842276
6842282
6842286-6842287
6842289
6842292-6842293
6842302-6842305
6842308
6842311
6842315-6842317
6842321
6842323
6842325
6842328-6842329
6842332
6842339
6842348-6842349
6842352-6842354
6842357-6842358
6842361-6842362
6842364-6842365
6842367-6842368
6842370-6842373
6842375-6842376
6842378-6842380
6842382-6842385
6842388-6842390
6842398
6842403-6842404
6842407-6842410
6842413-6842414
6842417-6842419
6842426-6842427
6842430
6842434-6842439
6842441
6842443-6842444
6842447
6842450
6842454-6842459
6842461-6842463
6842465
6842467-6842468
6842470-6842471
6842473-6842474
6842478-6842481
6842483-6842484
6842486
6842488-6842489
6842491
6842493-6842494
6842499-6842500
6842503
6842505
6842510-6842512
6842514
6842517-6842518
6842520-6842529
6842531
6842537
6842539
6842541-6842544
6842546
6842548-6842550
6842552-6842555
6842557
6842559-6842560
6842562
6842564
6842566-6842568
6842571
6842574-6842575
6842579
6842581
6842584-6842590
6842592-6842594
6842596-6842597
6842607
6842610
6842613-6842614
6842616
6842618-6842619
6842622-6842625
6842627
6842629
6842631-6842632
6842634-6842635
6842637
6842639-6842640
6842642-6842645
6842647-6842649
6842651-6842652
6842656
6842659
6842661
6842666-6842668
6842670-6842671
6842673
6842676
6842678-6842679
6842684-6842685
6842687-6842688
6842692-6842695
6842698-6842700
6842702-6842704
6842707-6842708
6842710-6842712
6842715
6842719
6842721-6842722
6842724-6842727
6842733
6842736-6842737
6842740
6842742-6842743
6842746
6842748
6842752
6842755
6842758-6842762
6842766
6842769-6842770
6842772
6842774
6842776-6842777
6842780
6842783-6842784
6842786
6842790-6842791
6842793
6842795-6842796
6842798
6842802-6842807
6842811-6842812
6842814
6842816
6842819-6842820
6842822
6842829
6842832-6842837
6842839-6842846
6842848
6842851
6842853-6842854
6842857-6842858
6842863-6842864
6842868
6842870-6842871
6842873-6842876
6842878
6842880
6842882-6842888
6842890
6842892
6842895-6842897
6842899
6842902-6842903
6842905-6842907
6842909-6842913
6842915
6842917
6842919
6842921
6842927-6842931
6842936-6842938
6842941-6842942
6842944-6842947
6842949
6842955-6842956
6842959-6842975
6842977
6842980-6842981
6842984
6842997-6842999
6843001-6843003
6843005-6843007
6843009
6843013
6843018
6843026
6843028-6843029
6843031
6843035-6843037
6843040
6843046
6843048
6843051
6843053-6843054
6843059
6843063-6843064
6843068
6843073-6843079
6843086
6843088
6843091
6843093
6843095-6843096
6843098
6843100-6843101
6843104
6843106-6843109
6843115-6843121
6843123-6843125
6843127-6843128
6843131
6843134-6843135
6843138
6843140-6843141
6843143-6843148
6843155
6843159-6843164
6843167
6843172-6843174
6843176
6843178
6843181
6843183
6843187
6843190-6843191
6843193-6843202
6843204-6843205
6843208
6843211-6843212
6843215-6843216
6843219-6843221
6843225-6843227
6843229-6843231
6843233-6843238
6843240-6843242
6843244-6843245
6843249-6843253
6843257-6843258
6843260-6843261
6843263
6843273-6843274
6843276
6843279-6843281
6843283
6843287-6843288
6843290-6843291
6843293
6843295
6843297-6843298
6843302-6843303
6843306
6843310
6843314-6843315
6843317
6843319
6843321-6843322
6843324
6843326
6843329-6843330
6843332-6843334
6843338
6843340
6843342
6843346
6843349-6843351
6843354
6843356
6843358-6843360
6843362-6843364
6843367-6843368
6843370
6843372-6843374
6843378-6843380
6843382
6843390-6843397
6843399
6843401-6843403
6843405
6843407-6843412
6843414-6843416
6843419
6843421
6843423-6843424
6843426-6843428
6843430
6843432-6843433
6843437
6843439-6843442
6843444-6843446
6843448-6843449
6843451-6843452
6843456-6843458
6843463-6843471
6843477-6843481
6843483-6843488
6843490-6843492
6843522-6843523
6843525
6843527-6843539
6843542-6843543
6843546-6843547
6843549-6843570
6843573-6843583
6843585-6843592
6843594
6843596
6843602
6843607-6843610
6843613
6843617-6843621
6843623-6843624
6843626
6843629
6843631-6843634
6843636-6843638
6843640-6843641
6843643
6843649-6843650
6843652-6843653
6843655
6843660-6843663
6843665
6843669-6843670
6843674
6843676-6843677
6843680
6843682-6843683
6843687
6843691-6843692
6843696-6843698
6843701-6843703
6843711-6843712
6843714-6843718
6843720-6843725
6843727-6843728
6843730
6843732
6843735-6843756
6843764
6843767
6843770-6843771
6843775-6843776
6843779-6843780
6843782
6843784-6843785
6843788
6843790-6843792
6843794-6843795
6843797
6843799
6843801-6843802
6843805-6843817
6843819-6843821
6843823-6843824
6843828-6843834
6843836-6843850
6843853-6843855
6843857-6843858
6843860
6843863-6843865
6843868-6843870
6843872
6843874-6843880
6843882
6843884
6843886-6843888
6843891-6843894
6843896
6843898
6843900
6843902
6843904-6843905
6843907
6843912-6843915
6843917-6843918
6843920-6843926
6843928-6843944
6843946-6843947
6843949-6843950
6843956-6843957
6843961
6843963
6843966-6843968
6843972
6843974
6843976-6843979
6843982
6843984-6843996
6843998
6844000
6844002
6844004
6844006
6844008
6844011
6844013-6844020
6844023-6844073
6844079
6844084-6844089
6844099
6844101-6844104
6844107
6844111-6844112
6844115
6844120
6844125-6844128
6844131
6844133-6844143
6844146-6844147
6844152-6844155
6844159
6844162
6844166-6844167
6844171
6844174
6844177
6844179
6844187
6844191-6844211
6844214
6844217
6844220
6844223-6844225
6844227-6844229
6844231
6844233-6844235
6844237-6844241
6844243
6844245
6844247
6844249
6844251
6844253
6844255
6844258
6844260-6844274
6844281
6844283
6844285
6844288
6844295
6844304
6844312-6844313
6844323
6844325-6844326
6844329-6844330
6844335
6844342-6844343
6844346
6844350-6844351
6844355
6844357-6844358
6844360
6844363-6844364
6844366-6844367
6844371-6844372
6844374-6844379
6844382
6844385
6844388
6844390
6844394-6844395
6844398
6844400-6844403
6844407
6844409
6844417-6844419
6844421-6844425
6844429
6844432-6844433
6844435
6844437-6844438
6844442
6844444-6844446
6844448
6844450
6844452-6844461
6844476
6844481-6844482
6844492
6844494
6844499
6844505
6844508
6844510
6844523
6844526
6844529
6844531
6844535
6844568
6844596
6844599-6844600
6844602
6844607
6844609-6844610
6844613
6844615-6844616
6844620
6844622-6844624
6844628-6844629
6844631-6844632
6844635
6844645
6844647
6844650-6844651
6844655
6844657-6844658
6844661
6844663
6844665
6844667-6844670
6844672
6844674
6844679
6844681-6844682
6844686
6844690
6844692
6844699
6844701
6844707
6844711-6844712
6844714-6844715
6844719-6844720
6844722
6844724
6844726-6844728
6844732
6844735
6844742-6844744
6844746
6844749
6844755
6844758
6844761
6844763-6844767
6844772-6844773
6844777
6844780
6844783
6844785
6844790
6844792
6844795-6844797
6844800
6844802-6844804
6844809
6844812
6844814-6844816
6844818
6844820-6844821
6844823-6844825
6844828
6844832-6844836
6844838-6844840
6844843-6844845
6844847
6844849
6844851
6844853
6844858
6844860-6844863
6844865-6844866
6844869-6844875
6844877-6844878
6844880
6844889-6844891
6844895
6844898
6844900
6844902
6844905-6844906
6844908
6844911-6844915
6844917
6844919
6844922-6844924
6844927-6844933
6844935-6844936
6844941-6844942
6844945-6844946
6844949
6844952-6844957
6844965
6844967
6844970-6844971
6844976-6844978
6844986
6844988
6844990-6844991
6844995-6844996
6845007
6845010
6845012
6845014-6845019
6845021
6845023-6845031
6845033-6845036
6845039-6845056
6845059
6845061-6845067
6845070-6845072
6845075-6845078
6845084
6845086
6845089
6845095-6845096
6845098
6845100
6845107-6845108
6845111
6845119-6845121
6845129
6845132
6845137-6845138
6845141
6845145-6845146
6845151
6845155-6845156
6845161-6845164
6845166-6845170
6845174
6845176-6845177
6845181-6845186
6845188-6845192
6845194
6845196-6845199
6845201
6845203
6845205-6845207
6845209-6845214
6845217-6845221
6845223
6845227
6845230
6845232-6845236
6845238
6845240-6845242
6845244-6845247
6845249-6845252
6845254-6845285
6845289-6845295
6845297-6845302
6845306
6845309
6845311
6845315-6845318
6845320-6845322
6845329
6845333
6845335-6845337
6845340
6845344
6845346
6845348
6845351
6845356
6845358-6845359
6845364-6845367
6845371-6845372
6845375
6845377-6845381
6845388
6845390-6845392
6845394
6845400
6845403-6845404
6845408
6845410
6845413
6845415-6845416
6845418-6845421
6845426
6845428-6845429
6845436
6845440
6845443
6845446
6845449
6845451-6845452
6845455-6845464
6845467-6845468
6845471
6845482
6845490
6845492
6845495
6845501-6845504
6845508
6845510
6845515-6845521
6845523-6845524
6845526-6845528
6845531
6845536
6845539-6845540
6845546
6845550-6845551
6845556-6845558
6845560-6845563
6845569
6845571
6845573
6845575-6845578
6845580
6845588
6845591
6845593
6845596-6845597
6845600-6845601
6845607
6845609
6845612-6845617
6845620-6845621
6845623-6845625
6845627-6845628
6845632
6845635-6845636
6845638-6845639
6845646
6845649-6845650
6845652
6845657
6845666
6845670
6845672-6845673
6845679
6845682-6845683
6845686
6845690-6845691
6845693-6845694
6845697-6845698
6845701-6845704
6845707-6845708
6845712-6845715
6845719
6845721-6845722
6845726-6845728
6845731-6845743
6845749-6845753
6845756
6845761
6845763
6845770
6845772-6845774
6845778
6845781
6845789-6845790
6845798-6845799
6845803-6845804
6845811
6845815
6845817-6845820
6845824-6845825
6845828-6845829
6845831-6845833
6845835-6845837
6845840
6845842-6845850
6845853-6845854
6845865
6845867-6845869
6845872
6845874
6845879-6845882
6845884-6845888
6845890-6845891
6845893
6845896
6845901
6845903-6845905
6845913-6845915
6845917-6845920
6845922-6845923
6845925-6845927
6845931-6845942
6845945-6845948
6845950
6845953-6845960
6845966-6845973
6845975
6845977-6846004
6846008-6846009
6846014-6846017
6846019-6846020
6846025-6846027
6846029-6846031
6846037
6846039-6846042
6846044-6846045
6846047-6846053
6846055-6846064
6846066-6846067
6846069-6846071
6846074-6846076
6846081-6846082
6846085
6846087
6846089-6846093
6846096
6846098-6846103
6846106
6846108-6846109
6846111-6846116
6846119-6846120
6846122-6846126
6846128
6846136-6846137
6846141
6846143
6846146-6846147
6846153
6846159
6846170
6846172-6846174
6846177-6846179
6846182
6846184
6846189-6846190
6846196
6846199
6846201
6846207-6846209
6846211
6846214-6846215
6846225
6846229
6846235
6846237
6846239
6846243-6846244
6846250
6846252
6846256-6846258
6846265
6846268
6846270
6846273
6846276
6846284-6846286
6846290-6846292
6846295
6846297
6846299-6846303
6846315-6846316
6846331
6846352
6846355
6846359
6846361
6846367
6846371
6846374-6846376
6846385-6846386
6846389-6846396
6846398-6846402
6846404-6846406
6846408
6846411
6846415-6846416
6846418-6846421
6846424-6846428
6846431
6846435
6846437
6846449-6846451
6846453-6846468
6846473-6846476
6846484
6846492-6846496
6846498
6846500-6846501
6846503-6846505
6846511
6846519-6846521
6846525
6846528
6846539-6846556
6846568
6846580
6846583
6846589
6846596
6846598-6846599
6846601
6846605
6846613-6846614
6846617
6846619-6846623
6846628
6846630
6846634
6846644
6846648
6846660
6846665-6846666
6846671
6846673
6846678
6846683
6846686-6846688
6846691-6846694
6846700
6846702
6846704
6846709
6846720
6846726
6846728
6846731-6846735
6846748
6846755-6846756
6846758
6846761
6846780
6846782
6846789
6846793
6846797
6846799
6846802-6846803
6846805
6846807-6846808
6846811
6846813
6846815-6846816
6846820-6846821
6846823-6846825
6846827
6846830
6846833
6846835
6846846-6846847
6846850
6846852
6846862
6846866
6846868
6846881
6846883
6846897
6846902-6846903
6846906-6846907
6846909
6846913-6846917
6846920-6846923
6846929
6846933
6846935
6846942
6846945
6846948
6846964
6846972-6846973
6846978
6846983-6846984
6846990-6846991
6846993
6847001-6847003
6847005-6847006
6847011
6847014-6847016
6847026
6847028-6847030
6847036
6847039
6847044
6847050
6847053
6847055
6847064
6847076-6847077
6847082-6847083
6847089
6847093
6847100
6847102
6847107
6847110-6847111
6847114
6847118
6847121
6847124
6847127
6847139
6847142
6847147-6847148
6847160
6847164
6847170
6847182
6847185
6847187
6847189
6847191
6847200
6847203
6847207
6847215
6847218-6847219
6847226
6847230
6847233-6847235
6847239-6847241
6847243
6847246
6847249-6847250
6847259
6847262
6847265
6847270
6847279
6847285
6847287-6847288
6847292
6847294
6847297
6847304
6847309-6847310
6847319
6847321-6847324
6847326
6847331-6847333
6847340
6847343
6847350
6847364
6847367
6847369
6847371-6847372
6847374-6847375
6847379
6847381
6847392-6847393
6847395-6847396
6847403-6847411
6847413-6847421
6847423-6847428
6847432
6847445-6847448
6847451-6847453
6847457-6847458
6847460-6847461
6847463-6847485
6847492
6847509
6847558
6847656
6847664
6847744
6847761
6847769
6847780
6847832
6847843
6847859
6847885
6848322
6848471
6848569
6848589
6848804
6849047
6849098
6849122
6849154
6849169
6849173
6849204
6849224
6850022
6851378
6854945
6855400
6855707
6856388
6856599
6856648
6856697
6856710
6856726
6860644
6861125
6862510
6869162
6872720
6872728
6872732
6873086
6879973
6881519
6881568
6882227
6882581
6882705
6884455
6902314
6902404
6902688
6905655
6906386
6908781
6914272
6914489
6914493
6915879
6918783
6919160
6931312
6931823
6932229
6932490
6936159
6937918
6938690
6943242
6944399
6946609
6952603
6954623
6956150
6957238
6960428
6960454
6960608
6972533
6981644
6991379
6998712
7006096
7007773
7012297
7015720
7016015
7027076
7027591
7029329
7030555
7031172
7031787
7032365
7033675
7037295
7038060-7038061
7039774
7043456
7043739
7049222
7053266
7057318
7058134
7058395
7058668
7058789
7065012
7068319
7072590
7073023
7075635
7081088
7082667
7083879
7085577
7086794
7086853
7086913
7086928
7087093
7087109
7087129
7087217
7088279
7089468
7089588
7089592
7089597
7089607
7090144
7090155
7090194
7090220
7090223
7090233
7090596-7090597
7090604
7090612
7090654
7090671
7090678
7091152
7093883
7099342
7099606
7101136
7101157
7101338
7101385-7101386
7101391
7101394
7101406
7101424
7101468
7101483
7101491
7101555
7101558
7101568
7101574
7101589
7101594
7101619
7101652
7101656
7101660
7101672
7101681
7101692
7101701
7101703
7101709
7101785
7101788
7101790-7101791
7101806
7101827
7101833
7101846
7101921
7101945
7101958
7101976-7101977
7101979-7101980
7101983
7102030
7102034
7102037
7102047
7102050-7102051
7102057
7102060
7102066
7102076
7102108
7102112
7102136
7102155
7102157
7102181-7102182
7102192
7102201
7102204
7102208
7102212
7102217
7102224
7102229-7102230
7102233
7102239-7102240
7102245
7102251-7102252
7102263
7102271
7102273
7102275
7102295-7102296
7102308
7102318
7102326
7102335-7102336
7102341
7102351
7102353
7102384
7102388
7102397
7102406
7102415
7102462
7102469
7102475
7102478
7102503-7102504
7102507-7102508
7102522
7102525
7102536
7102541
7102554
7102556
7102566-7102568
7102571
7102576
7102591
7102604
7102627
7102650
7102673
7102676
7102688-7102689
7102695
7102704
7102728-7102729
7102733
7102737
7102740
7102743
7102759
7102762
7102770-7102771
7102774
7102778
7102806
7102811
7102815
7102820
7102842
7102853
7102863
7102865
7102870
7102877
7102891
7102894
7102906
7102911
7102922
7102929-7102930
7102933
7102935
7102943
7102973
7102992
7102996
7102998
7103006-7103007
7103028
7103033
7103041
7103044
7103056
7103075
7103082
7103097
7103099-7103100
7103104-7103105
7103108
7103112-7103113
7103115
7103119
7103123
7103130
7103141
7103153
7103155
7103161
7103165
7103171
7103175
7103177
7103185-7103186
7103195
7103198
7103202
7103204
7103207-7103209
7103215
7103219
7103221
7103224-7103226
7103235-7103236
7103246
7103250
7103262
7103270
7103272-7103274
7103278
7103282
7103286
7103289-7103290
7103295
7103302
7103311
7103313
7103315
7103318
7103329
7103345-7103346
7103351
7103354
7103357-7103358
7103363
7103369-7103372
7103374-7103376
7103388-7103393
7103398
7103414
7103416-7103418
7103422-7103423
7103425
7103428-7103429
7103433-7103439
7103445
7103447-7103449
7103451
7103455-7103462
7103464
7103468-7103470
7103475
7103479
7103483-7103484
7103488
7103491-7103492
7103494-7103496
7103514
7103529
7103540-7103542
7103560
7103563
7103588
7103595-7103596
7103604
7103606
7103608-7103609
7103611
7103613-7103614
7103617
7103619
7103621
7103630
7103635
7103639
7103656-7103657
7103661
7103664
7103667
7103669
7103673
7103678
7103680
7103691
7103705
7103712-7103713
7103716
7103720
7103722-7103723
7103730-7103731
7103737
7103744
7103756
7103760
7103764
7103768
7103770
7103777
7103785
7103788
7103794
7103796
7103799
7103803
7103806
7103810-7103811
7103814-7103815
7103819-7103820
7103822
7103824
7103831
7103833
7103846
7103849
7103854
7103862
7103872-7103873
7103882
7103895
7103914
7103917
7103958
7103962
7103966
7103971
7103995
7104000
7104005
7104007-7104008
7104013
7104016
7104023
7104027-7104028
7104037
7104041
7104048
7104051
7104056
7104062
7104068
7104071
7104076-7104078
7104081-7104083
7104086
7104088
7104094-7104095
7104099
7104101-7104102
7104104
7104107
7104109
7104113-7104114
7104121
7104127
7104130-7104131
7104133-7104134
7104138
7104140
7104157-7104158
7104160-7104161
7104163-7104164
7104171
7104193
7104195
7104200
7104203
7104206-7104207
7104219-7104220
7104223-7104225
7104228
7104230-7104233
7104236
7104239-7104242
7104253
7104256-7104257
7104269
7104271
7104281-7104284
7104287-7104288
7104290
7104293
7104296-7104299
7104301-7104304
7104307
7104310
7104330-7104331
7104334-7104335
7104340-7104341
7104343-7104344
7104351
7104353-7104354
7104356
7104359-7104360
7104363-7104367
7104371-7104372
7104375
7104381
7104384
7104389
7104400
7104403
7104409
7104429
7104436-7104438
7104440
7104444
7104446
7104448-7104449
7104463
7104479
7104481
7104497
7104499
7104510
7104533
7104538
7104542
7104559
7104574
7104577
7104580
7104585
7104590
7104592
7104597-7104599
7104604-7104605
7104609
7104613
7104618-7104619
7104621
7104627
7104645
7104647
7104661
7104672
7104685
7104704
7104707
7104724
7104732
7104738
7104750
7104752
7104767
7104775
7104850
7104859
7104878
7104881
7104888
7104892
7104901
7104908
7104916
7104923
7104925-7104927
7104931-7104932
7104943-7104944
7104953
7104965
7104970
7104976
7104981
7104992
7105003
7105013
7105034
7105036
7105043
7105048
7105085
7105088
7105114
7105119
7105136
7105159
7105174-7105175
7105187
7105190
7105194
7105200
7105215
7105217
7105225
7105243
7105254
7105264
7105272
7105274
7105282
7105291
7105297
7105311
7105313-7105314
7105317
7105324
7105328
7105354
7105365
7105368
7105390
7105409
7105415
7105426
7105428
7105433-7105434
7105436
7105444
7105485
7105488
7105492
7105498
7105504
7105541
7105545
7105547
7105551
7105553-7105555
7105563
7105566
7105572
7105574
7105578
7105581
7105583
7105587
7105593
7105598-7105601
7105603
7105614-7105615
7105624
7105626-7105627
7105630
7105636
7105641-7105642
7105645
7105650
7105663
7105666
7105673
7105676
7105678
7105686
7105703-7105705
7105707
7105710
7105714
7105716
7105730
7105733
7105737
7105742
7105744
7105749
7105758
7105761
7105767
7105769
7105784
7105794-7105795
7105797
7105800
7105809
7105816-7105817
7105822-7105823
7105828-7105830
7105840
7105844
7105846
7105848
7105855
7105859
7105862
7105866-7105870
7105872-7105873
7105875
7105879-7105885
7105891
7105898
7105903
7105907
7105909
7105912-7105913
7105915
7105917-7105918
7105924
7105929
7105934
7105941
7105945-7105947
7105949
7105952
7105956
7105960
7105965-7105966
7105972
7105979
7105988
7105994-7105995
7105999
7106003
7106012-7106014
7106020
7106024-7106025
7106049
7106051
7106054
7106058
7106071
7106075
7106080
7106084
7106096-7106098
7106103
7106112
7106119
7106127
7106131-7106133
7106135
7106141
7106148
7106152
7106157
7106161
7106163
7106168-7106169
7106172-7106173
7106177
7106184
7106195
7106202-7106206
7106209
7106216-7106217
7106219
7106228
7106237
7106242
7106250
7106265
7106273
7106278
7106293
7106297
7106299
7106306-7106307
7106309
7106312
7106338
7106340
7106344
7106352
7106357-7106358
7106362-7106363
7106365
7106370-7106371
7106389-7106390
7106406
7106410
7106416
7106423
7106426-7106427
7106429
7106474-7106475
7106479-7106480
7106497
7106502-7106503
7106505
7106507
7106510
7106517-7106520
7106526
7106533
7106538
7106552
7106554-7106556
7106569
7106578
7106581
7106598
7106608
7106610
7106612
7106619
7106626
7106644
7106657-7106658
7106665
7106671
7106673
7106677
7106679
7106687
7106690
7106692-7106693
7106702-7106704
7106710-7106711
7106713
7106720
7106723
7106733
7106741
7106744
7106752-7106754
7106760-7106761
7106763
7106770
7106773
7106781
7106788
7106813
7106816
7106821
7106825
7106868
7106888
7106896
7106915
7106925
7106965
7106967
7106970
7106973-7106975
7106989
7107028
7107032-7107033
7107040
7107043-7107044
7107059
7107070
7107072
7107085
7107122
7107140-7107141
7107147
7107149
7107157
7107188
7107202
7107211
7107214
7107216
7107225-7107226
7107242
7107244
7107249
7107287
7107311
7107337-7107338
7107340
7107343
7107349
7107354
7107358
7107363-7107365
7107384
7107400
7107410-7107411
7107422-7107423
7107426-7107427
7107429
7107433
7107435
7107448-7107449
7107451-7107452
7107462
7107464-7107465
7107469
7107485
7107487
7107497
7107501
7107504-7107505
7107519-7107520
7107534
7107539
7107541
7107547
7107553
7107563
7107566
7107569
7107581
7107583
7107594
7107597-7107598
7107602
7107607
7107612
7107632
7107635
7107637
7107642
7107666
7107717
7107755
7107764
7107781-7107782
7107791
7107797
7107800-7107801
7107804-7107805
7107809-7107815
7107818
7107820
7107822-7107823
7107826
7107832-7107834
7107903
7107916-7107917
7107921
7107931-7107932
7107939
7107941
7107956
7108001
7108039
7108120
7108133
7108176
7108204
7108207
7108209
7108218
7108220
7108237
7108244
7108246
7108252
7108284
7108293
7108321
7108324
7108375
7108449
7108453
7108480
7108483
7108503
7108511
7108516
7108524
7108529
7108538-7108540
7108546-7108547
7108550
7108553
7108559
7108561
7108564
7108569
7108573
7108584
7108590
7108612
7108616-7108618
7108623
7108626-7108627
7108638-7108641
7108655
7108659
7108667
7108677
7108681-7108682
7108685
7108698
7108711
7108727
7108731
7108733
7108749
7108755
7108758
7108775
7108779
7108782
7108786-7108787
7108791-7108792
7108794
7108801
7108811
7108813
7108816
7108819-7108820
7108823
7108847
7108872-7108875
7108882
7108887
7108891
7108893
7108895
7108915
7108918
7108920
7108924-7108925
7108928
7108930
7108933
7108943
7108952-7108953
7108957
7108959
7108963
7108970
7108973-7108974
7108990-7108991
7109002
7109021
7109024
7109035
7109045
7109051
7109059
7109076
7109086
7109089-7109090
7109092
7109099
7109114
7109118-7109119
7109121-7109122
7109138-7109139
7109141
7109144-7109145
7109148-7109149
7109154-7109162
7109165
7109167
7109169-7109170
7109172
7109174-7109175
7109183-7109184
7109187-7109188
7109190
7109211
7109213
7109219
7109222
7109239
7109259
7109262
7109268
7109273
7109275
7109278
7109281-7109288
7109290-7109291
7109293
7109297
7109305
7109318
7109320-7109321
7109326
7109329-7109348
7109352
7109357-7109359
7109362-7109366
7109370-7109371
7109374-7109381
7109404-7109407
7109409-7109423
7109449
7109453
7109457
7109459-7109460
7109463-7109464
7109469
7109472
7109478
7109488
7109491
7109495
7109508
7109512
7109522
7109530
7109543
7109550
7109553
7109582
7109586
7109591-7109592
7109595-7109596
7109603
7109616
7109621-7109622
7109630
7109634
7109649
7109651
7109653-7109654
7109656-7109657
7109663
7109666
7109669-7109672
7109674
7109676-7109677
7109681
7109684
7109686
7109689
7109703
7109706-7109711
7109721
7109728
7109730
7109737
7109740
7109747-7109749
7109751
7109755-7109762
7109764
7109770-7109771
7109775
7109780
7109783-7109789
7109791
7109795
7109805-7109810
7109812-7109813
7109817
7109819-7109821
7109827
7109833
7109837
7109840
7109854-7109859
7109861-7109864
7109871
7109873-7109876
7109883-7109884
7109887
7109899
7109902
7109904-7109905
7109912-7109914
7109922
7109927
7109956-7109957
7109961-7109962
7109965-7109966
7109974-7109975
7109978
7109982
7109999-7110000
7110003-7110004
7110012-7110013
7110016-7110018
7110021
7110023
7110025
7110030
7110032-7110034
7110039
7110061
7110064
7110074-7110076
7110081
7110083
7110085
7110111
7110114
7110121
7110136
7110141
7110146-7110149
7110152
7110159-7110162
7110164
7110166
7110173
7110176
7110182
7110184
7110187
7110192
7110198
7110204-7110205
7110208-7110209
7110211
7110215
7110218-7110219
7110223-7110225
7110242-7110246
7110251
7110255-7110258
7110261
7110266
7110285
7110288-7110289
7110291
7110299-7110300
7110305
7110312
7110316
7110327
7110345-7110347
7110352-7110354
7110357
7110359
7110375
7110378
7110388
7110418
7110427
7110438
7110441
7110445
7110450
7110455-7110456
7110468
7110487
7110490
7110493
7110495
7110499
7110508
7110510
7110513
7110541
7110544
7110552
7110556
7110570
7110577-7110578
7110583-7110584
7110587
7110592
7110596
7110598-7110600
7110604-7110605
7110607
7110612-7110618
7110620
7110627
7110634-7110635
7110662-7110663
7110673
7110676
7110680
7110689
7110691
7110702
7110705
7110712
7110714
7110716
7110720
7110729-7110730
7110743
7110752
7110756
7110759-7110762
7110764-7110769
7110773
7110781-7110782
7110797-7110798
7110800
7110811
7110814
7110816-7110817
7110821
7110830-7110831
7110838-7110840
7110844-7110845
7110850-7110852
7110859
7110864
7110866
7110868
7110882-7110883
7110887
7110893
7110898
7110906
7110908-7110909
7110915
7110919
7110921-7110922
7110933
7110939
7110947
7110957-7110958
7110964-7110965
7110969
7110973
7110975
7110985-7110989
7110991-7110992
7111001-7111006
7111008
7111010
7111012
7111014-7111021
7111024-7111025
7111027-7111028
7111037-7111038
7111042-7111052
7111060
7111066-7111068
7111072
7111080
7111084
7111087-7111092
7111094
7111097
7111099
7111106
7111108-7111110
7111113
7111115
7111133-7111134
7111137
7111147
7111154
7111156
7111160-7111161
7111166
7111172-7111173
7111177-7111178
7111207
7111226
7111252
7111256
7111273
7111277
7111283
7111287
7111289
7111318
7111376
7111382
7111402
7111423
7111425
7111427
7111443
7111465
7111473
7111480
7111516-7111517
7111520-7111521
7111525
7111527-7111528
7111530-7111531
7111552
7111558
7111561
7111563
7111565
7111567-7111569
7111588-7111589
7111591-7111593
7111757
7111759
7111769
7111803
7111827
7111852
7111871
7111879
7111882
7111884
7111887
7111890
7111892
7111894
7111899
7111904
7111913
7111916-7111917
7111921
7111946
7111949-7111950
7111962
7111968
7111977
7111980
7111989
7111991
7111993-7111997
7112002
7112005-7112006
7112009
7112011
7112018-7112020
7112023
7112030-7112031
7112035
7112046
7112058
7112074
7112080
7112084
7112088-7112089
7112111
7112113
7112115-7112116
7112119-7112121
7112124
7112127
7112133
7112141
7112144
7112159-7112162
7112164
7112168-7112170
7112172
7112174
7112176
7112183-7112185
7112188
7112193
7112197-7112199
7112201-7112205
7112209-7112214
7112216
7112218
7112224-7112228
7112230
7112234
7112237-7112238
7112250-7112251
7112259-7112260
7112262-7112264
7112270
7112274
7112286
7112288
7112290
7112292-7112294
7112299-7112300
7112310
7112318
7112322-7112323
7112325
7112333
7112336
7112338
7112360-7112361
7112367-7112368
7112374
7112376-7112378
7112386-7112387
7112389
7112394
7112396
7112399-7112401
7112404
7112411
7112415
7112418
7112424
7112426
7112429
7112431-7112432
7112447
7112450-7112451
7112454
7112458
7112460
7112471
7112475
7112478
7112482
7112485
7112489
7112491
7112493
7112495
7112498
7112500
7112531
7112533-7112535
7112543
7112545
7112548-7112549
7112562
7112577
7112580-7112581
7112583-7112584
7112586
7112588
7112594
7112597
7112601
7112608
7112616
7112618
7112625
7112629
7112631
7112638
7112642
7112647
7112649
7112654
7112667-7112668
7112674-7112675
7112685
7112688-7112690
7112697-7112698
7112701
7112704
7112711
7112714-7112716
7112720-7112722
7112729
7112736
7112738
7112742
7112744
7112752
7112757-7112758
7112765-7112767
7112770
7112773
7112775-7112776
7112778
7112781
7112784-7112785
7112790
7112798
7112810
7112816
7112818-7112819
7112821
7112824-7112825
7112827
7112830
7112832-7112834
7112837-7112838
7112840-7112841
7112847
7112851
7112855
7112857-7112858
7112861-7112863
7112870-7112873
7112875-7112879
7112882-7112886
7112891
7112896
7112898
7112902
7112906
7112909
7112911-7112912
7112916-7112919
7112921
7112929
7112934
7112940
7112949
7112951
7112954-7112955
7112957-7112958
7112960-7112961
7112966
7112971
7112975
7112977
7112989-7112990
7113004
7113007
7113010-7113013
7113015-7113019
7113025-7113027
7113036
7113056
7113062
7113067
7113073
7113082
7113087
7113093-7113094
7113098
7113100
7113103
7113117
7113134-7113135
7113140
7113149
7113154
7113187
7113194
7113213
7113215
7113217
7113223-7113224
7113226
7113229
7113257
7113260-7113261
7113271-7113272
7113274
7113285
7113333
7113347
7113388
7113393
7113395-7113397
7113404-7113405
7113407
7113410
7113413
7113417
7113420-7113424
7113431
7113436-7113437
7113444
7113446-7113448
7113456-7113465
7113467-7113469
7113472-7113477
7113481
7113483
7113485
7113487
7113490-7113492
7113495
7113503-7113504
7113507
7113509-7113510
7113513
7113517-7113520
7113522
7113525-7113526
7113528
7113535-7113538
7113543
7113547
7113561-7113565
7113567
7113569-7113571
7113574
7113585
7113589-7113591
7113593
7113597
7113599-7113600
7113602-7113603
7113608
7113613
7113618
7113622
7113628-7113629
7113632
7113635
7113637-7113638
7113640-7113642
7113644-7113645
7113651
7113654
7113660
7113669
7113675
7113684
7113692
7113698
7113700
7113706-7113707
7113714
7113719
7113732
7113737
7113739-7113740
7113749-7113750
7113758
7113760
7113865
7113869-7113870
7113890
7113893
7113895
7113899
7113904
7113906
7113928-7113930
7113933
7113935-7113938
7113940
7113942
7113946-7113965
7113968-7113970
7113975
7113981
7113992-7113993
7114007-7114008
7114012
7114023
7114052
7114054
7114061
7114073
7114076
7114080-7114081
7114108
7114111
7114135
7114139
7114149
7114151-7114154
7114164
7114166
7114168
7114170-7114171
7114173-7114182
7114199-7114202
7114204-7114210
7114213
7114215
7114217
7114219-7114220
7114222
7114224-7114240
7114243
7114249
7114254
7114258
7114261
7114275-7114276
7114279-7114281
7114286-7114287
7114290-7114295
7114297
7114389
7114403
7114428
7114430
7114433
7114437
7114440
7114442
7114445
7114537
7114548-7114549
7114552
7114556-7114557
7114559-7114560
7114562
7114564-7114567
7114574
7114576
7114578-7114579
7114581-7114582
7114585
7114588-7114590
7114592
7114594
7114596
7114598
7114603
7114605
7114608
7114611-7114612
7114615
7114620-7114622
7114625
7114627-7114631
7114635-7114636
7114645
7114647-7114649
7114652
7114654-7114655
7114659
7114661
7114665-7114668
7114670
7114676
7114679-7114682
7114685-7114696
7114699
7114701
7114704-7114705
7114714-7114715
7114718
7114720-7114724
7114726
7114739
7114752
7114775
7114779
7114785
7114833
7114858
7114894
7114948
7114962-7114963
7114969
7114974
7114977
7114983
7114990-7114991
7115004
7115011
7115013
7115021
7115027
7115034
7115036
7115044
7115057
7115061
7115064
7115076
7115080-7115081
7115084
7115102
7115116
7115129-7115130
7115139
7115166
7115169
7115171
7115178
7115197-7115198
7115204
7115212-7115214
7115221-7115222
7115227
7115232
7115237
7115242-7115245
7115250-7115251
7115264
7115273
7115275
7115277
7115287
7115290
7115292-7115293
7115297
7115302
7115306
7115308
7115312
7115324
7115361
7115369-7115370
7115373-7115374
7115381-7115382
7115384
7115387
7115389-7115390
7115398
7115408
7115413
7115415
7115419-7115420
7115423
7115428-7115429
7115433-7115434
7115436
7115438
7115444
7115446
7115448
7115450-7115451
7115457-7115463
7115465
7115468
7115478-7115483
7115486-7115490
7115500
7115514
7115533-7115535
7115537
7115618
7119119
7122013
7122389
7125511
7126007
7126451
7126633
7126733
7126876
7126879
7127225
7127353
7127428
7127937
7128053
7128071
7128159
7128221
7128223
7128251
7128526
7128575
7128789
7128973
7128990
7129024
7129043-7129044
7129052
7129055
7129061
7129064
7129068-7129069
7129086
7129089
7129105
7129117
7129120
7129135
7129145
7129153
7129155
7129157
7129168
7129170
7129182-7129184
7129186
7129192
7129194-7129195
7129197-7129206
7129211-7129214
7129219-7129220
7129227
7129229-7129230
7129234
7129238-7129239
7129243
7129248-7129249
7129252
7129257
7129263-7129264
7129272
7129285
7129293
7129297
7129303
7129306-7129308
7129314
7129316
7129320
7129327
7129330
7129336
7129341-7129342
7129345-7129346
7129352-7129355
7129358
7129360-7129362
7129364-7129365
7129375
7129377-7129378
7129381
7129385
7129387
7129391-7129392
7129396
7129408
7129413
7129415-7129416
7129428-7129429
7129465
7129615
7130044
7130104
7130119
7130124
7130164
7130213
7130402
7130406
7130491-7130492
7130503
7130508
7130512
7130517
7130519
7130525
7130527-7130528
7130531
7130538
7130546
7130551
7130564
7130577
7130581-7130582
7130585
7130592
7130603
7130611
7130618
7130626
7130647
7130652
7130656
7130658-7130659
7130662
7130665
7130667-7130668
7130674
7130677-7130678
7130680
7130682
7130689-7130690
7130695
7130714-7130715
7130717
7130726
7130729
7130746
7130752
7130759
7130761-7130762
7130765
7130772
7130777
7130790
7130798
7130801
7130822
7130845
7130852-7130853
7130859
7130864
7130866-7130868
7130880
7130889
7130894-7130895
7130897
7130915
7130921
7130923
7130932
7130941
7130944
7130949
7130954
7130957
7130964-7130965
7130983
7130986
7131002-7131005
7131008-7131009
7131011
7131014-7131015
7131020-7131022
7131024-7131025
7131030-7131034
7131036
7131039
7131043-7131045
7131054
7131057
7131059
7131062
7131065
7131068
7131088
7131094
7131108
7131112
7131117-7131119
7131121
7131124
7131129-7131130
7131133
7131138
7131158
7131334
7131559
7131573
7131581
7131632
7131689
7131749
7131810
7132025
7132288
7132294
7132378
7132410
7132417
7132426
7132466
7132470-7132471
7132475
7132477
7132480
7132483
7132488
7132490
7132493-7132494
7132498-7132500
7132502
7132506-7132507
7132529
7132535-7132537
7132545
7132564
7132568
7132574-7132575
7132579-7132580
7132582
7132591
7132596-7132597
7132603
7132607
7132615
7132625
7132631-7132632
7132634
7132637-7132639
7132652
7132656
7132659
7132661
7132664-7132666
7132668
7132671-7132672
7132677
7132682
7132688-7132689
7132693
7132695-7132697
7132701
7132708-7132709
7132712
7132717-7132718
7132720-7132721
7132730
7132744-7132747
7132751-7132752
7132758
7132761
7132767-7132768
7132770
7132775
7132778
7132787
7132789
7132793-7132794
7132800
7132811
7132823
7132825
7132829
7132832
7132838
7132871
7132883-7132884
7132901
7132905
7132909
7132912-7132917
7132926-7132927
7132932
7132940
7132942-7132944
7132950
7132953-7132954
7132957
7132961-7132962
7132964
7132972-7132974
7132988-7132995
7132998
7133005
7133015-7133017
7133019-7133020
7133023
7133025
7133033
7133046
7133049-7133050
7133334
7133426
7133882
7133983
7133991
7134338
7135278
7135506
7139078
7139080
7139185
7139982
7140565
7140890
7140941
7141084
7141364
7141388
7141566
7141618
7142227
7142461
7142470
7142576
7142589
7142709
7142791
7142823
7142832
7142870
7142880
7142882
7142896
7142929
7142970
7143011
7143059
7143191
7143194
7143237
7143248
7143251
7143257
7143264
7143267
7143275
7143277
7143294
7143299
7143301
7143304
7143306
7143312
7143316
7143326
7143334
7143340
7143344
7143348
7143356
7143366
7143370-7143371
7143373
7143379-7143382
7143385
7143388
7143392
7143394
7143397
7143404
7143407-7143409
7143416
7143419-7143422
7143425
7143427
7143433-7143434
7143436
7143438
7143440
7143442
7143463
7143465
7143473
7143476-7143477
7143482
7143484
7143486
7143488
7143492
7143502-7143504
7143513
7143518-7143521
7143531-7143533
7143535
7143538
7143548
7143553-7143556
7143580
7143582
7143586-7143587
7143591
7143594
7143601-7143602
7143604
7143612
7143617-7143618
7143622
7143627
7143630
7143633
7143643
7143660
7143662
7143670
7143679
7143689
7143697-7143698
7143707
7143713
7143730-7143731
7143740-7143741
7143744-7143747
7143758-7143761
7143763
7143765-7143766
7143769-7143773
7143779
7143787-7143788
7143790
7143794
7143800
7143802
7143804
7143829
7143832
7143835-7143836
7143838
7143841
7143843
7143845
7143850
7143867
7143871
7143885
7143898
7143916-7143918
7143990
7144015
7144034
7144309
7144856
7144864
7144978
7145007
7145120
7145400
7145443
7145458
7145476-7145477
7145486
7145518
7145523
7145526
7145528
7145533
7145535
7145543
7145555
7145557
7145560
7145562-7145563
7145574
7145582
7145600
7145606
7145616
7145625
7145628
7145641
7145645
7145647
7145654-7145657
7145659-7145660
7145674
7145678
7145681
7145683
7145685
7145703
7145709
7145712
7145719-7145720
7145729
7145733
7145739
7145750
7145770
7145776
7145780
7145784
7145787
7145789-7145790
7145793
7145797-7145798
7145801
7145806
7145808-7145809
7145815-7145816
7145821-7145822
7145825-7145826
7145829
7145831
7145833
7145845
7145847
7145871
7145885
7145892
7145897-7145898
7145902
7145904
7145915
7145919
7145922
7145926-7145927
7145930
7145935
7145938
7145953
7145962-7145964
7145966
7145973
7145979
7145985
7146001
7146003-7146005
7146010
7146015
7146022
7146024-7146030
7146032-7146033
7146035-7146036
7146042
7146045
7146063
7146070
7146073
7146077
7146086-7146087
7146091-7146092
7146108
7146111
7146124
7146127
7146130
7146132-7146133
7146137
7146145-7146146
7146165-7146166
7146170
7146172
7146188
7146197
7146199
7146214
7146218
7146220-7146221
7146223
7146227
7146234
7146242
7146245
7146250
7146257-7146258
7146262
7146266-7146267
7146284
7146329
7146807
7146925
7147328
7147330
7147333
7147362
7147367
7147372-7147373
7147376-7147377
7147388
7147406
7147408
7147415-7147416
7147423
7147429-7147430
7147443
7147464
7147468
7147476
7147478
7147485-7147486
7147488-7147489
7147495-7147496
7147501-7147503
7147505
7147574
7147589
7147616
7147623
7147667
7147750
7147767
7147803
7151796
7158851
7159995
7160007
7160011
7160036
7160059
7160065
7160095
7160116
7160118
7160123
7160126
7160133
7160149
7160151
7160166
7160171
7160182-7160194
7160196-7160202
7160211
7160213-7160216
7160221
7160227
7160230
7160237
7160239
7160241
7160244
7160247-7160250
7160252
7160262-7160264
7160271
7160277
7160280
7160285
7160287
7160289
7160303-7160304
7160308
7160319
7160321
7160336
7160341
7160343
7160352
7160354-7160355
7160357
7160361
7160370-7160371
7160373
7160383
7160386-7160387
7160396-7160397
7160402-7160407
7160411-7160413
7160415-7160419
7160427
7160460
7160664
7160695
7160909-7160910
7160936
7160944
7160965
7160968-7160969
7160979
7160986
7161014
7161018
7161026
7161031
7161045-7161047
7161050-7161053
7161056
7161061
7161072
7161077
7161079
7161081-7161082
7161095
7161108
7161115
7161125
7161134
7161145
7161147
7161150
7161154
7161158
7161163
7161165
7161168
7161177
7161182
7161184
7161188-7161191
7161195
7161202
7161222
7161224
7161228
7161231
7161243
7161251
7161265
7161272
7161275
7161277
7161284
7161289
7161295-7161298
7161301-7161303
7161306-7161308
7161310-7161311
7161321
7161340-7161341
7161343
7161352-7161353
7161360-7161365
7161368
7161380
7161473
7161479
7161482
7161485-7161487
7161491-7161492
7161494
7161503
7161505-7161508
7161548
7161567
7161584-7161585
7161595
7161621
7161625
7161629
7161638
7161640-7161641
7161648
7161675
7161677
7161705
7161713
7161720-7161721
7161738
7161750
7161759
7161777-7161778
7161826
7161895
7161901
7161946
7161951
7161997
7162004-7162005
7162026
7162037-7162038
7162041
7162043
7162047
7162065
7162071
7162079
7162085-7162088
7162104-7162106
7162109-7162110
7162113-7162114
7162121
7162123
7162129-7162130
7162132-7162133
7162137-7162139
7162141
7162145-7162146
7162148
7162150
7162156
7162158-7162159
7162166
7162169-7162170
7162181
7162183
7162187
7162189
7162192
7162194
7162198
7162203
7162205
7162209
7162212
7162222
7162226
7162228
7162231
7162237
7162239
7162242
7162245
7162250
7162256
7162258
7162261-7162263
7162265-7162267
7162270
7162275
7162279-7162280
7162285
7162289
7162294
7162296-7162297
7162307
7162315
7162317
7162322
7162328
7162336
7162338
7162350
7162352
7162359
7162361
7162364
7162369
7162371-7162372
7162375-7162376
7162378-7162379
7162384
7162386
7162391
7162396
7162404-7162405
7162409
7162414
7162417-7162418
7162424
7162427-7162428
7162431
7162441
7162443-7162444
7162446-7162447
7162450
7162452
7162454
7162456
7162458
7162461-7162462
7162465-7162470
7162474
7162476-7162477
7162481
7162486
7162489
7162502
7162507
7162517-7162518
7162547
7162550
7162560
7162563
7162565-7162566
7162583
7162589
7162596
7162604-7162605
7162610
7162632-7162633
7162641
7162647-7162648
7162650
7162652
7162657
7162659-7162660
7162663-7162664
7162666
7162668
7162676
7162687
7162690-7162694
7162698
7162701-7162703
7162707
7162712
7162729
7162731
7162741
7162745
7162754
7162760
7162764
7162767
7162769-7162770
7162773
7162777
7162780
7162784
7162788-7162789
7162807
7162811
7162813
7162820
7162823-7162826
7162831
7162835
7162845
7162849
7162853
7162861
7162863-7162864
7162871-7162873
7162881
7162889-7162890
7162896
7162900
7162904-7162905
7162907
7162909-7162911
7162916
7162919
7162924-7162928
7162931
7162933-7162939
7162943
7162953
7162955-7162956
7162959-7162960
7162964-7162968
7162972
7162979
7162986-7162989
7162995
7162998
7163003
7163009
7163012
7163014-7163015
7163022
7163027-7163028
7163033
7163039
7163041
7163044
7163050-7163051
7163053-7163054
7163058-7163059
7163062-7163063
7163065-7163066
7163075
7163081-7163082
7163086
7163090-7163091
7163097-7163098
7163100
7163105
7163109-7163110
7163113-7163115
7163117
7163121
7163135-7163138
7163141
7163143
7163145
7163147-7163150
7163152
7163155-7163156
7163164-7163166
7163169-7163171
7163174-7163177
7163179
7163183-7163184
7163188
7163191-7163193
7163196-7163198
7163203
7163206
7163211
7163213
7163221
7163226
7163229-7163232
7163234
7163236-7163240
7163242
7163244
7163250-7163251
7163254
7163256-7163257
7163260-7163261
7163263-7163264
7163269
7163271
7163279
7163281
7163283-7163284
7163287-7163290
7163302
7163304
7163308-7163311
7163315
7163318
7163320-7163324
7163327
7163331
7163333
7163336-7163337
7163340
7163342
7163346-7163348
7163351
7163354
7163360
7163368-7163369
7163372
7163374-7163375
7163377-7163383
7163388-7163393
7163396-7163397
7163402-7163403
7163405
7163408
7163411
7163413-7163414
7163418
7163423-7163426
7163431-7163432
7163436-7163437
7163439-7163440
7163444-7163445
7163447-7163449
7163452-7163454
7163456-7163457
7163459
7163472
7163475
7163484
7163491
7163493
7163498-7163499
7163501
7163504
7163506-7163509
7163511
7163515-7163517
7163520-7163522
7163526
7163528
7163532
7163551
7163557-7163559
7163561
7163565
7163568-7163575
7163577-7163578
7163580
7163593
7163597
7163602
7163606
7163609
7163612-7163613
7163615-7163617
7163619
7163621
7163624-7163625
7163635
7163637
7163640
7163642
7163647
7163649
7163658
7163660
7163662
7163664
7163671
7163675-7163676
7163679
7163684
7163688
7163692-7163693
7163696-7163697
7163701-7163703
7163705-7163706
7163709
7163714-7163715
7163717-7163719
7163722
7163725-7163731
7163740-7163741
7163743-7163751
7163753-7163754
7163757-7163758
7163761
7163764
7163766-7163768
7163771
7163773
7163776-7163777
7163779
7163781
7163783
7163785
7163789-7163793
7163796-7163798
7163800-7163806
7163809-7163810
7163817-7163818
7163820
7163825-7163828
7163833
7163836
7163838
7163842-7163843
7163846-7163847
7163851
7163857-7163860
7163863-7163870
7163874
7163878
7163881
7163883
7163886
7163889
7163899
7163903
7163905
7163907
7163909-7163910
7163912
7163916
7163927
7163929
7163934-7163943
7163946
7163949
7163957
7163959
7163962-7163966
7163968-7163970
7163972-7163973
7163976
7164024
7164037
7164052
7164063
7164112
7164117
7164185
7164252
7164256-7164258
7164261
7164263
7164265
7164324-7164325
7164327
7164329
7164335-7164336
7164343
7164347
7164358
7164367
7164378
7164384
7164386
7164391
7164398
7164409
7164415
7164420
7164428
7164438
7164441-7164442
7164444-7164445
7164447
7164449-7164451
7164454
7164459
7164463-7164466
7164468
7164476
7164483
7164485
7164490
7164496-7164497
7164500
7164510
7164514-7164515
7164523
7164525
7164531-7164533
7164540
7164542
7164544-7164547
7164549
7164551
7164561
7164573
7164575-7164576
7164578
7164587
7164594
7164603
7164619
7164630-7164631
7164636
7164640
7164644
7164648
7164652
7164655
7164658
7164685
7164691
7164702
7164704-7164705
7164708
7164710
7164712-7164715
7164723-7164724
7164734
7164736
7164739
7164747
7164749
7164754
7164757-7164758
7164761-7164762
7164764
7164767-7164768
7164774
7164785-7164794
7164805
7164808
7164813
7164822-7164823
7164829
7164835-7164836
7164839
7164841
7164850-7164851
7164853-7164854
7164862
7164866
7164873-7164874
7164876-7164877
7164885-7164886
7164889-7164890
7164902
7164906
7164908-7164909
7164918
7164926
7164932-7164934
7164936
7164943
7164945-7164946
7164952-7164953
7164969-7164970
7164972
7164995
7164998
7165003
7165006
7165011
7165013
7165017-7165018
7165021
7165030
7165033-7165034
7165046
7165052-7165053
7165056
7165063-7165065
7165081
7165087
7165091-7165092
7165097-7165098
7165101
7165103
7165105-7165108
7165110
7165113
7165115
7165119
7165127-7165128
7165130-7165131
7165133
7165141
7165144
7165146-7165148
7165155
7165159
7165162
7165169-7165171
7165178
7165183
7165196
7165203-7165204
7165208
7165213
7165223-7165224
7165226-7165233
7165238-7165239
7165258
7165261
7165263-7165264
7165267-7165268
7165274
7165276-7165277
7165280
7165288-7165289
7165291
7165293-7165295
7165298
7165300
7165305
7165316
7165321
7165324-7165326
7165328
7165332
7165334-7165335
7165337
7165339
7165344-7165345
7165347-7165350
7165352-7165353
7165358
7165360-7165361
7165364-7165371
7165373
7165375
7165379
7165381
7165383-7165385
7165388-7165389
7165391-7165392
7165395-7165397
7165399-7165400
7165406
7165417
7165419
7165425-7165426
7165430-7165436
7165448-7165451
7165923
7166014
7166022
7166130
7166228
7166248
7166361
7166383
7166393-7166394
7166397
7166400-7166401
7166403
7166405
7166430-7166431
7166433
7166439-7166441
7166447-7166449
7166452
7166455-7166457
7166461
7166469
7166476
7166480
7166482
7166484
7166486-7166487
7166489
7166492
7166494-7166496
7166499-7166501
7166505-7166507
7166511-7166515
7166517
7166525
7166532
7166538
7166541
7166548
7166551
7166556
7166558
7166566
7166568-7166570
7166573-7166575
7166577
7166579
7166581
7166589-7166590
7166599
7166601-7166602
7166604-7166605
7166609
7166611
7166614-7166616
7166627
7166629
7166631
7166642
7166647-7166648
7166654
7166658
7166674
7166679
7166687
7166690-7166691
7166693
7166696
7166704-7166705
7166713
7166717
7166720-7166721
7166734
7166739-7166740
7166743
7166745
7166749
7166753
7166758
7166761
7166765-7166766
7166769
7166772
7166777-7166778
7166782
7166787
7166790
7166793
7166796-7166797
7166802-7166805
7166807
7166810-7166811
7166815-7166821
7166823
7166847
7166864
7166885
7166887
7166900
7166910
7166918
7166920
7166925
7166930
7166933-7166934
7166938
7166944
7166947
7166955
7166958-7166963
7166977
7166985
7166988
7166994
7166999
7167006
7167011
7167028-7167029
7167042-7167043
7167095
7167107-7167108
7167111
7167116
7167119
7167125
7167131
7167136
7167141
7167148
7167150
7167152
7167159
7167163
7167171
7167178
7167181
7167183-7167184
7167191-7167192
7167195-7167196
7167203
7167214
7167224
7167226-7167227
7167230-7167231
7167233-7167234
7167247
7167250-7167251
7167256-7167258
7167264
7167271-7167272
7167274
7167281
7167283
7167295
7167302-7167303
7167306
7167316
7167321
7167335-7167336
7167340
7167347-7167348
7167356
7167363
7167375
7167377
7167386
7167390
7167424
7167438-7167439
7167446
7167454
7167459
7167467-7167469
7167473
7167481
7167486
7167495
7167512-7167513
7167518
7167522
7167556
7167558-7167560
7167563-7167564
7167566
7167570
7167572-7167579
7167591
7167603
7167606
7167619
7167630
7167633
7167635
7167637
7167645
7167651
7167655
7167661
7167673
7167678-7167679
7167683
7167685
7167688
7167697
7167703-7167704
7167707
7167727
7167746
7167748
7167756
7167758
7167761-7167762
7167764-7167767
7167770-7167771
7167777-7167778
7167780-7167783
7167787
7167789
7167794
7167797
7167801
7167803
7167805-7167806
7167811
7167822
7167824-7167825
7167827-7167828
7167830
7167832
7167834
7167836
7167840-7167841
7167847-7167848
7167853
7167856
7167867-7167868
7167870-7167871
7167873
7167879
7167892
7167894
7167899-7167901
7167903
7167905
7167913-7167915
7167917
7167922
7167930
7167937-7167938
7167947
7167949
7167955-7167959
7167962
7167964
7167969
7167973-7167974
7167976-7167977
7167979
7167981-7167984
7167987-7167988
7167993
7167999
7168007-7168010
7168015
7168017-7168018
7168027-7168030
7168033-7168034
7168042-7168043
7168047-7168048
7168051
7168054
7168056
7168060
7168063-7168064
7168067
7168069
7168071
7168079-7168081
7168083-7168084
7168103
7168106
7168108
7168110
7168117
7168119
7168121-7168122
7168124-7168128
7168130-7168131
7168133-7168138
7168146-7168147
7168150-7168151
7168157-7168158
7168163-7168165
7168171
7168179
7168181
7168186-7168187
7168191
7168196
7168204-7168205
7168207-7168216
7168219
7168229-7168230
7168235-7168236
7168238
7168241-7168242
7168256
7168259
7168261-7168262
7168268-7168271
7168280
7168282-7168283
7168285-7168286
7168289-7168290
7168292
7168295-7168297
7168299-7168302
7168306-7168307
7168311
7168316-7168339
7168345
7168349
7168353-7168354
7168357
7168366
7168369
7168378
7168386
7168399
7168419
7168425
7168429
7168433
7168435
7168458
7168472
7168498
7168519
7168523
7168539
7168568
7168575
7168580-7168581
7168612
7168620
7168623
7168625-7168626
7168630
7168632
7168634
7168636
7168657
7168662-7168663
7168666
7168682
7168693
7168705
7168708-7168709
7168711
7168722-7168723
7168728
7168732
7168735-7168738
7168740
7168743
7168748
7168753
7168757-7168758
7168767
7168770-7168771
7168774
7168777
7168780-7168781
7168794
7168797
7168799-7168800
7168806-7168807
7168811
7168813-7168814
7168817-7168818
7168820-7168823
7168826-7168831
7168833-7168836
7168839
7168845
7168863
7168887-7168888
7168895
7168902
7168908
7168915
7168931
7168954
7168972
7168977
7168991
7169000
7169002
7169005-7169007
7169009-7169010
7169015-7169017
7169031
7169035
7169038
7169042-7169043
7169047
7169049
7169054-7169056
7169058
7169064
7169081
7169086
7169098
7169101
7169105
7169116-7169121
7169131-7169132
7169136
7169150
7169171
7169174
7169176
7169180
7169182
7169189
7169194
7169196
7169199
7169205
7169229-7169230
7169237
7169242
7169244
7169255
7169258
7169261
7169270-7169271
7169282
7169298
7169302-7169303
7169305-7169306
7169315
7169318
7169320
7169324
7169328
7169330
7169332-7169333
7169338
7169344-7169345
7169347-7169348
7169353
7169356-7169362
7169375
7169393-7169394
7169398
7169403-7169404
7169407-7169408
7169411-7169412
7169422
7169424-7169428
7169436
7169450
7169453
7169456-7169457
7169461-7169462
7169465
7169468
7169470
7169473
7169479
7169493
7169495-7169496
7169500
7169523
7169528
7169533
7169537
7169541
7169549
7169560
7169572
7169575
7169580-7169581
7169584
7169592-7169593
7169596-7169597
7169599-7169600
7169603-7169615
7169617-7169620
7169632-7169634
7169637-7169641
7169644-7169655
7169660-7169661
7169668
7169677
7169681
7169683
7169689
7169692-7169693
7169697
7169699-7169700
7169703-7169704
7169707
7169714-7169715
7169717-7169718
7169721
7169724-7169726
7169728-7169729
7169736
7169738
7169743
7169745
7169747-7169749
7169751-7169756
7169758-7169759
7169762
7169779-7169783
7169787
7169790
7169793
7169795-7169798
7169802-7169815
7169819
7169825-7169827
7169829-7169830
7169834
7169838-7169840
7169842
7169851-7169852
7169858
7169863-7169864
7169867
7169876
7169883
7169890
7169895-7169897
7169899-7169900
7169902
7169909-7169910
7169918
7169920-7169930
7169932
7169934-7169940
7169942
7169947-7169950
7169953
7169956
7169958
7169960-7169962
7169964-7169966
7169969-7169974
7169979-7169982
7169984-7169985
7169988-7169993
7169995
7169998-7170000
7170003-7170009
7170012
7170014-7170016
7170019
7170022-7170024
7170030
7170033-7170036
7170039-7170040
7170046
7170054
7170056
7170059
7170067
7170069
7170076-7170077
7170082
7170084-7170086
7170088-7170090
7170092
7170095
7170100-7170102
7170104-7170105
7170109-7170110
7170119-7170121
7170135
7170137-7170138
7170140
7170143-7170144
7170146-7170150
7170153-7170157
7170159-7170163
7170166-7170167
7170171-7170174
7170176
7170190
7170201
7170239
7170250
7170289
7170295
7170307-7170308
7170312
7170327
7170330
7170342-7170347
7170357
7170396
7170398
7170405
7170407
7170430
7170433
7170439-7170445
7170447
7170530-7170531
7170536
7171441
7181767
7189336
7190393
7195848
7195962
7196474
7202594
7206499
7215317
7220888
7221049
7221080
7222176
7223101
7228224
7230855
7230986
7234899
7234904
7237509
7239741
7242006
7242099
7248077
7249354
7252671
7254544
7255287
7258538
7259923
7262781
7268033
7269068
7273617
7285566
7300660
7302818
7304148
7317629
7325129
7337008
7339273
7341472
7341855
7343422
7343661
7344603
7345036
7348526
7348842
7349910
7350392
7351288
7351294
7351552
7353138
7356843
7364000
7365819
7370958
7372323
7372481
7372864
7373315
7380994
7381055
7383094
7387521
7403068
7408241
7411892
7413468
7414943
7425757
7427712
7431026
7436578
7436810
7437557
7445282
7446706
7452836
7456888
7457777
7466534
7468026
7471521
7474386
7475163
7475606
7478346
7483799
7490402
7491825
7491994
7494262
7494304
7494391
7497462
7505092
7507309
7513365
7517043
7529615
7540137
7556618
7564083
7567242
7575502
7593491
7594068-7594070
7594092
7594095
7594413
7594415-7594417
7594486-7594489
7594872
7595071
7595405
7596038-7596039
7596041
7596116
7596477
7596775
7596778
7596780
7596783
7597630
7597635
7597638
7597960
7597962
7597964
7598067
7598258
7599304-7599305
7599348
7599350-7599352
7599783
7600850
7601293
7601792
7602053
7602583
7602742
7603025
7603779-7603781
7603845
7603848
7604672
7605054
7605077
7606126
7606131
7606812
7606922
7607303
7607618-7607620
7607847
7608449
7608993
7609031
7609269
7609335
7609532
7609668
7609679
7609683
7609686
7609936
7609979-7609980
7609983
7609989
7609996
7610003
7610107-7610112
7610114
7610757
7610838
7610840
7610842
7611151-7611152
7611814
7611864
7611901
7612344
7613450
7613717
7613724
7613726
7614092
7614379
7614414
7614657
7615042
7615047
7615256
7615259-7615261
7615756
7617168
7617179
7617300
7617923
7618871
7619424
7619481
7619855
7620019
7620600
7620697-7620698
7620709
7621172
7621807
7622499
7622502-7622503
7622505
7622956
7622973
7623142
7623150
7624006
7624009-7624010
7624217
7624402
7625304
7626407
7626411
7626578
7626726
7627439-7627440
7627449-7627450
7627452
7628104
7628933
7629051-7629054
7629262
7629264
7629437
7629652
7629833
7630123
7630569
7630704
7631788
7631954-7631957
7631973
7631983
7633060
7633493
7634256
7634680
7634682
7635166
7635787
7635931
7636038
7636226-7636227
7636271
7636638
7636831
7636923
7637126
7637352
7637977
7638488
7640490
7641082
7641211
7641842
7641952
7642075
7642767
7643504
7644053
7644194
7644498
7644784-7644785
7644827
7644829
7644883
7644919
7644923-7644924
7645001
7645004
7645012
7645965
7645978
7646247
7646257
7646457
7646694
7646702
7646775
7646777
7646784
7646793
7646807-7646808
7646814-7646815
7646818-7646819
7646823
7646845
7647544-7647545
7647564
7647568
7647575-7647576
7647585
7647612
7647614
7647631-7647632
7647635
7647845-7647846
7647957
7648260
7648480
7648504
7648826
7648829
7648831
7648930-7648931
7648933
7648967
7649055
7649063
7649071
7649073-7649074
7649076-7649077
7649090
7649103-7649106
7649185
7649234
7649245
7649254
7649266
7649301
7649308
7649325-7649327
7649682-7649684
7649696
7650108
7650240
7650290
7650293
7650359
7650381
7650407
7652451
7652546-7652547
7653036
7654078-7654079
7654791
7655787-7655788
7656250
7656496
7657337
7657580
7657675
7657843
7658250
7658517
7658739
7659020
7659165
7659181
7660065
7660119
7660295
7660297
7660300
7660454
7660910
7661607
7661637-7661638
7664501
7665138
7665184
7665540
7665894
7666208
7666678
7666905
7666908
7666910
7666912
7667009
7667292-7667293
7668806
7669328
7670359
7670574
7670766
7670934
7670989-7670992
7670994
7671009
7671148
7671730
7671732
7671737
7671830
7672084
7672763
7673469-7673470
7674763
7674996
7675353
7675486
7675492
7676266
7676391
7676626
7676793
7676819
7676823
7677100
7677620
7677648
7677691
7677693
7678497
7678875
7678963
7678976
7679131
7679373
7679388-7679390
7679393
7679399
7679411
7679413
7679437
7679440-7679441
7679445-7679446
7679502
7679583
7679814
7680086
7680101-7680102
7680124
7680134
7680181
7680192
7680202
7680303
7680544
7680580-7680582
7680645
7680722
7680918
7681175
7681255
7681364
7681590
7681707
7681919
7681929
7681954
7681966
7682079
7682104
7682327-7682328
7682665
7682764
7682797
7682857
7682890
7682925
7684210
7685353
7685653-7685654
7685721
7686334-7686336
7686740
7686743
7687758
7687871
7687998
7688436
7688438
7690069
7690071-7690073
7690152
7690590
7691273-7691274
7691276
7691278-7691280
7691862
7692119-7692122
7692125
7692368
7692822
7693247
7693478
7693647
7694603
7694784
7694946
7695769-7695771
7696178
7696260
7696754
7697168
7697188
7697787
7697889
7697891
7698181
7698489
7698491
7698493
7699209
7699911
7700024
7700831
7702192-7702193
7702275
7703096
7703377
7704108
7704246
7704471
7705075
7705410
7705414
7706842
7706923
7706926
7706932-7706933
7707029-7707031
7707543
7707717
7707728
7707867
7708191
7709669
7709913
7709919
7709952
7710275
7710840
7711142
7712316
7712386
7712542-7712543
7712951
7713628
7714582
7714621
7714911
7714922-7714923
7715060
7715500
7716734-7716735
7716856-7716858
7716957
7717638
7717937
7718002-7718003
7718281
7718341
7719412
7719869
7719961
7720186
7720661
7720910
7721304
7724930
7725221-7725223
7725946
7726071
7726600
7726654
7726667
7726813
7727089-7727090
7727302
7727527
7727899
7727901
7728923
7729403
7729475
7729794-7729795
7729821
7729849
7730660
7730662
7730743
7731217
7731234
7731391-7731393
7731812
7731940
7731951
7732189
7732241
7732548-7732549
7732551
7733221
7733549
7734329
7735700
7735880
7736359-7736360
7736839
7737549
7738134
7738282
7738446
7739299
7739934
7740373
7740881
7741747
7742302
7742623
7742933-7742934
7743648
7743672
7743680
7744042
7744072
7744075-7744076
7744265
7744497-7744498
7744524
7745038
7745077-7745080
7745082-7745083
7745085-7745087
7745128-7745129
7745204
7745370-7745371
7745791
7745843
7745861
7746243-7746244
7746740-7746741
7747904
7748494
7749001-7749004
7749379
7749381
7749395
7749424
7750332
7750384
7750561
7750944
7751210
7751431
7751770-7751771
7751828
7752043
7752709
7753363
7753777
7754610
7754987
7755319
7756724
7757860
7758112
7758145-7758146
7758165
7758916
7759018
7759124
7759373
7759537
7759704
7760102-7760103
7760241
7760244
7760945
7761086
7761090
7761540
7761823
7762249
7762273-7762274
7763209
7763244
7763327
7763671
7764182
7764461
7764847
7764972
7765340
7765904-7765905
7766135
7766223
7766440
7766689
7767222
7767480-7767481
7767791
7768440-7768441
7768770
7769056
7769320
7769323
7769431
7769648
7770333
7770516
7770749
7771132
7771245-7771246
7771513
7771595
7771845
7771886
7771891
7772201
7772837
7772994
7773000
7776068
7776184
7776371
7776449
7776661
7776856
7776919
7779133
7779563
7779702
7779813-7779815
7779817-7779819
7779989
7781064
7782097
7782099
7782994-7782995
7783305
7783437
7783503-7783504
7783947
7783949
7784133
7784233
7784317
7784510
7784865
7784867
7784870
7785056
7785630
7786277
7787470
7787513
7787515
7787717-7787718
7788086
7788310
7788512-7788513
7788568
7788653
7789319
7789928
7790003
7790498
7790924
7791839
7791841
7791991-7791992
7792350
7793057
7793338
7793808
7794077-7794078
7794088
7794433-7794434
7794571
7794573
7794678
7795356-7795357
7795979
7796351
7796714
7796859-7796860
7796918
7797347
7797408
7797777
7798643
7798871
7800736
7800945
7800993-7800994
7801056
7801161-7801162
7801695
7801721
7801732
7802164
7802845
7803500
7803740
7804025-7804026
7804475
7804619
7805075
7805514
7805528
7805641
7805945
7806578
7807662
7807664-7807665
7807774
7808764
7808827
7808960
7809471-7809472
7809479-7809481
7809567
7809666
7809715
7811254-7811255
7812746-7812747
7812939
7813029
7814322
7814679
7814775
7815439
7815874-7815875
7816587
7816699
7816763
7816898
7816991
7817534
7817798
7817946
7818720
7818752
7819069
7819423
7819444
7819958
7821557
7821806
7821842-7821843
7822001
7822004
7822325
7822626
7823103
7823141
7824121
7824532
7824770
7825571-7825573
7825774
7827062
7827422
7828125-7828126
7828128-7828130
7828489
7828803
7829459
7829722
7829770
7829816
7830129
7830131
7832241-7832242
7832694
7832724
7832975
7833520
7833765
7834757
7835642-7835643
7835692
7835782
7836160
7836191
7836195
7837290
7837937
7838001
7838114
7838242
7838421
7838490
7838681
7838768
7839244
7839742
7839770
7840177
7841109
7841262
7842004
7842523-7842524
7842568
7842868
7844272
7844791
7845140
7845172
7845532
7846206
7846209
7846388
7846413
7846447
7846449-7846450
7846766
7846854
7847235
7847421
7847460
7848249
7848449
7848964
7849913
7850155
7851403
7852184
7852501
7852610
7853142
7854583
7855502
7856039
7856042
7856046
7856048
7856253
7856433
7856466
7856498
7857045
7857102
7857338
7857390
7857392
7858892
7858911
7859386
7860165
7860245
7860514
7861024
7862290
7862955
7863650
7863659
7864472
7864527
7864981
7865722
7865724
7865864
7866889
7867503
7867825
7868749
7868753
7869370
7869651
7870452
7870462
7870548
7872031
7872070
7872072
7872307
7872621
7873122
7873177
7873205
7873208
7874184
7874696-7874698
7874700
7874865
7874898
7874960
7876398
7877207-7877208
7877357
7877644-7877645
7877703
7877980
7879262
7879755-7879756
7880827
7880829
7881255
7881871
7881971-7881973
7882674
7883719
7883911-7883912
7884827
7884845
7885211-7885212
7885536
7885558
7885561
7885794
7885847
7886414
7887352
7887782-7887783
7887882-7887883
7889744
7890561
7890565
7890587
7891332
7893116
7894182
7894269
7894366
7894368-7894370
7894458
7894616
7895067
7895097-7895098
7896136
7896557
7896781
7897700
7899069
7899282
7899476
7899557-7899558
7899903-7899904
7900233
7900802
7901119
7901407
7902692
7902724
7902727
7902729
7903658
7905090
7905385-7905386
7906530
7907050
7909323
7909450
7909453
7909470
7909959-7909960
7909998
7910092
7910152
7910257
7910453
7910719-7910720
7912863
7913312
7914176
7914583-7914584
7915554
7916565
7917090
7917183
7917222-7917223
7918682-7918683
7918869-7918870
7919387
7919681
7920009-7920010
7920329
7921795
7922772
7922788-7922789
7922902
7923358
7923733
7923972
7923974
7923977
7924141
7924413
7924713-7924714
7925089
7925155
7925401-7925402
7926097
7926106-7926107
7926250
7927029
7927162
7927471
7927721
7927937
7928322
7928393-7928394
7928463
7928540
7928799
7929404
7930138
7931198-7931199
7931489
7932452
7932615
7932773
7933003
7933749
7934026
7934081
7934083
7935456
7935502
7935765
7936099-7936100
7936575
7936723
7937555
7938296
7938601
7939692-7939695
7940187
7940325
7940333
7940447
7940541
7940618
7940946
7941155-7941158
7941166
7942066
7942521-7942522
7942558
7942689
7943176
7943178-7943179
7943612
7943670-7943671
7943684
7944064
7944615-7944616
7945560
7945666
7945958-7945959
7946028-7946029
7946296
7946495
7946597
7947271
7947412
7947530
7947561
7949735
7950627-7950628
7951055
7951132
7951554
7951689
7953421
7954020
7954066
7954183
7955345
7956087
7956229-7956230
7956234-7956236
7956396
7956555-7956556
7956881
7957124
7957577-7957578
7957594
7957911
7958662
7959347
7960440
7960962
7961123
7961125
7961269
7961504
7962566
7962569
7963517
7963569-7963570
7965982
7967378-7967379
7967953
7968799-7968800
7969117
7969860
7970023
7970025-7970026
7971363-7971364
7971424
7971426
7972360
7972487
7972994
7973093
7973482
7974031
7974671
7975852
7976007
7976138
7976441
7976622
7977189
7979118
7979661
7979697
7980090-7980091
7980705-7980706
7981077
7981079
7981263
7981265
7981436
7983312
7983879
7984089
7984463-7984464
7984530
7985506
7985556
7986363
7986621
7986623-7986625
7987212
7988767
7989055
7989677
7989707-7989708
7990083
7990129
7990499
7992022
7992044
7992373
7992947-7992949
7993474
7993563
7995981
7996370
7999759
7999898
8000195
8000673
8000675-8000676
8000678-8000682
8000762-8000763
8001032
8001128
8001334
8001346
8001604
8001705
8001791
8002263
8002309
8002321
8002596
8003278
8003818
8004622
8005206
8006290
8006758-8006759
8007246
8007416
8007516
8008255
8009526
8009556
8009749-8009750
8010155
8010158
8010363
8010602
8010729
8010785
8011423
8012057
8012211
8013511
8013819
8014118
8014598
8014703
8015297
8015302-8015304
8015646
8015785
8015788
8016161-8016162
8016652
8016891
8018259
8018836
8018930
8019476
8019683
8019689
8020115
8020957
8021944-8021948
8022125
8022980
8023269
8023302
8024481
8024549
8024818
8025033
8025825
8026420
8026890
8028115-8028116
8028262
8028465-8028466
8028689
8030136
8030227-8030229
8030409
8030568
8031123
8031659
8032016
8032211
8033093
8033956
8034333
8034508
8034580-8034581
8034583
8035377
8036834
8036869
8037053
8037340
8038356
8038605
8038697
8039712
8039777
8040138
8040741
8041777
8042448
8042860
8043026
8043217
8043648
8043711
8043721
8044147
8044180-8044181
8044885
8045509
8045655
8045710
8046254
8046292
8046318
8047230
8047733
8047988
8048788-8048789
8048791
8049583
8049743
8049754
8049801-8049804
8049875-8049876
8050091
8050344-8050345
8050347-8050349
8050351
8050864
8051084
8051291
8051801
8051962
8052473
8052761
8052768-8052770
8053015
8054399
8054668
8054681
8055307
8055415
8055444
8055519
8055742
8056020
8057467-8057468
8057574
8057755
8058530
8059049
8059209
8059826
8060264
8060504
8060856
8061375
8061948
8061950-8061953
8062635
8063205
8063382
8064550
8064552
8064589
8064638
8065348
8065638
8066102
8066159
8066645
8066694
8066803
8068057
8068984-8068986
8069329
8069332
8069581
8069856
8069951
8070664
8071308
8071689
8071723
8072145-8072146
8072741
8072814
8073205-8073206
8073511
8074791
8075258
8075458
8075460
8076611
8078135
8079250
8079540
8080241
8080520
8080928
8081592
8081879
8083050
8083169
8083926
8084150
8085052
8086252
8086659
8086852
8087452
8088435-8088436
8088881
8088888
8089392
8089549
8089842
8089844
8089848
8089850-8089852
8089954
8090135-8090136
8090275
8090447
8091474
8091476
8091552
8093267-8093268
8093354
8093501
8093592-8093593
8094254
8095798
8095845
8096632
8097086
8097237
8097739
8097903
8099293
8100453
8102145
8102334
8102489-8102490
8102675
8102678
8103266
8103304-8103305
8104223
8105180
8106364
8106761
8107819-8107823
8108996
8109482
8110800
8111186
8111463
8111493
8111931
8112441
8113120
8114059
8114138-8114139
8115614
8116908
8117412
8117625
8117703
8117766
8118475
8118950
8119186
8119453
8120652
8122498
8122977
8123001
8123074
8124720
8126597
8127564
8127887-8127889
8131461
8132439
8133498
8133723
8134619
8135831
8143414
8144079
8144447
8145012
8145472
8145865
8146614
8146796-8146797
8146799
8147144
8147454
8147916
8149592
8150544
8151248
8152190
8152251-8152252
8152995
8154457
8154716
8155191
8155659
8155996
8156014
8157245
8157354
8158064
8158456
8158739
8159004-8159007
8159222
8159595
8160246
8160735-8160737
8160739
8161177
8161874
8161891
8162019
8162402-8162403
8162406-8162409
8162411
8162748
8162750
8162977
8163278
8163469
8163645
8164672
8165350
8165448
8165461
8166001
8166554
8167458-8167460
8168728
8168830-8168831
8168979
8169916
8170807-8170810
8170931
8171313
8171786-8171787
8171929
8172785
8173914
8174361
8174603
8174731
8174891-8174893
8174896
8175340-8175344
8175958
8177641-8177642
8177708
8177997
8178689
8179176
8179188
8179311-8179313
8180011-8180012
8180653-8180655
8180831
8181743
8181940
8182330
8182747
8182932
8182997
8183662
8183740
8183742
8183744
8183750
8183765
8183807-8183808
8184483
8184485
8185005
8185727
8185927
8186786
8187233
8188660
8188986
8189359
8189716
8189718
8189759
8189835-8189836
8189838
8189961
8190031-8190033
8190607
8190872
8190934
8191011
8191417-8191418
8191535
8191977
8192318
8192804
8193374
8193547-8193548
8193552
8193928
8194716
8195123
8195140-8195141
8195577-8195578
8195580
8195736-8195737
8195739
8195833
8196019-8196020
8196027
8196274-8196275
8196433
8196580
8196703
8196723
8196822-8196823
8197072
8197162
8197235-8197236
8197494
8197592
8197890
8197892
8198360-8198361
8198497
8198501-8198502
8198532
8198705
8199551
8199988
8200292
8200457
8200782
8200923
8201043
8201053
8202083
8202658
8202980
8203122
8203689
8203864-8203865
8203993-8203994
8204341-8204342
8204382
8204437
8204719
8205028-8205035
8205115-8205116
8205376
8205658
8205925
8206118
8206171
8206371
8206564
8206687
8206780
8207205
8207407
8207482
8207484
8207610
8207688
8207796-8207798
8208120-8208122
8208647-8208648
8208748
8209241-8209242
8209264-8209265
8209677
8209795
8210213
8210499-8210500
8210715
8210944-8210945
8211026
8211207
8211299
8211405
8211766
8211866
8211914
8211924
8212061
8212741
8212982
8213503
8213665
8214047
8214065
8214288
8214290
8214600-8214601
8214859
8214989
8215078-8215080
8215370
8215450-8215451
8215867
8215969
8215994-8215995
8216287
8216723
8216842
8216980
8217064
8217091
8217995-8217996
8218148
8218219
8218663
8218901
8219158
8219469-8219470
8219582
8219729
8219732-8219734
8219897
8219993
8220018
8220022-8220023
8220289-8220290
8220392-8220393
8220595-8220596
8220599
8220617-8220619
8220714
8220856
8220978
8221112
8221429
8224024
8224097
8227306
8229566
8230533
8231996
