# MRCP_AM patient right arm veins source element IDs
# source_phantom: MRCP_AM patient TET loaded by /tetcal/addPatientTet
# original_material_id: 1110
# original_material_name: Blood_in_large_veins_arms
# patient_material_id: -101110
# split_rule: tetrahedron centroid x > 0 is left arm, x < 0 is right arm
# hand_orientation_check: MRCP_AM.hands: left_hand has positive x, right_hand has negative x
# count: 36706
# centroid_x: -22.352
# centroid_y: 8.56794
# centroid_z: 17.6371
# min_x: -26.1211
# max_x: -16.7044
# Format: range-compressed original element ids from MRCP_AM.ele; inclusive ranges start-end.
# Use with patient TET namespace; patient material ID for original 1110 is -101110.

[element_ids]
135
375
383
764
783
1443
1777
2411
2449
2474
2570
2617
2686
2791
2830
2851
2884
2901
2930-2931
3122
3169
3185
3235
3301
3348
3544
3638
3681
3702
3724
3758
3848
4085
4087
9904
14687
15101
16444
16740
19087
19224
19274
19516
19534
19592
19678
19697
19775
19803
19865
19880
19897
19907
19915
20009
20060
20288
20298
20538
20718
20796
20867
20925
21209
21509
21589
21805
21808
21858
21875
22638-22639
22967
23169
23213
23254
23259
23324
23333
23362
23411
23429
23437
23532
23560
23564
23717
23726
23728
23739
23750
24035
24056-24057
24446
24530
24578-24579
24724
24758
24798
24802
24842
24867
24884
24909
24929
24961
24964
24968
25009
25022
25024
25042
25050
25113
25213
25275
25324
25326
25335
25346
25352
25355
25374
25379
25388
25428
25481
25530
25532
25538
25685
25825
26155
26202
27867
28247
28253
28275
28298
28303
28336
28341
28367
28388
28550
28813
28876
28901
28922
28945-28946
28958
28971
28977
28979
28982
29005
29034
29043
29061
29111
29129
29160
29165
29172
29175
29179
29224
29313
29326
29348
29355
29362
29409
29419
29457
29469
29478
29484
29506
29511
29548-29549
29565
29567
29609
29614
29624
29659
29664
29667
29677
29679
29714
29747
29751
29757
29760
29802
29817
29827
29845
29851
29862
29877
29892
29933
29944
29957
29972
29992
30065
30069
30153
30156
30319
30382
30393
30477
30539
30565
30768
30944
31182
31412
31628
31672
32127
32415
32477
32532
32595
32741
32802
32818
32830
32841
33002
33219
33232
33374
33475
36333
38011
42196
45646
45860
50207
56546
57536
58028
60002
64160
65260
65445
71066
71669
72800
73123
75480
78835
79332
79714
82634
84332
85908
86541
86605
87611
89364
90657
92752
95830
97931
98160
102639
104972
111173
111697
112481
114337
115367
117594
117888
118917
119589
120905
121452
125188
125296
125607
132576
136606
137776
139744
145569
146272
148934
150648
151443
151722
152542
152929
155221
156320
157355
159692
160364
163373
163382
163443
164028
167794
168161
168738
169304
169463
169473
171301
172125
172701
172863
175195
175598
175625
175822
176119
176843
176861
176865
176870
176875
176882-176883
176897
176903
176921
176923
176929
176931
176940
176958-176959
176965
176971
177024
177045
177050
177076
177084
177088
177101
177125-177126
177134
177136
177140
177161-177162
177169
177172-177173
177183-177184
177186
177189-177190
177202
177204
177207
177213-177214
177216
177218
177231
177235
177240
177242
177245
177247
177256
177265
177275
177296
177309
177315
177346-177347
177352
177361
177368
177390
177394
177415-177416
177418
177431
177452
177457-177458
177460
177474
177484
177489
177492
177502-177503
177507-177508
177512
177519
177525
177539
177570
177581
177590
177600
177613-177614
177619
177624
177626
177634
177637-177638
177645
177647
177654
177658
177662
177675-177676
177684
177687
177696
177700
177712
177716
177731
177737
177744
177751-177752
177773-177774
177785
177789
177791
177800-177801
177811-177813
177826
177829
177831
177841
177846
177849
177857
177876
177878
177892
177894-177895
177903
177945
177950
177952
177965
177985
178006
178010
178019
178032-178033
178036
178063
178152
178296
178348
178353
178448
178509
178521
178528
178563
178674
178753
178804
178881
178887-178888
178901
178910
178915
178917
178921
178925
178953
178956
178959
178971
178975
178998
179005
179030
179045-179047
179076
179091
179118
179128
179160
179178
179182
179184
179194
179202-179203
179291
179301
179323
179358
179375
179411
179413
179423
179430
179469
179563
179586
179605
179742
179764
179802
179824
179880
179969
179997
180018
180026
180074
180106
180125
180212
180552
180576
180595
180618-180619
180653
180917
180986
181031-181033
181205
181502
181512
181627
181659
181693
181705-181706
181713-181714
181719
181744
181834
181912
181922
181974
182010
182040
182086
182125
182127-182128
182133
182192
182209
182216
182232-182233
182284
182293
182295
182318
182327
182400
182669
182675
182704
182722
182734
182737
182744
182748
182767
182773
182788
182792
182795
182854-182855
182866-182867
182875
182878
182898
182905-182906
182908-182909
182914
182924
182927
182934
182936
182942
182946
182951
182959
182966
182968
182974
182976
182980
182985
182988
182991
182998
183021-183022
183025
183027
183054
183061
183068
183091
183183
183259
183279
183282
183287
183290
183305
183308
183325
183358
183394
183422
183438
183444
183460
183514
183525
183528
183539
183562
183567
183589
183647
183683
183724
183751
183766
183779
183824
183865
183874
183882
183905
183945
184041
184048
184067
184075
184109
184169
184186
184188
184192
184230
184246
184249
184258
184260
184279
184284
184318
184331
184362
184386
184394
184414
184431
184434
184445
184455
184470
184489
184501
184518
184520
184544
184556
184577
184591
184595
184617
184621
184650
184679
184685
184690
184726
184728
184730
184738-184739
184741-184742
184789
184803
184824
184851
184906
184917
184975
184985
184987
185007
185074
185076
185086
185132
185155
185157
185180
185247
185282
185296
185307
185671
185999
186032-186033
186035
187028
188597
188912
189900
190265
192405
192483
192651
196016
201591
204245
205023
211788
212393
212541
212910
212919
216989
218065
221059
221437
223207
224292
225334
226901
228017
229555
230136
235450
236633
237821
237882
238082
238768
239836
239867
239870
239883
239911
240284
240306
240319-240320
240343
240351
240353-240354
240389
240393-240394
240409
240434
240441
240455
240457
240463
240465
240510
240519
240542
240552
240562
240579
240630
240682
240747
240763
240765-240766
240769
240783-240784
240786
240792
240794
240822
240829
240832
240836
240846
240848
240868
240875
240916
240922
240926
240929-240930
240974
241001
241017
241048
241061
241101
241116
241140
241162
241169
241178
241195
241250
241285
241325
241334
241346-241347
241386
241463
241465
241468
241475
241477
241484
241488
241505
241520
241532-241533
241536
241539
241595
241597
241655
241669
241685
241948
241953
241966
242035
242135
242139
242153
242167
242182
242194
242214
242218
242233
242247
242250
242268-242269
242288
242300
242338
242353
242393
242397
242400-242401
242420
242423
242427
242429
242467
242476
242478
242488
242490
242497
242500
242512
242516
242527
242529-242530
242538
242542
242559
242568
242571-242572
242587
242634
242653
242672
242676
242689
242713
242734
242747
242752
242777
242786
242821
242829-242830
242842
242862
242873
242876
242886
242903
242916
242918
243036
243045
243086
243149
243166
243206
243234
243253
243451
243527
243564
243568
243607
243651
243676
243682
243699
243733
243879
243900
243951
244006
244033
244052
244067
244104
244137
244180
244208
244214
244220
244240
244331
244335
244351
244353
244364
244386
244397
244410
244418
244426
244477
244486
244525
244538
244562
244572
244602
244660
244702
244719
244721
244724
244736
244764
244771
244778
244780
244797
244887
244921
244936
244946
244967
244987
245001
245004
245011
245020
245024
245040
245056
245072
245089
245098
245130
245146
245157
245160
245162
245164
245172
245177
245187
245191
245211
245217
245260
245326
245352
245370
245401
245425
245427
245431
245482
245508
245522
245532
245583
245604
245611-245612
245617
245642
245648
245658
245675
245699
245701
245710
245717
245727
245735
245761
245768
245785
245843
245855
245857
245904
245915-245916
245922
245938
245955
245964
246012
246019
246305
246372
246382
246500
246521
246548
246625
246636
246671
246821
247341
247363
247426
247550
247577
247603
247613
247711
247802
247806
248166
248207
248284
248315
248342
248357
248545
248623
248627
248667
248775
249141
249333
249632
249693
249829
249897
250125
250967
251064
251306
251407
251424
251586
251599
251769
251787-251788
251791
251809
251854
251856
251939
251970
252072
252113
252274
252280
252284
252395
252405
252571
252684
252820
253076
253119
253156
253296
253367
253389
253480
253533
253704
253730
253844
254112
254320
254329
254333
254367
254394
254416
254444
254491
254515
254517
254553-254554
254578
254590-254591
254695
254729
254759
254776
254821
254834
254843
254859
254889
254912
254967
254973
254990
255030
255032-255033
255048
255062
255080
255119
255129
255167
255193
255210
255237
255303
255306
255310
255353
255363
255393
255402
255406
255409
255456
255462
255466
255477
255491
255508
255510
255521
255526
255532
255566
255573
255586
255588
255591
255594
255598
255605
255649
255659
255693-255695
255721
255731
255746
255799
255835
255841
255844
255862
255882
255889
255895
255929
255935
255948
255953
255966-255967
255984
255988
256006
256011
256028
256046
256064
256087
256104
256146
256163-256164
256176
256218
256231
256234
256296
256303
256340
256350
256357
256367
256377
256381-256382
256399
256411
256413
256427-256428
256430
256448
256456
256495
256533
256584
256608-256609
256626
256654
256673-256674
256676
256678
256682
256687
256724
256743
256756
256781
256821
256825
256835
256839
256853
256874
256966
257053
257065
257102
257115
257151
257161
257181
257250
257259
257262-257263
257303
257329
257338
257348
257367
257374
257394
257396
257431
257462
257477
257502
257593
257632
257655
257659
257668
257714
257769
257776
257856
257875
257882
257903
257920
257934
257957
257961
257979
258023
258072
258098
258198-258199
258207
258224
258227
258246
258248
258258
258266
258274
258377
258429
258465
258489
258492
258502
258525
258536
258550
258589
258636
258742
258759
258765
258818
258822
258834
258856
258954
259042
259368
259422
259430
259495
259502
259525
259755
259937
259966
260030
260236
260289
260324
260348
260399
260448
260453
260490
260569
260583
260622
260646
260700
260762
260764
260792
260794
260797-260798
260802
260811
260816
260818
260840
260844
260846
260853
260882
260885
260890
260922
260925
260937
260943
260949-260950
260955
260967
260974
260982
261000
261004
261006
261016
261027
261048
261059
261080
261089
261092
261110
261114
261130
261149
261154
261167
261171
261185
261201
261208
261235
261250
261260
261269
261272
261291-261293
261298
261308
261338
261393
261417
261419
261423
261425
261434
261436
261447
261468
261471-261472
261476
261488
261490
261495
261505
261511
261516-261517
261531-261533
261542
261553
261557
261561-261562
261569
261574
261581
261588-261589
261616
261628
261667
261696-261697
261719
261722
261730
261740
261758
261762
261777
261786
261788
261791
261814
261858
261876
261893
261896
261913
261918
261927
261981
261999
262022
262093
262105
262117
262147
262153
262163
262174
262189
262192
262242
262244-262245
262250
262254
262256-262257
262266
262286
262345
262352
262392
262418
262441
262495
262508
262511
262519
262526
262547
262561
262632
262662
262668-262670
262750
262776-262777
262784
262797
262800
262820
262842
262863
262866
262878-262880
262916
262922
262924
262929
262940
262942
262946-262947
262962
262979
262982
262984
262987-262988
262992
262996
263041
263081
263113
263121
263137
263160
263181
263195
263202
263205
263221
263240
263250
263256-263257
263282
263287
263305
263327
263367
263389
263399
263405
263422
263444
263466
263659
263684
263701
263713
263734
263755
263887
263911
263917
264008
264017
264108
264471
264491
264504
264586
264667
264691
264746
264843
264874
265010
265023
265028
265234
265248
265535
265833
265878
266005
266024
266083
266094
266234-266235
266256
266288
266307
266310
266338
266400
266476
266620
266711
266726
266737
266769
266806
266808
266812
266822
266864
266868
266898
266939
266949
266970
267013
267032
267064
267102
267170
267182
267184
267190
267201
267244
267264
267269
267413
267434
267458
267461
267473
267513
267522
267688
267724
267783
267871
267911
267951
267959
267992
267996
268004
268037
268049-268050
268098
268110
268131
268138
268149
268180
268185
268241
268280
268295
268332
268372
268376
268402
268436
268476
268575
268626
268681
268694
268727
268749
268752
268780
268817
268896
268899
268910
268915
268955
268967
269057
269064
269066
269070
269083
269101
269109
269144-269145
269151
269163
269199
269202
269204
269216
269245
269287
269313
269324
269355
269357
269373
269382
269398
269406
269429
269440
269445
269489
269499
269503
269505
269521
269526
269546
269549
269555
269561
269569
269580
269586
269609
269612
269646
269648
269671
269683
269717
269733
269735
269737
269746
269753-269755
269764
269776
269783
269788
269799
269802
269804
269808
269822
269825
269832
269840
269849
269854
269863-269864
269866
269878-269879
269908
269927
269932
269939
269946
269955
269963
269968
270010
270023
270038
270051-270052
270075
270087
270093
270102
270105
270108-270109
270114-270116
270118
270130
270142
270157-270159
270169
270177-270178
270186
270188-270189
270192-270193
270196
270208
270221
270227
270244
270249
270254
270266-270268
270282-270283
270289
270321
270330
270339
270348
270362
270372
270381
270399
270419
270434
270441-270442
270450
270470
270482
270484
270491
270507
270517
270541
270547
270557
270570
270581
270608
270615
270621
270624
270628
270631
270657
270668
270686
270695
270715
270725
270729
270741
270748
270756
270791-270792
270794
270800-270801
270819
270821
270877
270882
270891
270901
270923
270944
271008
271012
271063
271072
271108
271110
271131
271143
271155
271199
271206-271207
271235
271247
271252
271264
271275
271279
271307
271368
271399
271456
271465
271469
271477
271481
271521
271528
271536
271554
271578
271604
271629
271662
271701
271709
271751
271753
271767
271785
271827
271876
271905
271948
271955
271995-271996
272000
272005
272038
272102
272136
272152
272154
272166
272168
272290
272306
272314
272319
272321
272328
272333
272335
272341
272346
272348
272374-272376
272378
272392
272395
272404
272424
272439
272441
272446
272450
272455-272457
272463-272464
272480
272502
272509
272511
272514
272541-272542
272552
272558
272567
272580
272598
272602
272615
272631
272635
272643-272644
272657-272658
272664
272669
272678
272686
272707
272723
272732
272743
272745
272753
272760
272763
272771
272784
272788
272791-272792
272801
272807
272814
272835
272846
272862
272865
272869
272884
272902
272904-272905
272913
272921
272935-272936
272941
272958
272960
272965
272980
272987
272995
272998
273000
273008
273011
273016-273017
273020-273021
273056
273076-273077
273105
273114
273122
273128
273143
273172
273186
273189-273190
273192
273195
273204
273206
273215
273237
273239
273244
273265
273294-273296
273324
273364
273370
273383
273386
273403
273424-273426
273437
273455
273473
273482
273495
273503
273522
273535
273549-273550
273558-273559
273561-273562
273568
273572
273580
273582-273584
273586
273596
273625-273626
273640
273658-273659
273695
273726
273733
273768
273789
273791
273820-273821
273840
273856
273897
273900-273901
273912
273914
273939
273941
273954
273957
273983-273985
274004
274012
274018
274028
274031
274034
274036
274047
274069
274073
274076
274175
274177
274205-274206
274211
274227
274230
274253-274255
274271
274273
274275-274276
274302
274325
274328
274339
274345
274353
274376
274397
274401
274407
274414
274416-274417
274420
274463-274464
274475-274476
274487
274494
274502
274514
274517
274537
274541-274544
274560
274565
274579
274583
274605
274631
274661
274714
274728
274764
274788
274791
274796
274817
274830
274838
274852
274865
274867
274875
274878
274894
274908
274911-274912
274927-274928
274972
274982
274984
274992
275007
275019
275030
275033
275038
275045
275052
275060-275061
275073
275078
275097
275134
275171
275176
275183
275197
275224
275235
275256
275258
275264
275268-275269
275276
275285
275287
275301
275332-275333
275342
275350
275357
275366
275434
275441
275443
275453
275462-275463
275484
275491
275502
275505
275534
275548
275607
275615
275665-275666
275746
275757-275758
275768
276051
276424
276626
276908
277764
277874
277929
278375
279242
281020
282943
297339
298542
299172
299517
300501
300646
304670
305759
306865
307177
308004
308141
308450
308626
309316
309356
310057
310192
310429
310589
310603
310612
310618
310621
310629
310643
310647
310664
310672
310681
310697-310699
310712
310716
310722
310726
310728
310737
310756-310757
310781
310783
310789-310790
310799
310806
310808
310822
310838
310855
310870
310878
310890
310902
310906
310916
310928
310930
310972
310991
310995
310997-310998
311028
311035
311064
311090
311136
311186
311190
311196
311203
311255
311260
311278-311279
311298
311301
311310
311321
311332
311338
311361
311451
311478
311489
311495
311505
311508
311554
311615
311626
311639
311680
311694
311697-311698
311703
311709
311748
311759
311811
311830-311831
311844
311856
311860
311872
311876
311884
311898
311901
311935
311977-311979
312031
312046
312092
312098
312106
312117
312158
312161
312196
312198
312206
312216
312226
312232
312237
312242
312259
312312-312313
312348
312362
312371
312444
312446
312458
312469
312486
312498
312533
312544
312556-312557
312560
312564
312575
312581
312589
312595
312601
312615-312616
312631
312633
312636
312641
312645
312653
312670
312685
312706-312707
312721
312723
312725
312729
312731
312742
312744
312748-312749
312762
312772-312775
312777
312790
312802
312805
312824
312831
312834
312839
312848-312849
312857
312860
312863
312869
312874
312876
312884-312885
312901
312904
312921
312931
312935
312943
312947
312958
312997-312998
313006
313041
313049
313059
313065
313073
313092
313095
313099-313100
313103
313118
313125
313129
313137
313158
313161
313171
313179-313180
313182-313183
313193
313215
313235
313239
313245
313251
313253
313257
313275
313278
313285
313287
313289
313291
313296
313298
313301-313302
313304
313320
313327
313333
313336
313357
313381
313386-313387
313394
313398
313412
313418
313426
313428
313447
313450-313451
313455
313459
313463
313470
313474
313483
313487
313507
313511
313516-313517
313519
313521
313528
313540-313541
313544
313547
313550
313566
313591
313598
313606
313622
313635
313651-313652
313689-313690
313694
313710
313714
313735-313736
313740
313744
313746
313751
313768
313785
313825
313862
313879-313880
313887
313944
314000
314046
314089
314286
314362
314498
314550
314593
314761
314819-314820
314827
314883
314897
314914
314917
314932
314962-314963
314971
314982
314999
315002
315023
315028
315030
315037
315062-315063
315068
315090
315112
315118
315120
315122-315123
315125
315138
315141
315144
315151
315156
315162
315175
315177
315188
315210
315219
315228
315241
315254
315262
315266
315287
315303
315315
315348
315359
315367
315373
315384-315385
315387
315391-315392
315401
315409
315422
315426-315427
315430
315438-315439
315447
315449
315464
315473
315492
315501
315509
315516
315520
315537-315538
315547
315549-315550
315555
315571
315588
315606
315614-315615
315632
315645
315647
315673
315675
315704
315718
315731
315736
315741-315742
315753-315754
315758-315760
315787
315790
315824
315849
315851
315890
315898
315909
315949
316000
316006
316015
316039
316049
316054
316113
316148
316155
316162
316173
316180
316189
316195
316212
316218
316239
316256
316262
316275
316282
316312
316318
316323
316360
316362
316366
316377
316381
316452
316459
316468
316470
316472
316480
316484
316498
316500
316506
316530
316537
316564
316610
316624
316637
316660
316667
316669
316684
316689
316710
316714
316720
316778
316780
316823
316838
316891
316909
316936
316939
316941
316953
316969
317037
317085
317114
317119
317123
317147
317180
317184
317203
317207
317210
317217
317236
317247
317250
317273
317321
317356
317366
317378
317380
317408
317426
317443
317453
317458
317468
317500
317521
317549
317658
317701
317754
317836-317837
317841
317847
317858
317885
317908-317909
317927
317944
317973
317979
317983
317997-317999
318006
318008
318021
318029
318031-318032
318039-318040
318066
318088
318092
318105-318106
318119
318146
318153
318247
318256
318273
318275-318276
318294
318296
318298
318304
318331
318343
318357
318364
318375
318397-318398
318421
318444
318449
318452
318457
318471-318472
318495
318497
318500
318510
318527
318538
318570
318574-318575
318578
318587
318596
318606
318621
318624
318655
318667
318680
318684
318692
318711
318735
318740
318754
318761
318768
318773-318774
318778
318793
318809
318812
318818-318819
318829
318834
318839
318889
318913
318922
318947
318958
318979
318992
319004-319005
319010
319024
319036
319068
319090
319093
319112
319118
319134
319139
319141
319170
319213
319242
319252
319260
319267
319280
319288
319291
319295
319298
319322
319342
319413
319416
319418
319481
319489-319492
319510
319536
319555
319562
319602
319604
319608
319617-319618
319643
319645
319710
319875-319876
319901
319931
319983
319992-319993
320008-320011
320043
320047-320048
320096
320107
320112
320130
320160
320163
320196
320219
320261
320377
320392
320460
320470
320481
320488
320493
320548
320590
320666
320687
320823
320834
320836
320842
320873
320981
320985
321029
321048
321051
321057
321067
321075
321084
321100
321104
321114
321117
321135
321172
321175
321213
321218
321234
321242
321247
321250
321252
321256
321262
321268-321269
321278
321283
321293
321298
321304
321313-321315
321319
321322
321326
321367
321376
321382
321393
321395
321397
321399
321403
321425
321428
321467
321482
321484
321501
321507
321510
321513
321522-321523
321551
321558
321586
321588
321595
321634
321649
321653
321660
321674-321675
321678-321679
321684
321687
321695
321706
321724
321727
321734
321737
321744
321756
321758-321759
321761
321764
321767
321769
321788
321793-321794
321799
321801
321813
321817-321818
321823
321837-321838
321854
321859
321862
321877
321879
321887
321895
321897-321898
321902
321905-321907
321916
321918
321923
321931-321932
321935
321937-321938
321946
321957
321961
321965
321970
321976
321984
321986
321989
322008
322015
322023
322027
322029
322031-322032
322034
322036
322047
322054
322064
322082
322084
322086
322107
322116
322122
322135
322143
322146
322158
322160
322185
322187
322189
322194-322195
322200
322205-322207
322209
322215-322217
322225-322228
322230
322233
322239
322247-322249
322266-322267
322271
322274-322280
322289
322298
322307
322313
322329
322343
322349
322354
322357
322367
322369
322371
322374
322383
322389-322391
322397
322402
322406
322422-322424
322429
322432-322433
322437-322438
322444
322452
322461
322463
322468-322469
322473
322475
322480
322483
322485
322490-322493
322499
322503
322511-322512
322516
322518
322527-322528
322535
322538
322541
322544-322549
322554
322557
322561-322562
322573-322574
322578
322592
322599-322600
322603-322604
322612
322615-322616
322623
322632
322645
322650-322651
322673
322689
322693
322698
322737
322799
322818-322819
322841
322888
323566
323719
324328
324340
324448
324457
327516
327632
328108
328873
329174
330516
330771
330855
330930
332227
332381
333111
333114
333278
333538
333693
333712
334234
334280
334389
334782
334914
334963
334998
335046
335272
335403
335488
335803
336073
336087
336326
336624
336763
337201
338071
338555
339522
339664
339758
339844
340045
340121
340172
340439
340520
340679
340848
341141
341379
341999
342735
343150
344971
345280
345324
346211
350753
351121
351418
352488
352521
352533
352561
352576
352584
352595
352616
352630
352632
352641
352657-352658
352662
352668
352713
352726
352732
352757
352761-352762
352803
352811
352821
352830
352876
352913
352919-352921
352927
352946
352983
352987
352995
352997
353013
353052
353055
353077
353105
353108
353124
353136
353138-353139
353144
353154
353159
353164
353167
353214
353218
353222-353223
353232
353240
353247
353249
353253
353263
353268
353271
353293
353303
353312
353316
353386
353408
353424
353436
353449
353452
353472
353483
353490
353514
353552
353556
353576
353581
353674
353689
353700
353710
353717
353744
353748
353752
353774
353777
353780
353789
353803
353805
353818
353829
353835
353841
353853
353862
353888
353917
353942
354058
354096
354176
354184
354239
354367
354382
354456
354461
354488
354496
354606
354641
354662
354685
354761
354910
355086
356024
356727
357471
357474
357477
357644
357653
357727
357750
357772
357791-357792
357804
357965
357975
357998
358067
358073
358080
358102
358106
358108-358109
358111
358115
358119
358134
358139
358146
358156
358164
358168-358169
358177
358198
358204
358216
358219-358220
358233-358234
358239
358248-358250
358252-358253
358255
358257
358275
358283
358288
358292
358299
358303
358306
358309
358324
358803
359082
360153
360373
361896
365377
367412
367587
367840
371045
371919
378497
378598
378627
379894
379900
380726
384835
389174
393800
396687
396803
396899
396954
401131
407339
411209
411801
413687
414531
417113
417863
420125
421725
422439
423723
423759
423859
426214
428668
434581
435313
441264
445367
447081
448138
450718
451935
452871
454169
455074
455112
457508
457798
458694
458735
458829
459153
459231
460147
460772
460885
462382
463241
463255
463932
463967
464673-464674
464771
465153
466511
466626
466873
468063
468325
469415
471505
473438
474609
476003
478109
478334
478531
478974
479206
480910
482865
483290
483321
487165
489511
491225
492546
492869
495730
495915
496778
497660
497945
497984
498377
498410
498419
498636
498928
499306
500311
500617
500712
502009
502358
502383
502401
502670
502759
503343
504299
508064
508197
509292
510291
510490
510862
512020
513485
513626
514321
515582
516259
516587
517214
517349
518514
519974
520000
520080
520101
520908
524033
524958
525499
527011
527832
528977
530318
530509
530606
530852
532855
533394
533990
535206
535301
537583
537911
539058
540540
540798
541287
541318
541452
541657
541666
542404
543955
544223
544246
544266-544267
544277
544282
544298
544453
544501
544895
544901
544903
545295
545942
546537
546707
546811
549504
551552
552118
553811
554670
554801
555007
555451
556024
556811
556980
557153
557539
558104
560354
561641
562214-562215
562557
562695
563197
563824
565178
565418
566338
567498
567546
567831-567832
570560
574600
583348
583992
584042
584493
585179
586693
593113
594759
596674
602391
603195
609285
613738
615047
615213
615218
615399
619376
620059
620241
621841
622566
623672
628443
631923
633902
634120
638091
638669
639153
640337
641774
643121
644050
646604
646635
648041
650109
650194
650479
651834
652239
652977
653356
653490
654325
655894
656423
658680
661284
661553
661705
661926
662720
662787
664435
666518
667291
670610
672951
673977
674136
674209
674214
674589
675729
676609
677523
677548
677794
678101
679056
680813
681010
681880
682769
682907
683116
683703
685432
685524
686686
686836
689450
689878
690001
690389
690521
690753
691129
691490
691507
691665
691811
691895
693086
693288
693899
694574
695078
695127
698038
698054
698491
698776
699171
699207
699608
699713
699981
700512
700538
700540
700543
700552
701438
701469
701969
702129
702718
705446
705932
706206
706268
706461
706528
706531
707342
707651
707656
707661
709452
709504
709650
709655
709983
711613
712538
714670
715769
717093
718379
718547
718936
720727
722167
722503
722818
723994
726687
738207
739133
739707
740132
742556
742932
747689
748592
752896
756904
761336
763496
771149
773205
775195
776917
778150
785039
787184
788288
788363
789398
795367
795740
796142
796875
803093
805841
806654
807627
807905
812321
812489
812954
815669
816354
818546
818974
821539
822374
824807
824844
825947
826348
826953
827027
827161
829291
831713
833383-833384
835769
835813
842113
843241
849966
850628
850992
853114
860290
862097
862099
862121
862181
865669
866177
866578
867450
867961
868604
868614
869131
873242
874416
874444
875101
876015
876273
877197
878284
878360
879675
885059
885928
887682
888647
889068
890067
891113
891323
891849
894995
895209
895391
895393
896756
897307
897340
897523
899544
900286
900382
900406
900893
901111
901113
901231
903744
905951
906409
907858
907910
910073
910689
911039
911159
914288
914835
914863
915586
915838
916529
919541
919641
923533
927930
928096
928102
929035
932240
933291
936032
936392
939668
945205
945231
945557
946966
947317
956374
958278
959198
959493
965505
966106
974948
977839
982328
988513
991563
1007893
1012871
1021141
1022064
1025806
1034803
1053046
1053308
1055506
1056900
1059860
1061738
1062341
1065411
1068361
1070440
1073784
1075207
1075556
1076698
1077861
1083502
1085251
1088722
1092446
1093209
1095300
1104519
1106509
1106832
1107488
1107647
1112896
1113179
1116125
1116145
1116272
1117013
1117442
1121381
1123090
1128341
1128635
1129287
1129312
1129591
1131175
1137241
1141916
1144026
1144354
1145448
1146006
1160080
1160333
1160499
1160713
1162876
1163357
1163840
1163863
1163870
1165049
1165735
1172725
1173316
1173978
1175223
1177302
1178810
1179636
1180201
1180944
1181562
1184498
1186889
1186930
1189893
1190797
1193400
1200732
1202304
1203822
1204071
1204512
1204548
1204826
1205538
1205572
1206700
1207190
1213827
1215127
1218362
1223415
1226832
1228955
1229625
1232740
1233313
1243333
1247082
1247654
1249545
1249548
1250761
1252640
1253397
1256545
1260824
1260838
1261284
1261675
1264071
1264102
1269519
1271061
1273245
1273814
1273993
1274015
1276017
1281026-1281027
1281529
1282164
1283321
1286178
1286619
1290446
1290579
1293489
1299992
1301058
1301439
1305900
1312368
1323809
1332673
1335748
1336298
1336856
1338344
1339641
1344361
1345322
1346440
1346762
1347643
1349070
1356666
1357520
1358696
1359136
1359148
1363209
1366212
1377296
1379919
1379961
1380050
1385665
1385714
1387251
1389105
1389285
1389294
1394140
1395597
1399363
1399945
1400704
1400868
1402466
1403440
1404384
1405097
1405891
1405899
1406996
1407795
1408792
1412552
1412580
1413001
1413022
1413215
1413583
1415506
1415801
1417033
1417162
1417461
1423697
1423743
1423788
1423869
1424542
1424647
1424747
1424774
1424776
1424803
1424811
1424861
1424885
1424918
1424927
1424943
1425009
1425020
1425027
1425049
1425056
1425108
1425130
1425166
1425178
1425184
1425191
1425205
1425258
1425277
1425283-1425284
1425286
1425293
1425305
1425315
1425330
1425339
1425348
1425355
1425364
1425367
1425370
1425375-1425376
1425383
1425386
1425394-1425397
1425401-1425402
1425410-1425411
1425413
1425417
1425421
1425426
1425433-1425434
1425446
1425449
1425459
1425472
1425477
1425480
1425483
1425489-1425490
1425497
1425500-1425501
1425503
1425506-1425507
1425514
1425516
1425525-1425526
1425532
1425542
1425545
1425558-1425559
1425561-1425564
1425569-1425570
1425576
1425581-1425583
1425587-1425588
1425596
1425598
1425602-1425603
1425611
1425613
1425621-1425622
1425625
1425627-1425629
1425640
1425646
1425648
1425663
1425671
1425677
1425680
1425689
1425691-1425692
1425697
1425702
1425723
1425728
1425734
1425745-1425746
1425767-1425768
1425774
1425777
1425785
1425792-1425793
1425811
1425816
1425865
1425900
1425902
1425912
1425928
1425997
1426008
1426015
1426022
1426029
1426043
1426087
1426089
1426094-1426096
1426098-1426106
1426108
1426111
1426113
1426115
1426118
1426120
1426125
1426130
1426134
1426141-1426142
1426149-1426150
1426158-1426160
1426163
1426180
1426182-1426183
1426187-1426188
1426190-1426191
1426193
1426195-1426198
1426200-1426203
1426212
1426220
1426229
1426235-1426236
1426273
1426276-1426277
1426288
1426290
1426299
1426321
1426332-1426333
1426337
1426341
1426344
1426353
1426356
1426366
1426370
1426373
1426380
1426384
1426387
1426389
1426396
1426402
1426405-1426407
1426415
1426426
1426429-1426430
1426432
1426435
1426441
1426443
1426450
1426459
1426473
1426478-1426481
1426486
1426493
1426495
1426500
1426505
1426514
1426517-1426519
1426522-1426526
1426537
1426542
1426556
1426558
1426570
1426575
1426587
1426593-1426595
1426602
1426606
1426608-1426610
1426613
1426616
1426625
1426627
1426629
1426632
1426643
1426647-1426648
1426671
1426673
1426680
1426683
1426691
1426694
1426701
1426709
1426725
1426728
1426731
1426733-1426735
1426756
1426770
1426779-1426780
1426782-1426783
1426799
1426802
1426804
1426812
1426815-1426818
1426820-1426822
1426825
1426831
1426836
1426851
1426858
1426860-1426866
1426868
1426880
1426885
1426887-1426889
1426901-1426902
1426907-1426922
1426925
1426934
1426936
1426939
1426946
1426954-1426956
1426959
1426975
1426980
1427005
1427013-1427014
1427016-1427020
1427023-1427024
1427041
1427044
1427053
1427055-1427056
1427058-1427060
1427062-1427063
1427069-1427070
1427072-1427073
1427077
1427079-1427081
1427085
1427092
1427094
1427099
1427110
1427112
1427118-1427119
1427121
1427123
1427126
1427129
1427133
1427135-1427142
1427144
1427146-1427147
1427149
1427158
1427166
1427168-1427169
1427186
1427196-1427197
1427209
1427220
1427225
1427229
1427231
1427235
1427261
1427272
1427289
1427298
1427301
1427304
1427309
1427321
1427337
1427343
1427345
1427364
1427367
1427373
1427389
1427391
1427405
1427408
1427416
1427425
1427428
1427447
1427472-1427473
1427478-1427483
1427487
1427489-1427493
1427495
1427497
1427506
1427508-1427509
1427514
1427522
1427534
1427537
1427541-1427542
1427545-1427551
1427556
1427560
1427575
1427606
1427615-1427620
1427632-1427633
1427636
1427638
1427647
1427653
1427657
1427665
1427680
1427682-1427683
1427689
1427692
1427694-1427695
1427698
1427703
1427715
1427717
1427730
1427733
1427742
1427751
1427755-1427756
1427759
1427766
1427771
1427779
1427791
1427797
1427802-1427803
1427806-1427807
1427819
1427829
1427845
1427847-1427849
1427852-1427857
1427871-1427872
1427875
1427877
1427890
1427930
1427950
1427959
1427981
1427986
1427989
1428006
1428037
1428042
1428047
1428049
1428058-1428063
1428066
1428068
1428089-1428090
1428102
1428106
1428109
1428119
1428131
1428133
1428135-1428140
1428142
1428144
1428153-1428154
1428258
1428271
1428276
1428336
1428340
1428389
1428455
1428477
1428496
1428539
1428541
1428543
1428547
1428551
1428564-1428565
1428573-1428574
1428578-1428579
1428585
1428587-1428588
1428595
1428598
1428608-1428609
1428615
1428617
1428632-1428633
1428635
1428638
1428651
1428653
1428665
1428681
1428685
1428689-1428690
1428709
1428715-1428716
1428731-1428732
1428734
1428742
1428746-1428747
1428751
1428753-1428754
1428763
1428765-1428766
1428780
1428782
1428787-1428788
1428793-1428794
1428796
1428812
1428814
1428834
1428836
1428846-1428847
1428850
1428852
1428863
1428866
1428870
1428875-1428878
1428904
1428907
1428910
1428912-1428918
1428926-1428929
1428931
1428934-1428935
1428945
1428950
1428963
1428968
1428976
1428986
1428990
1428992
1429006-1429007
1429010
1429023
1429028
1429034
1429038
1429046
1429048
1429051-1429053
1429057
1429068
1429072
1429079
1429081
1429084
1429086
1429095
1429097
1429100
1429114
1429116
1429118
1429122
1429146
1429158
1429163
1429165
1429167-1429169
1429174
1429183
1429192
1429201
1429203
1429207-1429212
1429220
1429224
1429226-1429228
1429230
1429232
1429236
1429239
1429242
1429248
1429250
1429253
1429256
1429258
1429272
1429276-1429277
1429279
1429306
1429310-1429312
1429321
1429323-1429325
1429327
1429329
1429340
1429342-1429345
1429347
1429357
1429360
1429377-1429378
1429385
1429387-1429388
1429390
1429393
1429399
1429401-1429402
1429405
1429409-1429411
1429416
1429419
1429421
1429426
1429428
1429430-1429431
1429434-1429435
1429437
1429439
1429445
1429448
1429453
1429459-1429461
1429463
1429468-1429471
1429476
1429482
1429498
1429500
1429504
1429507-1429508
1429513
1429518
1429523
1429528
1429531
1429533-1429535
1429543
1429546-1429552
1429554-1429556
1429567
1429572
1429576-1429577
1429583
1429589-1429591
1429601
1429607-1429610
1429617
1429629-1429630
1429635
1429637
1429644
1429655
1429657
1429661
1429663-1429665
1429667-1429668
1429676-1429679
1429682
1429686-1429691
1429693
1429700
1429702
1429705-1429707
1429709-1429711
1429713-1429714
1429725-1429729
1429733
1429736-1429748
1429751
1429760
1429765-1429766
1429771
1429776-1429777
1429781
1429789
1429791
1429793
1429798
1429801
1429806-1429809
1429817-1429820
1429823
1429825-1429826
1429828-1429829
1429834-1429835
1429843-1429844
1429852-1429861
1429875-1429877
1429880
1429907
1429912
1429915-1429916
1429925
1429927
1429934-1429935
1429943
1429946
1429948
1429952
1429957-1429958
1429962
1429964
1429968
1429974
1429988
1429995
1430000
1430002-1430003
1430007
1430019
1430022
1430025
1430027
1430031-1430033
1430037
1430041
1430050
1430055
1430057
1430068
1430070-1430071
1430081
1430083
1430086-1430087
1430092
1430094
1430102
1430106-1430108
1430118-1430119
1430122
1430132
1430135
1430137
1430140
1430142
1430147
1430156
1430158
1430163
1430166
1430173
1430178
1430180
1430182
1430188
1430198
1430210
1430221-1430224
1430265-1430266
1430275-1430278
1430280
1430285
1430287
1430292
1430297
1430318-1430319
1430321
1430337-1430338
1430341
1430345
1430347
1430350-1430351
1430361
1430369
1430378-1430390
1430394
1430396
1430402-1430411
1430416
1430419
1430424-1430429
1430434-1430440
1430445
1430447
1430452
1430457-1430460
1430464
1430466-1430472
1430476
1430480-1430486
1430488-1430489
1430491
1430493
1430495
1430500
1430502-1430503
1430507
1430514-1430515
1430519
1430522-1430524
1430532
1430536-1430538
1430543
1430552-1430553
1430556-1430558
1430560
1430562
1430565-1430567
1430570
1430573-1430574
1430582
1430586
1430590
1430593
1430596
1430600-1430601
1430604
1430616
1430620
1430622-1430629
1430632
1430634
1430640
1430647
1430654-1430656
1430658-1430659
1430662
1430664
1430688-1430695
1430699
1430702-1430704
1430714
1430717
1430725
1430729-1430730
1430735-1430736
1430745-1430746
1430749-1430750
1430752
1430754
1430762-1430763
1430765-1430767
1430773
1430777
1430783-1430784
1430841
1430849
1430862
1430881
1430905
1430925
1430966
1431103
1431123
1431178
1431189
1431208
1431271
1431278
1431316
1431343-1431345
1431347
1431350
1431357
1431366
1431369
1431379
1431381
1431387
1431400
1431403
1431415
1431417
1431425
1431432
1431442
1431481
1431517
1431538-1431539
1431542
1431554
1431556-1431557
1431563
1431566
1431575
1431578
1431582-1431586
1431590
1431596
1431599
1431609
1431617-1431618
1431638
1431657-1431666
1431686
1431731
1431742
1431744
1431749
1431752
1431758
1431770
1431773
1431775
1431777
1431780
1431786-1431788
1431790-1431791
1431796-1431799
1431801-1431802
1431807-1431808
1431811
1431815
1431823
1431832
1431834
1431839-1431840
1431843
1431853-1431854
1431859
1431861
1431865
1431868
1431871
1431883
1431885
1431887-1431889
1431912-1431913
1431926
1431936
1431948
1431956
1431961
1431967
1431969-1431970
1431973-1431974
1431976-1431978
1431998
1432009
1432012
1432015
1432022
1432033
1432035-1432036
1432039
1432044
1432051-1432052
1432057-1432059
1432065
1432069
1432073
1432075
1432085
1432090-1432091
1432097
1432109
1432111-1432112
1432127
1432135-1432136
1432138
1432147-1432148
1432158-1432159
1432164-1432167
1432169-1432170
1432173
1432180-1432181
1432184
1432186
1432190
1432195-1432196
1432205
1432209-1432210
1432214
1432216
1432223
1432233
1432247
1432250-1432257
1432259-1432262
1432268
1432270-1432272
1432274-1432275
1432280-1432290
1432313
1432321-1432322
1432329
1432335
1432337
1432339
1432341
1432345-1432350
1432352-1432353
1432357
1432363
1432370
1432375
1432378
1432381
1432383
1432386-1432387
1432389
1432394
1432400
1432403-1432404
1432412
1432416
1432419
1432428
1432534
1432564
1432585
1432635
1432649-1432654
1432776
1432786
1432812
1432815
1432846-1432847
1432850
1432874
1432929
1432937
1432944
1432947
1432952
1432954
1432991
1433002
1433035
1433107
1433119
1433121
1433380
1433425
1433453
1433455
1433457
1433483
1433492
1434190
1437345
1442888
1443196
1445606
1446462
1446876
1447193-1447194
1447281
1447298
1447314
1447539
1447667
1447951
1448171
1448428
1448495
1448633
1448637
1448647
1448666
1448681
1448695
1448723
1448787
1449398
1449551-1449552
1449805
1449853
1449860
1449896
1449899
1450051
1450130
1450137
1450144
1450157
1450199
1450210
1450212
1450216
1450219
1450244
1450250
1450259
1450263
1450270-1450271
1450298
1450300-1450304
1450308
1450310-1450311
1450387
1450401
1450403
1450409
1450412
1450429
1450443
1450445
1450447-1450448
1450466
1450472
1450476-1450479
1450481
1450493
1450497
1450500-1450501
1450503
1450531
1450535-1450536
1450538-1450540
1450554
1450560
1450698
1450824
1450851
1450866
1450885
1450905
1450939
1450957
1450981
1450997
1451042
1451051-1451052
1451066-1451067
1451070
1451076
1451082
1451099
1451113-1451114
1451119
1451125
1451136
1451142
1451153
1451180
1451182-1451183
1451185
1451187-1451189
1451191-1451194
1451196
1451198-1451200
1451202
1451231
1451263
1451329
1451337
1451347
1451350
1451362
1451380
1451390
1451405
1451413
1451448
1451501-1451502
1451508
1451517
1451529
1451533
1451535-1451536
1451538
1451540
1451547
1451733
1451816
1452085
1452170-1452171
1452173
1452178
1452182-1452188
1452194-1452196
1452209
1452212
1452215
1452247
1452258-1452260
1452262-1452263
1452267
1452272-1452275
1452285
1452287
1452291
1452304
1452335
1452344
1452356
1452361
1452377
1452386
1452389
1452399
1452403-1452404
1452407
1452409-1452410
1452412-1452413
1452417-1452418
1452421
1452425
1452440
1452442
1452448-1452454
1452457
1452459-1452460
1452472-1452473
1452485
1452488
1452512-1452513
1452517
1452520-1452523
1452527
1452539-1452540
1452543-1452545
1452547-1452548
1452550-1452555
1452583
1452589
1452603
1452615
1452625
1452636
1452638
1452640-1452641
1452643-1452644
1452648-1452649
1452655
1452663
1452665
1452671-1452672
1452674
1452681-1452683
1452686
1452689-1452691
1452705
1452708-1452715
1452717
1452719
1452721-1452734
1452736
1452746
1452749-1452751
1452787
1452794
1452798-1452799
1452805-1452806
1452811-1452812
1452823
1452827
1452829
1452831
1452833
1452842
1452850-1452851
1452857
1452859-1452860
1452862
1452888
1452902
1452905
1452913
1452919-1452920
1452962
1452975
1452989
1452995
1453008
1453010
1453015-1453017
1453019
1453026-1453027
1453033
1453040
1453054
1453067
1453101
1453109
1453121
1453161
1453191
1453554
1454195
1454204-1454205
1454209
1454218-1454219
1454252
1454266
1454326
1454454
1454511
1454529
1454533
1455213
1455221
1455234
1455239
1455256
1455259
1455265
1455271
1455281-1455283
1455285-1455286
1455293
1455301
1455307
1455324
1455327-1455328
1455333
1455337
1455340
1455343
1455345
1455348-1455349
1455352-1455354
1455357
1455368-1455369
1455381
1455402-1455403
1455405
1455414
1455419
1455427-1455429
1455431-1455437
1455457
1455481
1455484-1455486
1455489
1455503-1455504
1455507-1455509
1455511
1455513
1455518
1455556
1455558-1455560
1455569
1455588
1455592
1455598
1455604
1455607-1455609
1455611
1455627-1455628
1455630-1455631
1455647-1455648
1455758
1455793
1455872
1455907
1456196
1456541
1456660
1456721
1456756
1457704
1458018
1459517
1459548
1459840
1459855
1460436
1460797
1461460-1461461
1461913
1461922
1461928
1461958
1462242
1462560
1462970
1463032
1463037
1463071
1463249
1463476
1463938
1464200
1464290
1464361
1464396
1464434
1464485
1464511
1464520
1464625
1464639
1464681
1464686
1464697
1464699
1464747-1464748
1464750-1464751
1464755
1464762
1464764
1464781
1464788
1464791
1464803
1464807
1464827
1464829
1464880
1464887
1464917-1464918
1464967
1464991
1465032
1465049
1465063
1465065
1465115
1465220
1465232-1465233
1465237
1465245-1465246
1465258
1465273
1465275
1465282
1465295
1465299
1465302
1465304
1465310
1465313
1465315
1465317
1465322-1465323
1465344-1465345
1465351-1465352
1465362
1465365
1465374
1465376
1465406
1465409
1465415-1465416
1465428
1465430-1465431
1465435-1465451
1465456
1465478
1465481
1465508
1465514-1465515
1465518-1465520
1465527
1465530-1465531
1465536
1465546
1465556
1465560
1465564
1465572-1465575
1465588-1465589
1465592
1465605
1465612-1465613
1465616
1465619-1465620
1465622
1465629
1465632
1465634-1465636
1465639
1465654-1465655
1465659-1465660
1465733
1465735
1466445
1466480
1466486
1466533
1466663
1466677
1466794
1466841
1466843
1467574
1467582
1467620
1467623
1467642
1467653
1467657-1467658
1467660-1467662
1467664
1467666
1467679-1467680
1467682
1467687
1467699
1467701-1467709
1467722
1467733
1467741
1467767
1467773
1467781
1467798
1467805
1467811
1467814
1467821
1467827-1467828
1467833-1467834
1467839
1467842
1467846
1467848-1467852
1467854
1467871-1467872
1467878-1467879
1467885
1467887-1467888
1467890
1467900
1467902
1467904-1467905
1467909-1467910
1467912-1467914
1467917
1467919
1467933
1467946-1467948
1467953
1467958-1467963
1467978-1467979
1467987
1467992
1469016
1469038
1470240
1470252
1470258
1470279
1470300
1470319
1470333-1470334
1470341
1470346
1470350
1470360
1470363
1470375
1470387
1470391
1470413
1470418
1470444
1470448
1470453
1470459
1470467
1470475
1470477-1470480
1470486
1470493
1470497
1470500
1470518
1470528
1470530
1470542-1470543
1470546
1470548
1470552
1470554-1470555
1470557-1470559
1470562
1470565
1470567-1470568
1470576-1470578
1470584
1470590-1470591
1470593
1470598
1470600-1470604
1470607
1470610-1470613
1470616
1470618-1470619
1470977
1471426
1471437
1471953
1472044
1474262
1475546
1481713
1481729
1481896
1481960-1481961
1481991
1482025
1482034
1482043
1482086
1482090
1482095-1482096
1482102
1482109
1482112-1482113
1482130
1482163
1482182-1482183
1482204
1482214
1482232
1482237
1482239-1482241
1482259
1482264
1482279
1482281
1482287
1482294-1482296
1482315
1482320
1482389
1482455-1482456
1482497
1482518-1482519
1482527
1482537-1482538
1482540-1482541
1482556
1482561
1482564
1482575
1482582
1482584-1482585
1482606
1482615
1482624
1482626-1482627
1482631
1482635-1482636
1482640-1482644
1482646-1482648
1482652-1482658
1482671-1482673
1482677
1482681-1482682
1482684-1482685
1482688
1482690-1482691
1482698-1482699
1482702
1482704
1482712
1482714
1482721-1482722
1482725
1482729-1482730
1482750
1482752-1482754
1482766
1482774
1482777
1482780
1482784-1482785
1482797
1482803
1482807-1482808
1482810
1482812
1482815-1482816
1482818
1482820-1482821
1482824-1482825
1482829
1482836
1482844
1482849
1482874-1482876
1482878
1482881
1482884
1482895-1482897
1482900-1482902
1482906
1482909-1482918
1482920-1482922
1482924
1482926
1482936
1482945
1482947-1482948
1482954-1482961
1482966-1482967
1482970
1482976
1482982-1482983
1482987
1482991
1482993
1482995-1482996
1482998
1483003
1483007
1483010-1483011
1483016-1483017
1483019
1483022
1483024-1483026
1483028
1483033
1483037
1483045
1483047
1483049-1483050
1483055
1483060-1483061
1483068
1483070
1483073
1483077
1483087-1483088
1483092-1483093
1483097
1483103
1483106-1483107
1483113
1483128
1483130
1483133
1483151
1483159
1483161-1483162
1483165
1483167-1483168
1483175
1483177
1483190
1483198
1483207-1483208
1483212
1483216
1483219
1483222
1483226
1483230
1483237
1483241-1483242
1483245
1483252
1483255-1483259
1483265-1483266
1483269
1483271
1483273
1483277
1483280
1483285-1483289
1483291-1483292
1483295
1483298
1483300
1483313
1483320
1483325
1483327
1483329
1483331
1483334-1483335
1483337
1483339-1483340
1483342-1483343
1483348
1483354
1483357
1483365-1483367
1483373-1483374
1483376-1483382
1483389
1483392
1483400
1483405
1483407
1483410-1483411
1483413
1483417
1483421-1483425
1483436-1483437
1483439-1483440
1483443
1483460
1483462
1483464
1483468
1483470-1483471
1483475-1483482
1483492
1483494-1483496
1483518
1483524
1483528
1483534
1483536
1483548
1483562-1483563
1483566-1483567
1483572
1483574
1483577
1483582
1483588-1483589
1483591
1483593-1483597
1483599-1483600
1483602-1483603
1483611-1483612
1483614-1483616
1483618
1483620-1483621
1483632
1483636
1483642-1483643
1483646
1483672
1483674-1483675
1483679
1483683
1483691
1483693
1483700
1483718
1483724-1483726
1483749
1483752-1483753
1483757
1483762
1483764
1483766
1483769
1483771-1483773
1483777
1483779
1483781-1483782
1483788-1483789
1483791-1483792
1483794
1483797-1483798
1483800-1483801
1483806-1483808
1483811
1483813
1483815
1483817-1483819
1483823
1483834-1483835
1483837
1483840
1483842
1483844
1483846
1483848
1483850
1483853-1483855
1483858
1483861
1483865-1483866
1483870-1483871
1483873-1483887
1483893
1483896
1483898-1483900
1483904-1483906
1483911-1483915
1483918-1483923
1483934-1483938
1483941
1483950
1483952
1483983
1483988-1483990
1483993-1483997
1484003
1484007
1484010
1484013-1484017
1484022
1484028-1484031
1484033-1484034
1484037
1484039
1484043
1484046
1484048
1484053-1484062
1484070-1484071
1484073
1484077
1484080-1484086
1484089-1484093
1484097-1484101
1484103
1484114
1484117
1484155-1484156
1484158
1484160-1484161
1484163
1484167-1484169
1484172
1484175-1484176
1484182
1484185
1484190-1484191
1484194
1484199
1484201-1484202
1484204
1484224
1484243
1484251-1484253
1484268-1484271
1484281-1484282
1484287-1484288
1484293
1484295
1484297
1484309
1484312
1484317-1484319
1484344-1484345
1484349-1484350
1484354-1484356
1484370-1484371
1484377-1484380
1484383-1484385
1484389-1484390
1484396-1484398
1484412
1484416
1484418-1484419
1484424-1484425
1484427-1484428
1484433-1484435
1484438-1484439
1484446
1484449
1484453
1484457
1484462
1484464
1484469-1484471
1484476
1484489-1484491
1484493
1484495-1484497
1484500
1484505
1484509
1484512
1484517-1484518
1484520
1484522
1484537
1484539
1484541
1484558
1484562-1484564
1484571-1484573
1484575-1484576
1484579-1484581
1484585
1484587
1484591
1484617
1484631-1484634
1484637-1484639
1484641
1484643-1484644
1484647
1484650-1484653
1484687-1484694
1484696-1484700
1484705
1484712-1484713
1484716
1484733
1484737
1484742-1484747
1484749-1484753
1484761
1484770
1484777
1484794-1484797
1484832
1484849
1484869
1484873
1484880
1484882-1484883
1484885
1484890
1484892
1484894
1484898
1484903-1484904
1484916
1484921
1484924-1484925
1484939
1484952
1484960-1484961
1484970
1484972
1484978
1484980
1484991
1485000
1485008
1485023
1485027
1485033
1485035-1485036
1485040
1485042-1485043
1485045
1485047
1485055
1485057
1485061
1485073
1485123
1485139
1485158
1485160-1485161
1485167-1485168
1485171
1485206
1485212
1485218-1485221
1485223-1485224
1485226
1485229-1485231
1485233
1485235
1485237-1485241
1485245
1485247
1485249
1485252
1485263
1485266
1485276
1485283-1485288
1485290
1485294
1485298
1485305
1485309-1485312
1485322
1485324
1485327
1485331-1485333
1485337
1485339
1485341
1485343-1485344
1485362
1485366
1485380
1485382
1485384
1485386
1485388-1485389
1485392
1485394
1485397
1485400
1485408
1485411
1485417-1485418
1485420-1485421
1485423
1485446-1485447
1485450
1485457
1485461-1485462
1485464
1485467
1485471
1485473
1485475-1485477
1485485
1485488-1485492
1485510
1485512
1485558
1485565
1485575
1485586
1485591
1485607-1485610
1485612
1485617
1485620
1485633
1485643
1485673
1485675
1485678
1485701
1485707
1485745-1485746
1485750
1485756
1486008
1486487
1486492
1486564
1486648
1486663
1486751
1486771
1486831
1486836
1486863
1486891
1486894-1486895
1486897
1486902
1486910-1486911
1486921
1486928
1486939
1486953
1486991
1487011
1487014
1487022
1487029
1487033
1487082
1487091
1487101
1487103
1487135
1487209
1487223
1487275
1487285
1487339
1487346
1487348
1487354
1487356
1487656
1487753
1487950
1487957-1487958
1487978
1488047
1488176
1488262
1488264
1488289
1488299
1488309
1488311
1488323
1488329
1488336
1488339
1488352
1488369
1488450
1488493
1488517
1488579
1488585
1488604
1488619
1488695
1488702
1488706
1488715
1488720
1488723
1488767
1488770
1488780
1488789-1488790
1488795
1488802
1488822
1488829
1488834-1488835
1488837
1488864
1488918
1488920-1488921
1488948
1488992
1488994
1489000
1489012
1489035
1489039-1489041
1489059
1489065
1489083
1489137
1489145
1489147
1489153
1489162
1489164
1489196
1489199
1489213
1489224
1489232
1489238
1489245
1489253-1489254
1489256
1489260
1489262
1489265
1489268-1489270
1489272
1489274
1489278
1489288-1489290
1489292-1489296
1489299-1489300
1489304-1489306
1489321
1489323
1489332
1489338
1489340-1489341
1489343
1489345-1489349
1489351-1489354
1489376
1489389
1489406
1489409
1489412
1489419
1489497
1489694
1489766
1489823
1489907
1489927
1489942
1490027-1490028
1490305
1490329
1490434-1490436
1490438
1490442
1490448
1490450
1490452
1490455-1490457
1490459-1490462
1490469
1490471
1490478
1490481
1490484
1490496
1490498-1490500
1490502-1490504
1490508
1490519
1490522-1490527
1490529-1490541
1490543-1490548
1490550-1490553
1490569-1490570
1490572-1490573
1490626
1490638
1490642-1490643
1490646-1490649
1490654-1490657
1490951
1491109
1491502
1491521
1491578
1491617
1491621
1491662
1491665
1491677
1491681
1491705
1491763
1491769-1491770
1491775
1491777
1491782
1491788-1491789
1491793
1491803
1491806
1491840
1491843
1491854
1491860
1491863
1491869-1491870
1491883
1491892-1491893
1491897-1491898
1491901
1491904-1491905
1491907
1491911-1491914
1491918
1491922
1491928
1491935-1491937
1491950
1491978
1491995-1491996
1492024-1492025
1492029
1492033
1492035
1492037-1492039
1492041-1492042
1492050
1492057-1492063
1492065
1492069
1492075-1492077
1492079
1492089
1492100
1492111-1492112
1492116-1492117
1492120
1492122-1492124
1492129
1492131
1492136-1492137
1492141
1492144
1492161
1492168
1492195
1492198-1492199
1492214-1492216
1492218
1492224
1492228-1492230
1492239
1492242-1492243
1492274-1492275
1492291-1492292
1492294
1492313
1492325
1492344-1492345
1492348
1492351
1492353
1492358
1492360
1492365-1492366
1492376
1492381
1492397
1492419-1492421
1492441
1492445
1492454
1492462
1492464-1492465
1492474
1492488
1492490
1492500
1492503
1492507
1492510
1492515-1492516
1492518
1492520-1492522
1492534-1492536
1492547
1492550
1492554
1492556-1492557
1492563-1492566
1492568
1492570-1492571
1492575
1492578-1492580
1492582-1492583
1492586
1492591
1492593
1492597-1492598
1492601
1492610-1492611
1492615-1492616
1492620
1492622
1492624-1492625
1492627
1492629-1492633
1492636
1492639-1492640
1492643
1492647
1492651
1492654-1492655
1492663-1492668
1492678-1492679
1492681
1492687-1492688
1492691-1492694
1492699-1492704
1492708
1492710
1492715-1492718
1492721-1492727
1492729-1492736
1492743
1492747
1492753
1492760
1492764-1492768
1492770-1492773
1492780
1492782
1492784-1492787
1492793-1492794
1492798-1492800
1492802
1492806
1492809
1492815-1492816
1492818
1492821-1492823
1492827-1492829
1492831-1492836
1492846-1492848
1492852-1492854
1492857-1492858
1493209
1493239
1493262
1494206
1494467
1494482
1494648
1497224
1502937
1503906
1504318
1504811
1506210
1506226
1509523
1509527
1510253
1510629
1511495
1512082
1512419
1512965
1513111
1513165
1513622
1515802
1515862
1515895
1518381
1518754
1523490
1525013
1526872
1527481
1527647
1527794
1528534
1528601
1529207
1531582
1532335
1532713
1535794
1545824
1547260
1552623
1554183
1560081
1569461
1571726
1576871
1581171
1582427
1582432
1587176
1588289
1589986
1590884
1592830
1592991
1598400
1598956
1599761
1603251
1611509
1613163
1618759
1620069
1624998
1628994
1629281
1629682
1629902
1631727
1632064
1633279
1634392
1634394
1637248
1640910
1644121
1644520
1651919
1653508
1662091
1673565
1682191
1682342
1689023
1691596
1691786
1692667
1692756
1692881
1692892
1693373
1695125
1695245
1697380
1703073
1705754
1706026-1706027
1706059
1706700
1708927-1708928
1710893
1710901
1714042
1716654
1719304
1719856
1720952
1721084
1727585
1732039
1732489
1733225
1736940
1737973
1742013
1745867
1746329
1746665
1747169
1747252
1749214
1749462
1749570
1750859
1751795
1752964
1754926
1756493
1762233
1768110
1768122
1768124
1768138
1768145
1768164
1768167
1768180
1768182
1768185-1768186
1768189-1768191
1768200
1768202
1768206
1768209
1768211-1768214
1768226
1768241
1768246
1768248
1768255
1768264
1768278
1768281
1768284-1768286
1768290
1768296
1768299
1768306
1768319
1768336
1768345
1768350
1768355
1768371-1768372
1768375
1768380
1768383
1768387
1768389
1768393
1768408
1768410
1768413-1768414
1768417
1768420
1768425
1768438
1768446
1768448-1768449
1768455
1768460-1768461
1768465
1768470-1768471
1768477
1768481
1768503
1768507
1768512-1768514
1768516-1768518
1768523-1768524
1768526
1768534-1768535
1768540
1768543
1768550-1768551
1768555
1768564
1768568
1768572
1768577-1768578
1768580
1768585
1768596
1768598-1768599
1768602
1768608
1768616
1768623
1768626
1768643-1768645
1768650
1768654
1768661
1768675
1768678-1768679
1768681
1768698
1768708
1768732
1768740
1768743
1768746
1768749
1768763
1768768-1768769
1768771-1768773
1768776
1768778
1768780-1768781
1768791
1768796
1768811
1768814
1768818
1768821-1768822
1768824
1768827
1768830
1768832
1768837
1768840-1768841
1768849
1768852-1768853
1768855-1768857
1768859-1768860
1768865
1768867-1768869
1768871
1768873-1768874
1768877
1768880
1768885
1768887
1768894-1768896
1768899-1768900
1768903-1768905
1768908-1768909
1768919
1768947
1768976
1768983
1769017
1769025-1769026
1769028
1769032
1769034
1769036
1769050
1769052
1769079
1769082
1769085
1769093
1769098-1769099
1769101-1769108
1769110
1769113-1769114
1769117-1769118
1769120
1769125-1769130
1769148
1769150
1769213
1769267
1769345
1769416-1769417
1770877
1771438
1771847
1772266
1772335
1772446
1772466
1772787
1772859
1772863
1773040
1773708
1773730
1773737
1773742
1773744
1773746
1773763
1773767
1773772
1773778-1773779
1773788
1773790-1773791
1773800
1773802
1773806
1773808
1773810-1773813
1773815
1773828
1773837
1773849
1773854
1773861
1773883
1773889
1773896-1773899
1773906
1773909-1773910
1773914
1773923
1773934
1773944
1773947
1773958
1773968
1773971
1773979
1773994
1774000
1774012
1774014-1774016
1774022-1774023
1774025
1774029
1774032
1774048-1774049
1774052
1774055-1774056
1774058
1774063-1774064
1774069-1774070
1774080-1774082
1774088
1774091
1774095-1774097
1774099-1774101
1774106-1774113
1774116
1774120
1774127
1774134
1774137
1774139
1774152
1774163
1774173
1774181
1774183
1774187-1774188
1774193
1774196
1774206-1774208
1774228-1774229
1774233
1774240-1774241
1774243
1774245-1774254
1774267
1774277
1774286
1774302-1774303
1774307
1774321
1774324
1774326
1774344
1774351
1774356-1774357
1774360
1774366
1774368
1774373-1774375
1774406
1774411-1774412
1774415-1774416
1774419
1774426
1774433
1774440
1774442
1774459
1774461-1774462
1774466-1774469
1774480
1774484-1774487
1774494
1774510
1774514
1774516
1774521
1774523
1774530-1774531
1774554
1774559
1774562-1774563
1774566-1774567
1774592
1774601
1774606
1774620
1774625
1774647-1774650
1774662
1774740
1774771
1775292
1775696
1775977
1776147
1776707
1777198
1777236
1778067
1779304
1779554
1780034
1780050
1780299
1780368
1780408
1780447
1780489
1780500
1780502
1780504
1780506
1780509
1780512
1780514-1780515
1780517
1780519
1780531
1780533
1780539
1780545-1780546
1780548-1780551
1780555-1780556
1780566-1780572
1780575
1780578
1780602
1780624
1780629
1780661
1780669
1780674
1780720
1780724
1780780
1780838
1780846
1780851
1780855
1780857
1780910-1780911
1780965
1781405
1781539
1781581
1781656-1781657
1781669
1781935
1782018
1782057
1782225
1782248
1782256
1782266
1782271
1782295
1782301-1782302
1782308
1782322-1782323
1782325
1782333
1782335
1782340
1782342
1782361-1782362
1782365
1782368
1782380
1782385
1782389
1782403-1782404
1782409
1782415
1782426
1782442
1782448
1782451-1782452
1782455-1782456
1782460-1782461
1782467
1782478
1782484
1782490
1782492-1782493
1782508-1782509
1782513
1782525
1782540-1782541
1782543
1782548
1782560
1782565
1782568
1782576
1782588
1782590
1782595
1782598-1782599
1782601
1782604
1782606
1782610
1782617
1782620
1782636-1782637
1782642
1782649-1782650
1782657
1782661
1782663
1782666
1782687
1782710
1782713
1782717
1782724-1782725
1782729-1782730
1782733-1782735
1782737-1782746
1782748
1782758
1782760
1782762
1782769
1782774-1782775
1782777
1782780
1782784
1782790-1782791
1782796-1782798
1782800
1782803-1782806
1782809
1782811-1782813
1782815-1782817
1782826
1782829-1782834
1782839
1782844-1782845
1782848
1782853-1782855
1782857
1782870
1782882
1782888
1782894-1782895
1782898
1782901
1782904-1782907
1782909-1782911
1782913
1782915
1782921
1782923
1782925
1782930
1782933-1782934
1782938
1782943-1782944
1782947
1782961
1782969
1782971-1782984
1782987-1782988
1783004-1783005
1783008-1783009
1783011
1783014
1783016
1783031
1783041
1783046
1783048
1783054
1783058
1783064
1783066
1783070
1783073
1783078-1783082
1783084
1783087
1783091-1783093
1783100-1783105
1783107
1783110
1783112-1783113
1783116
1783122
1783125-1783129
1783132
1783135-1783141
1783147
1783151
1783154-1783155
1783170-1783171
1783177-1783178
1783180-1783184
1783188
1783191
1783194-1783199
1783202-1783205
1783211
1783213
1783223-1783225
1783232
1783240
1783244-1783246
1783249
1783251
1783257-1783260
1783263-1783264
1783269-1783271
1783276
1783278-1783280
1783282
1783285
1783287
1783301
1783304
1783310
1783322-1783323
1783325
1783333
1783337-1783339
1783345
1783347
1783350-1783353
1783357-1783365
1783367-1783368
1783378
1783380
1783386-1783387
1783392-1783393
1783395
1783399
1783403-1783407
1783415
1783424-1783426
1783436
1783438-1783439
1783441-1783444
1783448
1783450-1783451
1783453
1783455-1783457
1783459-1783460
1783462
1783464-1783470
1783478
1783482
1783494
1783502
1783521
1783525-1783526
1783529
1783542
1783545
1783553
1783556
1783571-1783572
1783577
1783581-1783584
1783587
1783594
1783596-1783597
1783606-1783607
1783619
1783621
1783638-1783639
1783641-1783642
1783644-1783646
1783652
1783655
1783657
1783662-1783664
1783667
1783672
1783674-1783679
1783682-1783686
1783690
1783692-1783694
1783701-1783702
1783715-1783717
1783721
1783727-1783728
1783734
1783743
1783747-1783749
1783752-1783756
1783758-1783763
1783772-1783773
1783775-1783780
1783782
1783786
1783791-1783792
1783807-1783808
1783810-1783818
1783824
1783826
1783838
1783840
1783844
1783848
1783857
1783872-1783876
1783879-1783883
1783885-1783887
1783889
1783899
1783902
1783911-1783912
1783914-1783916
1783918
1783920
1783923
1783926-1783929
1783932-1783936
1783938-1783939
1783942-1783944
1783950
1783956-1783958
1783962
1783965
1783970-1783975
1783979
1783981-1783990
1783993
1783995-1783996
1783999
1784001
1784005
1784007-1784012
1784014
1784022-1784025
1784027-1784031
1784038-1784039
1784041
1784048
1784050
1784054
1784056
1784064
1784075
1784090
1784095-1784098
1784101-1784103
1784105-1784106
1784134-1784135
1784141
1784168
1784170
1784192
1784204-1784206
1784210
1784220
1784233
1784268
1784272-1784273
1784284
1784321
1784350
1784355
1784358
1784364
1784367
1784371-1784372
1784375-1784376
1784385
1784406
1784412-1784414
1784426
1784428-1784429
1784434
1784436-1784437
1784439
1784451
1784458-1784461
1784464
1784505
1784509
1784521
1784553
1784606
1784615
1784677
1784731
1784741
1784750
1784761
1784763
1784768
1784792
1784805
1784837
1784844-1784846
1784853
1784855-1784856
1784883
1784886
1784891
1784893
1784914
1784941
1784945-1784946
1784963-1784967
1784969
1784971-1784972
1784974-1784976
1784979-1784983
1784987-1784988
1784996
1785127
1785134
1785203
1785251-1785253
1785262
1785268-1785271
1785273-1785275
1785289
1785302
1785471
1785665
1785713
1785715
1785768
1785806-1785807
1785846-1785848
1785854
1785857-1785858
1785863
1785874-1785884
1785890-1785891
1785899-1785900
1785920
1785922
1785926
1785928
1785936-1785937
1785939-1785945
1785990
1786382
1786931
1787374
1787795
1788029
1788066
1788098
1788196
1788204
1788267
1788269-1788270
1788274
1788303
1788307
1788312
1788315
1788323
1788325
1788329
1788331
1788335
1788339
1788344
1788351-1788352
1788354
1788356
1788361
1788366
1788369
1788380
1788411
1788413
1788428
1788474
1788482
1788495
1788516
1788533
1788539
1788544
1788546
1788551-1788552
1788555
1788558
1788560
1788580
1788583-1788585
1788590
1788592
1788595-1788596
1788598
1788602
1788605
1788607
1788609
1788615
1788617
1788625-1788628
1788641
1788658
1788670
1788676
1788686-1788687
1788696
1788700
1788703
1788709
1789028
1789046
1789182
1789228
1789269
1789280
1789320-1789321
1789329
1789453
1789462
1789493
1789524
1789532
1789536
1789589-1789590
1789594
1789607
1789631
1789634
1789644
1789667
1789686
1789692
1789696
1789700
1789703-1789704
1789706-1789708
1789716
1789719
1789727-1789728
1789737
1789739-1789741
1789749
1789781
1789784
1789794
1789911
1789947
1789978
1790025
1790058
1790259
1790308
1790313
1790335
1790506
1790521
1790564
1790675
1790720
1790731
1790773
1790778
1790786-1790788
1790795-1790797
1790811
1790826
1790878-1790879
1790886
1790905
1790933
1790946
1790954-1790956
1790958
1790997
1791000
1791009
1791016
1791029
1791050
1791052
1791060
1791067
1791078
1791080-1791081
1791101
1791104
1791111
1791124
1791136
1791138
1791154
1791162
1791165
1791194-1791195
1791204
1791236
1791244
1791257
1791327
1791342
1791391
1791424
1791450
1791453
1791495
1791556-1791557
1791739
1791782
1791791
1791801
1791894
1791924
1791937
1791947
1791987
1791993
1792003
1792007
1792010
1792019
1792024
1792028
1792031-1792032
1792035
1792044
1792091
1792107
1792112-1792113
1792116
1792121-1792122
1792183
1792263
1792376
1792393
1792461
1792475
1792480
1792490
1793578
1794478
1794619
1794671
1794689
1794730
1794734
1794752
1794755
1794760
1794776
1794783-1794785
1794792
1794803-1794808
1794818
1794856
1794859
1794862
1794882
1794884-1794885
1794899
1794904
1794910
1794918
1794926
1794938
1794953
1794958
1794969-1794970
1794978
1794981-1794982
1794987
1794989-1794990
1795013
1795015
1795017-1795019
1795029-1795031
1795036
1795040
1795045
1795050
1795052
1795068
1795075
1795092
1795106
1795109
1795112
1795114
1795118
1795120
1795122-1795123
1795127
1795132
1795144-1795145
1795151
1795154
1795157
1795161
1795164
1795167-1795168
1795180
1795223
1795228
1795232
1795244
1795255
1795271
1795275
1795286-1795287
1795297
1795318
1795339
1795345
1795355
1795358-1795359
1795367
1795374
1795390-1795392
1795429-1795430
1795434
1795439
1795457
1795472
1795489
1795493
1795495-1795496
1795511-1795512
1795517-1795519
1795521
1795523-1795524
1795540
1795542
1795546
1795552
1795559-1795560
1795570
1795576-1795578
1795580
1795589
1795605-1795606
1795625
1795627-1795628
1795631
1795634
1795637-1795639
1795646
1795650
1795653-1795654
1795656-1795657
1795662
1795665
1795670
1795679
1795694
1795706-1795707
1795710
1795715
1795731
1795742
1795744-1795746
1795756
1795779
1795782
1795787
1795794
1795820-1795821
1795823
1795826
1795830
1795834-1795836
1795843
1795845
1795919
1795923-1795925
1795928
1795931-1795933
1795940
1795951-1795952
1795956
1795958
1795963-1795965
1795969
1795972
1795985
1795987
1796000-1796001
1796007-1796012
1796021-1796023
1796025
1796040-1796043
1796045
1796047
1796078
1796094-1796095
1796098
1796101
1796106-1796107
1796116-1796120
1796134
1796152-1796155
1796158
1796170-1796173
1796178
1796180-1796181
1796183-1796184
1796186-1796189
1796321
1796329
1796383
1796442
1796444
1796448
1796526
1796530
1796538
1796540-1796545
1796547
1796549
1796601
1796614-1796615
1796691
1796693
1796737-1796738
1796744
1796746
1796750-1796751
1796756
1796773
1796775
1796780-1796781
1796783-1796784
1796787
1796789
1796793-1796795
1796799
1796807
1796809
1796814-1796815
1796817
1796828
1796841-1796843
1796846-1796847
1796850
1796853
1796856
1796861
1796863
1796873-1796874
1796878
1796880
1796890
1796904
1796913
1796936
1796953
1796961
1796966
1796990-1796992
1797006
1797012
1797018-1797020
1797045
1797054
1797065
1797079-1797080
1797088
1797094
1797099
1797108
1797133
1797135
1797140
1797143
1797147-1797149
1797165
1797169
1797173
1797178
1797192-1797195
1797199-1797200
1797215
1797217
1797233
1797238
1797241-1797243
1797255
1797257-1797258
1797275
1797281
1797284
1797293-1797294
1797297
1797299-1797300
1797310
1797313-1797314
1797318
1797366
1797376
1797417
1797419
1797441
1797444
1797446
1797454-1797455
1797459
1797463
1797465-1797466
1797470
1797474
1797476
1797481-1797482
1797492-1797493
1797495
1797497-1797498
1797506
1797509
1797523-1797524
1797526
1797530
1797532-1797533
1797535
1797537
1797539
1797541-1797542
1797549-1797550
1797561-1797562
1797565
1797567
1797569
1797572-1797573
1797576-1797578
1797593
1797603
1797605
1797608
1797614
1797618
1797633
1797636-1797638
1797640-1797642
1797649-1797650
1797653-1797660
1797662
1797673-1797674
1797683
1797690
1797693
1797696-1797700
1797704
1797711-1797712
1797718
1797725
1797742-1797744
1797750
1797757
1797784
1798413
1798460
1798577
1798579-1798580
1798590-1798591
1798594-1798595
1798600
1798604
1798606
1798609
1798613
1798615-1798617
1798629
1798631
1798635-1798636
1798640-1798641
1798646
1798705
1798708
1798711
1798714
1798717
1798720
1798729-1798730
1798744-1798745
1798750-1798751
1798763
1798766-1798767
1798770
1798772
1798791-1798796
1798801
1798803
1798805-1798813
1798816
1798819-1798820
1798822-1798823
1798826-1798829
1798831-1798833
1798961
1801274
1801658
1802793
1804659
1805250
1805390
1805785
1805963
1806255
1806282
1806500
1806602
1806656
1806663
1806675
1806679
1806686
1806695
1806703-1806704
1806717
1806720-1806723
1806726-1806731
1806733-1806734
1806736-1806737
1806740
1806745-1806749
1806751-1806752
1806755-1806756
1806767
1806769-1806770
1806772
1806779-1806781
1806786-1806790
1806795-1806796
1806802
1806831-1806835
1806839
1807184
1813230
1816052
1818106
1834671
1835881
1835934
1836027
1836847
1837043
1837203
1837205
1838272
1838452
1838673
1839737
1839775
1840535
1841028
1841413
1843213
1843646
1843677
1843876
1843900
1844090
1844104
1844228
1844294
1844373
1844380
1844386
1844653
1844698
1844791
1844803
1844913
1844931
1844971
1844997
1845008
1845014
1845020
1845045
1845074
1845082
1845274
1845287
1845298
1845394
1845427
1845471
1845483
1845535
1845605
1845641
1845652
1845667
1845870
1845895
1845943
1845950
1846005
1846030
1846037
1846042
1846105
1846233
1846420
1846793
1846910
1847314
1847381
1847816
1848013
1848021
1848105
1848486
1848488
1848526
1848610-1848611
1848710
1849213
1849861
1849981
1850031
1850036
1850066
1850130
1850664
1851057
1851089
1851261
1851357
1851369
1851382
1851623
1851716
1852074
1852102
1852112
1852139-1852140
1852147
1852241
1852299
1852320
1852343
1852390
1852396
1852406
1852413
1852427
1852446
1852484
1852521
1852531
1852554
1852557-1852558
1852580
1852583-1852584
1852590
1852596
1852610
1852616
1852665
1852707
1852710-1852711
1852741
1852745
1852749
1852751
1852764
1852783
1852793
1852795
1852964
1852998
1853008
1853028
1853044
1853074
1853078
1853106
1853115
1853140
1853142
1853146
1853155
1853196
1853203
1853207
1853214
1853219
1853221-1853225
1853255
1853262-1853264
1853284
1853291
1853302
1853304
1853324
1853329-1853330
1853339
1853341
1853344
1853359
1853389-1853390
1853395
1853430
1853436
1853458
1853463-1853464
1853466-1853468
1853475-1853476
1853480
1853482
1853490-1853493
1853495-1853502
1853506
1853509
1853528
1853534-1853539
1853542-1853544
1853547
1853549-1853550
1853552
1853561
1853565
1853581-1853584
1853602-1853604
1853606
1853622
1853635
1853637
1853656
1853661
1853665
1853673
1853685
1853689
1853691-1853692
1853695-1853696
1853705
1853726
1853732
1853766
1853778
1853793-1853794
1853799
1853805
1853808
1853831
1853846
1853853
1853856
1853863
1853872
1853875
1853880
1853891
1853918
1853923
1853935
1853943
1853950
1853957
1853961
1853990-1853992
1853995
1854003-1854004
1854006
1854020
1854037
1854042
1854044
1854048
1854050-1854051
1854062
1854070-1854071
1854085
1854094
1854097
1854101
1854111-1854112
1854134
1854140
1854150
1854162
1854225-1854226
1854277
1854285
1854291
1854293
1854295-1854296
1854299-1854300
1854317
1854323
1854397
1854813
1854862
1854908
1854911
1854914
1854916
1854918-1854920
1854935
1854960
1854998
1855012
1855038
1855051
1855118
1855146
1855153
1855155
1855158
1855162
1855164
1855166
1855176
1855182
1855186
1855189
1855191
1855196
1855206
1855246
1855252
1855275
1855295
1855301
1855305-1855307
1855313
1855315
1855322-1855323
1855328
1855330
1855333-1855334
1855338-1855339
1855343
1855358-1855359
1855367
1855374-1855375
1855401
1855405-1855406
1855426
1855444-1855446
1855462
1855475
1855478-1855479
1855481
1855504
1855506
1855517
1855522
1855524
1855527
1855532
1855534
1855538
1855542
1855545
1855548
1855550
1855555-1855556
1855558
1855563-1855566
1855569-1855570
1855575
1855579
1855585-1855588
1855590-1855591
1855597-1855599
1855601-1855603
1855605
1855611-1855612
1855615
1855617
1855621
1855627
1855631
1855633
1855640-1855641
1855643
1855648
1855651
1855655-1855656
1855658
1855674
1855677
1855680-1855681
1855683
1855709
1855715-1855717
1855726-1855727
1855734-1855735
1855762
1855784
1855788
1855792
1855795-1855796
1855802
1855808
1855822-1855823
1855828
1855842-1855843
1855850
1855856
1855859
1855867
1855874
1855877
1855883
1855886
1855890-1855891
1855894
1855907
1855909
1855911
1855916
1855922
1855924-1855925
1855930
1855934
1855938-1855939
1855950
1855960-1855963
1855967
1855972-1855974
1855979-1855980
1856008
1856017
1856036
1856044
1856060
1856065
1856073
1856084
1856087
1856108
1856112
1856119
1856121-1856122
1856131-1856132
1856145
1856152-1856153
1856155
1856157
1856159-1856161
1856164-1856167
1856169
1856171
1856173
1856183-1856185
1856193
1856202-1856203
1856208-1856209
1856232
1856241
1856244
1856252-1856253
1856258
1856260-1856261
1856264
1856275
1856277
1856279
1856292
1856297
1856299
1856305-1856307
1856309
1856317-1856319
1856332
1856334
1856342
1856389-1856390
1856412
1856418-1856419
1856424
1856441
1856451
1856457
1856464
1856471-1856472
1856475
1856483
1856502
1856515
1856519
1856526
1856528
1856533
1856540-1856542
1856545-1856546
1856564
1856569
1856576
1856589-1856590
1856593
1856598
1856601-1856602
1856629-1856630
1856648-1856652
1856662-1856664
1856666
1856674
1856684
1856698
1856708-1856710
1856714
1856725
1856734-1856735
1856737-1856739
1856742-1856743
1856745-1856746
1856756-1856757
1856760
1856764-1856765
1856767
1856769-1856770
1856773
1856775-1856776
1856778-1856779
1856782
1856784
1856786-1856787
1856789
1856793-1856794
1856796-1856799
1856804
1856810
1856815-1856817
1856819
1856821-1856826
1856828-1856830
1856833-1856834
1856863
1856875
1856877
1856887-1856889
1856909
1856913
1856918
1856939
1856960
1856983
1856989
1856993
1857005
1857060
1857074-1857076
1857080
1857086
1857097
1857099-1857100
1857102
1857104
1857111
1857131
1857143
1857159
1857161
1857182
1857185
1857214-1857217
1857226
1857228
1857255
1857259-1857260
1857262
1857273
1857293
1857311
1857315-1857316
1857318
1857327
1857342
1857357
1857361
1857366-1857374
1857378
1857382
1857386
1857393-1857394
1857403
1857405
1857419-1857420
1857424
1857426
1857428
1857434
1857446
1857451
1857465
1857477-1857478
1857482
1857491
1857494
1857501
1857508
1857513
1857517
1857524
1857538-1857539
1857542
1857544-1857546
1857549
1857554-1857555
1857558-1857559
1857565-1857566
1857569
1857573
1857578-1857579
1857588
1857591
1857596
1857599-1857600
1857606
1857611
1857632
1857637
1857645
1857659
1857664
1857667-1857672
1857675-1857677
1857680
1857684-1857685
1857698-1857700
1857730
1857745
1857751
1857754
1857764
1857767
1857775
1857784-1857785
1857795
1857799
1857804
1857806
1857812
1857820-1857821
1857824-1857825
1857827-1857828
1857830-1857831
1857835-1857837
1857840-1857842
1857847
1857849
1857851
1857857
1857867-1857868
1857870-1857871
1857876
1857880
1857885
1857887
1857889
1857892
1857895-1857897
1857899-1857900
1857903
1857907-1857910
1857916
1857923
1857926
1857929
1857935
1857942
1857945
1857949
1857955
1857959
1857964
1857969
1857971
1857989
1857991
1858004
1858012
1858023
1858027
1858034
1858039
1858051
1858054
1858065
1858070
1858072-1858073
1858076
1858078
1858083-1858084
1858086-1858087
1858094-1858096
1858116
1858118
1858120
1858124
1858128
1858136
1858142
1858145
1858149
1858160
1858172-1858173
1858181-1858182
1858184
1858193-1858195
1858202
1858212
1858214
1858217
1858224
1858231
1858234-1858235
1858244
1858248
1858260
1858266
1858270
1858302-1858303
1858337
1858343
1858351
1858360
1858364-1858365
1858367
1858369-1858374
1858376
1858379
1858381
1858383
1858386
1858388
1858390
1858392
1858427
1858430
1858439
1858449-1858450
1858453
1858457
1858480-1858482
1858490
1858497
1858499
1858502
1858505
1858518
1858526
1858528
1858530
1858532
1858536
1858543
1858547-1858548
1858550
1858553
1858582
1858584
1858592
1858596
1858602
1858604-1858605
1858629
1858644
1858648
1858654
1858662
1858668-1858670
1858733
1858737
1858739
1858741
1858744-1858745
1858748
1858750-1858752
1858766
1858771
1858773
1858776
1858778
1858782
1858784
1858788
1858808
1858829
1858833
1858840
1858864
1858882
1858884
1858893
1858908-1858909
1858914
1858916-1858918
1858921-1858923
1858925
1858928-1858929
1858937
1858971
1858977
1858980
1858982-1858990
1858992-1858997
1859000-1859002
1859006-1859007
1859018
1859021
1859024
1859030
1859097
1859108
1859169
1859197
1859242
1859279
1859479
1859609
1859673
1859688
1859844
1860065
1860231
1860273
1860297
1860597
1860900
1860918
1861912
1862179
1862244
1862423
1862772
1862823
1862931
1862940
1862948
1862956
1863019
1863026
1863031
1863051
1863256
1863270
1863272
1863309
1863314
1863338
1863362
1863369
1863385-1863386
1863388
1863396
1863402
1863410
1863413
1863423
1863437
1863449
1863454
1863458
1863468
1863477
1863483
1863490-1863491
1863498
1863501
1863508
1863513
1863531
1863533
1863536
1863544
1863546
1863566
1863570
1863578
1863582
1863586
1863588-1863590
1863594
1863605-1863606
1863608
1863611
1863618
1863622-1863623
1863629-1863631
1863634
1863639-1863640
1863642
1863646-1863648
1863650-1863654
1863656-1863658
1863670
1863680
1863709
1863716
1863731
1863733-1863734
1863765-1863766
1863768
1863779
1863782
1863785
1863805
1863818
1863820-1863821
1863878
1863882
1863886
1863907
1863915
1863920-1863921
1863923
1863925-1863929
1863939
1863964
1864027
1864034
1864040
1864046
1864068
1864078
1864106
1864136
1864178
1864184
1864187
1864222
1864252
1864255
1864337
1864356-1864357
1864362
1864366-1864367
1864369-1864371
1864379
1864392
1864394
1864413
1864428
1864497
1864499
1864501
1864522
1864547
1864587
1864589
1864597
1864600
1864609
1864611
1864620
1864635
1864642
1864659
1864661
1864702-1864703
1864723
1864731
1864751
1864768
1864783
1864793
1864801
1864807
1864831
1864836
1864838
1864840
1864848
1864855-1864856
1864858-1864859
1864878
1864883
1864885
1864890
1864892
1864896-1864897
1864919
1864921
1864926-1864928
1864943
1864945
1864951
1864961
1864971
1864981
1864991-1864992
1865016
1865022
1865038
1865041
1865053
1865065
1865079
1865081
1865109
1865148
1865301
1865373
1865378
1865428-1865429
1865446
1865495
1865501
1865515
1865518
1865535
1865547
1865567
1865577
1865616
1865619-1865620
1865624
1865635
1865659
1865671
1865674
1865716
1865725
1865736-1865739
1865744
1865746
1865761-1865762
1865764
1865766
1865774-1865775
1865778-1865780
1865786-1865789
1865793-1865794
1865796
1865816
1865824
1865832
1865840-1865841
1865847
1865872
1865896
1865905
1865946
1865961
1865970
1865993
1866010
1866028
1866030
1866034
1866041
1866045
1866085
1866097
1866104
1866108
1866129
1866256
1866263
1866302
1866406
1866491
1866524
1866533
1866535
1866557-1866558
1866560
1866586
1866593
1866603
1866606
1866619
1866629
1866634
1866646
1866650
1866657
1866661-1866663
1866665-1866666
1866677-1866678
1866682
1866691
1866695
1866710
1866714
1866716-1866717
1866720
1866727
1866739
1866748
1866767
1866800
1866826
1866836
1866856
1866875
1866884
1867021
1867051
1867070
1867080
1867131
1867135
1867156
1867203
1867262
1867332
1867343
1867347
1867376
1867394
1867408
1867425-1867426
1867511
1867529
1867575
1867583
1867589
1867618
1868247-1868248
1868290
1868318
1868440
1868464
1868472
1868511
1868532
1868534
1868537
1868558
1868571-1868572
1868599
1868621
1868639
1868651
1868660
1868675
1868759
1868779
1868821
1868856
1868900
1868945
1868983
1869188
1869221
1869247
1869254
1869320
1869516
1869568-1869569
1869575
1869626
1869656
1869676
1869941
1870197
1870292
1870307
1870325
1870343
1870408
1870695
1870800
1870853
1870941
1870955
1870960
1870963
1870975
1871039
1871052
1871061
1871066-1871067
1871073
1871092
1871099
1871101
1871123
1871142
1871152
1871158-1871159
1871175
1871182-1871184
1871188
1871190-1871191
1871194-1871197
1871199-1871201
1871204-1871205
1871224
1871230
1871241
1871253-1871254
1871257
1871268
1871279
1871308
1871338-1871339
1871349-1871350
1871353
1871355-1871358
1871360-1871362
1871366
1871368-1871369
1871371-1871374
1871376-1871378
1871380-1871381
1871395
1871405
1871417
1871425-1871426
1871429
1871442
1871452
1871466
1871472
1871475-1871482
1871529
1871549-1871551
1871555
1871557
1871560
1871562
1871577
1871592
1871603
1871618
1871625
1871627-1871628
1871631
1871634
1871637
1871640-1871641
1871644
1871646
1871649
1871653
1871667-1871668
1871670
1871674
1871677-1871678
1871680
1871683-1871684
1871686-1871687
1871690
1871693-1871695
1871697
1871700
1871703
1871705
1871707-1871708
1871710-1871712
1871714-1871717
1871719-1871725
1871727-1871728
1871730-1871738
1871742
1871757-1871758
1871767
1871782-1871783
1871788-1871789
1871813-1871815
1871819-1871820
1871843
1871853
1871856-1871857
1871859
1871863
1871867
1871871
1871874-1871875
1871885
1871944
1871949
1872768
1873012
1874003
1874033
1874107
1874236
1875268
1875312
1875669
1875832
1876011
1876652
1876719
1877068
1877083
1877090
1877098
1877173
1877177
1877393
1877714
1877996
1878068
1878144
1878871
1878970
1878995
1879107
1879139
1879187
1879193
1879259
1879371
1879380
1879423
1879432
1879450
1879469
1879474
1879477
1879486
1879500
1879521
1879570
1879589
1879602
1879619
1879630-1879631
1879634
1879639
1879645
1879650
1879681
1879683
1879692
1879695
1879713-1879714
1879737
1879767
1879770
1879837
1879869
1879892
1879908
1879914-1879915
1879918
1879922
1879935
1879937
1879946
1879958
1879961
1879987
1879992
1880011
1880014
1880017
1880034
1880081-1880082
1880085
1880095
1880099
1880102
1880109
1880114
1880125
1880135
1880164
1880180
1880195
1880231
1880243
1880256
1880265
1880268
1880276
1880284
1880288
1880298
1880308
1880312
1880314
1880319-1880320
1880326
1880336-1880341
1880344-1880346
1880353
1880355
1880361
1880363
1880365
1880373
1880395
1880402
1880404
1880408
1880418-1880419
1880436
1880450
1880463-1880464
1880466
1880477
1880479-1880483
1880488-1880489
1880531
1880551
1880559
1880571-1880572
1880578
1880596
1880599-1880600
1880604
1880606
1880617
1880620
1880623
1880631
1880681
1880683
1880686-1880687
1880692
1880701-1880702
1880709
1880714
1880723
1880726
1880730
1880732
1880737-1880738
1880744
1880758-1880759
1880763
1880771
1880774
1880787
1880794
1880796
1880799
1880804
1880809
1880820-1880821
1880823
1880826
1880829-1880830
1880838
1880869
1880881
1880885-1880887
1880894
1880902
1880905
1880908
1880910
1880915-1880917
1880930
1880932
1880940-1880941
1880945
1880978
1881007-1881008
1881019
1881022
1881027
1881047-1881048
1881062
1881069
1881074
1881101
1881114
1881120
1881143
1881152
1881159
1881168
1881189
1881206
1881248
1881315
1881324
1881338
1881362
1881394
1881397
1881402
1881521
1881530
1881562
1881573
1881579
1881596
1881613
1881641
1881647
1881654
1881678
1881680
1881682
1881690
1881692
1881705
1881725
1881761
1881765
1881777
1881783
1881799
1881875
1881888
1881926
1881929
1881944
1881951
1881955
1881980
1881988
1881991
1881996
1882004
1882007
1882031
1882037-1882039
1882046
1882057
1882075-1882076
1882080-1882081
1882091
1882097
1882099-1882100
1882103
1882109
1882125
1882129
1882144
1882147-1882148
1882154
1882160
1882166
1882169
1882176
1882192
1882195
1882197
1882202-1882203
1882206-1882207
1882211
1882213
1882217-1882218
1882223-1882225
1882227
1882230-1882231
1882233
1882235
1882237-1882238
1882246-1882249
1882252
1882277-1882279
1882296
1882299
1882308
1882310
1882316
1882320
1882327
1882330
1882342-1882344
1882347
1882356-1882357
1882380
1882383
1882390
1882396
1882400-1882402
1882406
1882411
1882413
1882421-1882423
1882425
1882427-1882431
1882434-1882436
1882448-1882449
1882453
1882455
1882469
1882483
1882498
1882502
1882504
1882515-1882517
1882531
1882548
1882553
1882557-1882558
1882571
1882574-1882575
1882580
1882586
1882592
1882594
1882596-1882597
1882601-1882602
1882606
1882613
1882615
1882618-1882620
1882623-1882626
1882628
1882636
1882639-1882642
1882645
1882650
1882654-1882655
1882659-1882662
1882669-1882670
1882676
1882678
1882681-1882682
1882685
1882688
1882690
1882693
1882696-1882697
1882704
1882710-1882712
1882714-1882716
1882723
1882726-1882728
1882735
1882737-1882739
1882741-1882744
1882752-1882756
1882758
1882760-1882763
1882767-1882768
1882770-1882777
1882779-1882780
1882786
1882789-1882790
1882794
1882797-1882801
1882807
1882810
1882827
1882829
1882832
1882835
1882845
1882853-1882854
1882856-1882858
1882860-1882872
1882874-1882875
1882877
1882882-1882883
1882885
1882888-1882890
1882897
1882899-1882900
1882903
1882905
1882907
1882909
1882911
1882916
1882933-1882934
1882945
1882951-1882954
1882956
1882958
1882960-1882963
1882969
1882972-1882973
1882978
1882981
1882983
1882987-1882988
1882991
1882994-1882998
1883000
1883007-1883009
1883015-1883016
1883018
1883022
1883025
1883033
1883042
1883047-1883048
1883050-1883052
1883054-1883055
1883062-1883064
1883067
1883073-1883074
1883077-1883078
1883083
1883088
1883090-1883091
1883095
1883098
1883104-1883108
1883110-1883112
1883117
1883121-1883122
1883130-1883131
1883133-1883134
1883136-1883137
1883139-1883141
1883143-1883144
1883146
1883148
1883155-1883166
1883170-1883171
1883174-1883176
1883180-1883183
1883185
1883191
1883194
1883202-1883204
1883206-1883209
1883217
1883221
1883228
1883230
1883239
1883241
1883244
1883246
1883260
1883262
1883271
1883278
1883287
1883292
1883312
1883315
1883321
1883325
1883338
1883344
1883364
1883390
1883394
1883397-1883398
1883411-1883412
1883418
1883421-1883422
1883424
1883442-1883443
1883446
1883449-1883451
1883454
1883462-1883464
1883469
1883472-1883473
1883475
1883479
1883482-1883483
1883488
1883491
1883493-1883495
1883499-1883500
1883513
1883516
1883520
1883523-1883524
1883531
1883535
1883542
1883546
1883548-1883550
1883556
1883559
1883562
1883564
1883567
1883573-1883574
1883577-1883581
1883583-1883584
1883590-1883593
1883595-1883601
1883603-1883607
1883609
1883611-1883612
1883614
1883622-1883623
1883629
1883633
1883637-1883638
1883641-1883644
1883660-1883661
1883664-1883665
1883668-1883669
1883677-1883678
1883680
1883689-1883690
1883694
1883696-1883698
1883705
1883707-1883708
1883710
1883713-1883727
1883729
1883733
1883737-1883739
1883741
1883744-1883748
1883751-1883752
1883754
1883756
1883760
1883765-1883766
1883772-1883773
1883775
1883783
1883785
1883792
1883799-1883803
1883811-1883812
1883820
1883824
1883827
1883829
1883835-1883836
1883850
1883877
1883905
1883907-1883908
1883910
1883925
1883928
1883945
1883949
1883951-1883953
1883974
1883987
1883997
1884007-1884008
1884023
1884046-1884047
1884061
1884103
1884106
1884128
1884163-1884164
1884169
1884173
1884176
1884180
1884187
1884191
1884194
1884198
1884203-1884207
1884210
1884218
1884227
1884233
1884239
1884241
1884245
1884249
1884273-1884281
1884283-1884285
1884310
1884334-1884335
1884338
1884357
1884362-1884363
1884365-1884366
1884380
1884427
1884449
1884460
1884514
1884571
1884639
1884654
1884660
1884698
1884712
1884727
1884730
1884736
1884764
1884788
1884911
1885014
1885018
1885049
1885064
1885134
1885138
1885166
1885310
1885390
1885416
1885473
1885494
1885518
1885549
1885551
1885585
1885618
1885662
1885666
1885676
1885685
1885695-1885696
1885710
1885713
1885727
1885733-1885734
1885738
1885741
1885743
1885753
1885768
1885773
1885776
1885779
1885782-1885789
1885791-1885800
1885804
1885806-1885808
1885811
1885815
1885818
1885837-1885840
1885843-1885845
1885851
1885863-1885865
1885868
1885900
1885906
1885909
1885912
1885927-1885928
1885940
1885942
1885944-1885945
1885948-1885950
1885953
1885955
1885957
1885959-1885960
1885963
1885966
1885973
1885978
1885982-1885983
1885985
1885995
1886001
1886007
1886022
1886031
1886038
1886040-1886041
1886043
1886047
1886053
1886055
1886057-1886059
1886064
1886073
1886077-1886079
1886081
1886083-1886084
1886086
1886088
1886094-1886095
1886108
1886110
1886113
1886130
1886132
1886138
1886142
1886146
1886149
1886151
1886155
1886163
1886165-1886166
1886168
1886171-1886172
1886183
1886187-1886188
1886192
1886196-1886197
1886200
1886203
1886206
1886208
1886211
1886215
1886219
1886223
1886231-1886234
1886236-1886238
1886240
1886249-1886250
1886253
1886256
1886260
1886266
1886269
1886271-1886272
1886275
1886286
1886289
1886292
1886295
1886299
1886302
1886304
1886306
1886309
1886313-1886315
1886317-1886318
1886321-1886323
1886327-1886328
1886337-1886338
1886340-1886342
1886344-1886345
1886347-1886348
1886353
1886355
1886365
1886373
1886377-1886378
1886382
1886394-1886398
1886404
1886410
1886412
1886414
1886425-1886426
1886432
1886434
1886436
1886441
1886444-1886445
1886447-1886448
1886467
1886474
1886486
1886489
1886492-1886493
1886496-1886497
1886503
1886513-1886521
1886531-1886533
1886535-1886536
1886538
1886540
1886552
1886555-1886556
1886558
1886560-1886561
1886563-1886564
1886572-1886573
1886575-1886576
1886581-1886582
1886593
1886596-1886597
1886599
1886601
1886603-1886612
1886615-1886616
1886622-1886623
1886655
1886660
1886663-1886665
1886667
1886669
1886671-1886673
1886676-1886677
1886680-1886681
1886683
1886686
1886689-1886690
1886695-1886696
1886698-1886702
1886704
1886709-1886711
1886713-1886714
1886716-1886719
1886721
1886724
1886726
1886731-1886733
1886744
1886746-1886751
1886758-1886760
1886777
1886784
1886787
1886792-1886793
1886796-1886797
1886799-1886801
1886804
1886808-1886810
1886813
1886815
1886818
1886823
1886827-1886828
1886831
1886833
1886835
1886843
1886851
1886857
1886859
1886867
1886873
1886892
1886915
1886923
1886925-1886926
1886937
1886947-1886950
1886953
1886955-1886957
1886963-1886970
1886992
1886995
1886997-1886998
1887001-1887004
1887006
1887023
1887028
1887055
1887061
1887093
1887104
1887178
1887249
1887324-1887325
1887334
1887384
1887418
1887420
1887621
1887656
1887662
1887665
1887675
1887679
1887682-1887688
1887696
1887712
1887748
1887776
1887803
1887858
1887872
1887904
1887914
1887919
1887934
1887942
1887971-1887972
1887987
1887991
1887997
1888005
1888010
1888022
1888029
1888039
1888064-1888065
1888067
1888075
1888078-1888080
1888087
1888100
1888115-1888116
1888128
1888135
1888151
1888171
1888186
1888201
1888237
1888239
1888256
1888259
1888261
1888267
1888288
1888293
1888302-1888304
1888306-1888308
1888311
1888313
1888315-1888316
1888328
1888335-1888337
1888342
1888347
1888350
1888352
1888356-1888357
1888359-1888361
1888363-1888366
1888372
1888375
1888380
1888396
1888398
1888402-1888403
1888405
1888408
1888412
1888414
1888422-1888423
1888426
1888428
1888437
1888447
1888457
1888463
1888479
1888482-1888483
1888488
1888503-1888504
1888508-1888509
1888515
1888519
1888522-1888524
1888533
1888539-1888541
1888543-1888544
1888548
1888554
1888559
1888564
1888566-1888569
1888578
1888596
1888599
1888613
1888619
1888623
1888637
1888643
1888646
1888655
1888659-1888660
1888672-1888674
1888678-1888679
1888682-1888685
1888700
1888706
1888730
1888737-1888739
1888745-1888746
1888748
1888773
1888794
1888809
1888823
1888859
1888878
1888883
1889202
1889205
1889229
1889238
1889263
1889359
1889364
1889366
1889424-1889425
1889428
1889435-1889436
1889460
1889485
1889507
1889517
1889555
1889565
1889594
1889596
1889602
1889612
1889620
1889633
1889636-1889637
1889643
1889649
1889654
1889671
1889719
1889729
1889747
1889750
1889760
1889770
1889784-1889786
1889797
1889809-1889813
1889851
1889853
1889855
1889860
1889879
1889894
1889918
1889927
1889941-1889942
1889946
1889987
1889990
1889994
1890003
1890023
1890056
1890074-1890075
1890077
1890084
1890089-1890090
1890095-1890097
1890099
1890101-1890102
1890119
1890135
1890142
1890231
1890240
1890245
1890270
1890279-1890280
1890285
1890296
1890308
1890312
1890315
1890359
1890361
1890364-1890365
1890369
1890420
1890429
1890451
1890483
1890526
1890534-1890536
1890539-1890540
1890687
1890693
1890705-1890706
1890779
1890887
1890894
1890910
1890947
1890969
1890995
1891040
1891045
1891050
1891080
1891094
1891102
1891110
1891150
1891154-1891156
1891170
1891176
1891197-1891199
1891203-1891204
1891208
1891221
1891224
1891237
1891239
1891251
1891254-1891258
1891268-1891270
1891285-1891289
1891300
1891313
1891318
1891325
1891341-1891342
1891347-1891349
1891360
1891368
1891388-1891390
1891399
1891408
1891413
1891416-1891417
1891420
1891438-1891439
1891470
1891484
1891486
1891490
1891493
1891495
1891515
1891537
1891588
1891626
1891662
1891689
1891745
1891773
1891885
1891892
1891907
1891914
1891926
1891928
1891948
1891965
1892040
1892044
1892093
1892096
1892170
1892206
1892229
1892232
1892234
1892237
1892239-1892241
1892245
1892253
1892255
1892263-1892264
1892267
1892269
1892279-1892280
1892297-1892299
1892302
1892308
1892310
1892316-1892317
1892320
1892326-1892330
1892332-1892333
1892336
1892341
1892345
1892348-1892349
1892354-1892358
1892375
1892383-1892384
1892398
1892401
1892406
1892416
1892425-1892431
1892434
1892436
1892438-1892441
1892443-1892444
1892446
1892451
1892462
1892534
1892669
1892692
1892703
1892713
1892719
1892725
1892728
1892730
1892736-1892740
1892742
1892744
1892747
1892750
1892754-1892755
1892758
1892762
1892783
1892786-1892789
1892791-1892797
1892862
1892868
1892882
1892885
1892904
1892932
1892953
1892975
1892984
1892989
1893044-1893045
1893047-1893048
1893068
1893070
1893072-1893073
1893075
1893083
1893087
1893089-1893090
1893098
1893101
1893103
1893105-1893113
1893115-1893121
1893174
1893181
1893254
1893259
1893281
1893323
1893354
1893379
1893397
1893403
1893422
1893505
1893523
1893551
1893606
1893610
1893653
1893678
1893719
1893721
1893728
1893733-1893734
1893745
1893749-1893750
1893752
1893757
1893766
1893768
1893773
1893777
1893789
1893792
1893799-1893800
1893803
1893805-1893807
1893809-1893814
1893818
1893820
1893825
1893829
1893831
1893834
1893842
1893847
1893851
1893854
1893857
1893862
1893870
1893872
1893874
1893878
1893896
1893901
1893906
1893910
1893914
1893935
1893951
1893968
1893985
1894000
1894007
1894012
1894014
1894026
1894029-1894030
1894032-1894033
1894044
1894050
1894064-1894066
1894068
1894076
1894081
1894086-1894087
1894101
1894104-1894105
1894109
1894126-1894127
1894133
1894137-1894140
1894143-1894148
1894150-1894151
1894153
1894155-1894156
1894158-1894161
1894164
1894173
1894189
1894203
1894227-1894229
1894231
1894237
1894239
1894241-1894242
1894245-1894246
1894248
1894252-1894253
1894266-1894275
1894285-1894291
1894293-1894294
1894298
1894301
1894304-1894306
1894310-1894321
1894324-1894327
1894332-1894335
1894337-1894338
1894340
1894344
1894357
1894364
1894371-1894372
1894377
1894401-1894402
1894404-1894409
1894412-1894414
1894416
1894420
1894422
1894439
1894473-1894474
1894476
1894500
1894502
1894509-1894512
1894541
1894552
1894560
1894567
1894575-1894576
1894579
1894581
1894589
1894591
1894593-1894594
1894597
1894599
1894615-1894617
1894619
1894622
1894624
1894630
1894635
1894637
1894659-1894663
1894678-1894680
1894682-1894683
1894685-1894686
1894688-1894695
1894700-1894704
1894719-1894729
1894742
1894745
1894747
1894754
1894782-1894784
1894786-1894787
1894801-1894802
1894807
1894823
1894830
1894839
1894841
1894847
1894855
1894869-1894870
1894878
1894880
1894891-1894903
1894911
1894913
1894922-1894923
1894929
1894931
1894935
1894938
1894940-1894941
1894947-1894948
1894953-1894954
1894964-1894966
1894979
1894982
1894984
1895008
1895025-1895028
1895208
1895261
1895322
1895329
1895339
1895372
1895378-1895379
1895391
1895397
1895409-1895410
1895418
1895439
1895442
1895450
1895472-1895474
1895477
1895481
1895488-1895489
1895492-1895497
1895500
1895513-1895514
1895518
1895532
1895539
1895546
1895567
1895569-1895570
1895574
1895576
1895589-1895592
1895600
1895603
1895609
1895621
1895638-1895639
1895647-1895648
1895650
1895655-1895656
1895658
1895660
1895664
1895666-1895667
1895670
1895673-1895674
1895677-1895680
1895682
1895690
1895697-1895698
1895700
1895703-1895706
1895709-1895710
1895731-1895732
1895738
1895839-1895840
1896070
1896185
1896188
1896233
1896498
1897230
1897387
1897414
1897417
1897444
1898103
1898343
1898354
1898541
1899337
1899362
1899445
1899571
1899669
1899676
1901147
1901746
1901898
1901907
1904296-1904297
1904311
1904318
1904364
1904418
1904428
1904430
1904559
1904609
1904618
1904623
1904677
1904680-1904681
1904684
1904706
1904962
1904991
1905192
1905252
1905277
1905385
1905390
1905445
1905467-1905468
1905470
1905477
1905480
1906186
1906361
1907446
1908627
1908698
1909024
1909991
1910043
1910675
1910825
1910955
1911370
1912389
1912447
1912522
1912686
1912711
1912746
1912751
1912785
1912804
1912809
1912865
1913008
1913128
1913326
1913343
1913363
1913396
1913441
1913590
1913599
1913633
1913646
1913656
1913660
1913664
1913681
1913697
1913699
1913702-1913703
1913706
1913717-1913718
1913724
1913733-1913734
1913743
1913745
1913747
1913751
1913767
1913778-1913779
1913813
1913815
1913841
1913874
1913918
1913945
1913968
1913982
1913993
1914003
1914006
1914014
1914017
1914028
1914044
1914047
1914066
1914096
1914109-1914110
1914113
1914124
1914127
1914139
1914141
1914146
1914206
1914208
1914214
1914217-1914218
1914228
1914232
1914243
1914254
1914279-1914280
1914283
1914295
1914298
1914315
1914317
1914320
1914323
1914328
1914331
1914337
1914379
1914385-1914386
1914442
1914444
1914464
1914479-1914480
1914491
1914532-1914534
1914559
1914564
1914577
1914717-1914718
1914727
1914732
1914787
1914828
1915818
1915850
1916218
1916251
1916328
1916523
1916632
1916645
1916656
1916686
1916748
1916920
1917005
1917058
1917311
1917465-1917467
1917477
1917485
1917511
1917594
1917596
1917649
1917656-1917657
1917689
1917813
1917822
1917942
1918283
1918386
1918561
1918568
1918634
1918749
1918831
1918852
1918869
1918910
1918926
1919176
1919593
1919606-1919607
1919609
1919614
1919621
1919629-1919630
1919632
1919637
1919642
1919695
1919747
1919755
1919762
1919783
1919785
1919792-1919799
1919801
1919823
1919830
1919834-1919835
1919838-1919839
1919841
1919843-1919845
1919848-1919851
1919862
1919868-1919869
1919881
1919905-1919906
1919917
1919930
1919943
1919950
1919952
1919957
1919978
1920082
1920101
1920106
1920116
1920126
1920188
1920202
1920286
1920309
1920368
1920382
1920410
1920441
1920444
1920463
1920560
1920624
1920695
1920731
1920783-1920784
1920819
1920895
1920965
1921001
1921088
1921162
1921272
1921308
1921327
1921488
1921492
1921639
1921650
1921717
1921938
1921944
1922037
1922237
1922279
1922893
1922922
1922932
1922997
1923007
1923014
1923037
1923041
1923044
1923055-1923056
1923159
1923292
1923306
1923402
1923477
1923507
1923521
1923532
1923536
1923568
1923606
1923627
1923630
1923675
1923699
1923714
1923829
1923837
1923973
1924062
1924118
1924122
1924129
1924146
1924148
1924169
1924192
1924196
1924203
1924221
1924223
1924225-1924228
1924233-1924237
1924247
1924250-1924251
1924254-1924255
1924260-1924264
1924268
1924271
1924280
1924283
1924302-1924306
1924311-1924313
1924315-1924316
1924318-1924319
1924327
1924330
1924335
1924340-1924345
1924358
1924360
1924363-1924372
1924377
1924379
1924387-1924389
1924393
1924398-1924399
1924407
1924411
1924416
1924421
1924427
1924431-1924435
1924438
1924449
1924458
1924461
1924466
1924516-1924517
1924523
1924545
1924550
1924580
1924584
1924586
1924594
1924602
1924604
1924621
1924624
1924638
1924647
1924661
1924675
1924681
1924685
1924691
1924697
1924703-1924704
1924711
1924713-1924716
1924726-1924728
1924731
1924742-1924743
1924745
1924748
1924750
1924764-1924766
1924769
1924779
1924783
1924786
1924788-1924791
1924795
1924798
1924800-1924802
1924808
1924812
1924816
1924821
1924824
1924833
1924842
1924844
1924853
1924873
1924892
1924908
1924918
1924927
1924933
1924935
1924937
1924941
1924974-1924975
1924979
1924992
1924999-1925000
1925007
1925009
1925021
1925023
1925040
1925047
1925053
1925062-1925063
1925071
1925082
1925086
1925112-1925114
1925129
1925131
1925133
1925139
1925151
1925154
1925158
1925161-1925162
1925165
1925168
1925170
1925176
1925184
1925191
1925200
1925204-1925205
1925208
1925214
1925226
1925248
1925266
1925279
1925283
1925291
1925308
1925317
1925321-1925322
1925325
1925331
1925333
1925337
1925340-1925341
1925345
1925349-1925350
1925353
1925361
1925367
1925372
1925375
1925393
1925398
1925401
1925408
1925410
1925413
1925418
1925425
1925427
1925429
1925434
1925437
1925447
1925455
1925459
1925464-1925465
1925472
1925476
1925485-1925486
1925489
1925493
1925503
1925511-1925512
1925517
1925525
1925537-1925538
1925551
1925558
1925565
1925573
1925576-1925577
1925580
1925591
1925604
1925613
1925619
1925635
1925640-1925641
1925643-1925658
1925672
1925674
1925679
1925685-1925686
1925691
1925698
1925701-1925702
1925705
1925707
1925709
1925711
1925714
1925727
1925739
1925746
1925750
1925753
1925762
1925776-1925777
1925779-1925781
1925785
1925787-1925800
1925803-1925804
1925806-1925807
1925810
1925813
1925817
1925823
1925829-1925830
1925835
1925843
1925856
1925869-1925870
1925872
1925874
1925876-1925880
1925882-1925884
1925888-1925890
1925895-1925898
1925900
1925905
1925946
1925961
1926057
1926076-1926077
1926111
1926113
1926125
1926129
1926138
1926146
1926148
1926151
1926159
1926163
1926175
1926178
1926184
1926187-1926188
1926191-1926193
1926195
1926200
1926203
1926205-1926206
1926209
1926212
1926219
1926225
1926244-1926245
1926248
1926250
1926267-1926268
1926271
1926274
1926276
1926345
1926373
1926375
1926387
1926406
1926422
1926425
1926429
1926432
1926437
1926445
1926477
1926498
1926500
1926502
1926511
1926514
1926516
1926518-1926519
1926522
1926526-1926527
1926535-1926536
1926538
1926541-1926542
1926546-1926547
1926554
1926558-1926561
1926569
1926573
1926594
1926596
1926600
1926605
1926619-1926621
1926633-1926634
1926637-1926638
1926642-1926644
1926647
1926650-1926660
1926662-1926667
1926670-1926678
1926680-1926684
1926686-1926687
1926693
1926709-1926710
1926715-1926716
1926725
1926728
1926730-1926731
1926736-1926742
1926834
1926860
1926887
1926901
1926916
1926933
1926938
1926940
1926960
1926973
1926975
1926980-1926981
1926996
1927017-1927018
1927020-1927021
1927031-1927032
1927034
1927036
1927038-1927040
1927050
1927069
1927090
1927099
1927110
1927127-1927128
1927161
1927163-1927164
1927173
1927179
1927189
1927191
1927195-1927196
1927212
1927220
1927228
1927231
1927236
1927245
1927247
1927251
1927254
1927262-1927264
1927272
1927275
1927280
1927289
1927300
1927310
1927314-1927315
1927321
1927323
1927328
1927332-1927333
1927338-1927339
1927346
1927355
1927370
1927375-1927376
1927392
1927398
1927400
1927411
1927421
1927423
1927439
1927443
1927446
1927457
1927461
1927468
1927474
1927500
1927507
1927522
1927527-1927529
1927533
1927541
1927546-1927547
1927550
1927552
1927554
1927560
1927567
1927571
1927577
1927589-1927590
1927607
1927636
1927638
1927641-1927642
1927667-1927668
1927677
1927689
1927695
1927698
1927700-1927701
1927712
1927719
1927725
1927729-1927730
1927742
1927744
1927746
1927748-1927750
1927756
1927760
1927763-1927764
1927772
1927775
1927783
1927786
1927788-1927791
1927794-1927796
1927798-1927799
1927801
1927804-1927808
1927810-1927811
1927813-1927814
1927870
1927878
1927908-1927909
1927918
1927921
1927927
1927931
1927942
1927945
1927955-1927956
1927958
1927978
1927984-1927986
1927991
1927997
1928034-1928035
1928066
1928089
1928097
1928109-1928110
1928112
1928114
1928116
1928121-1928122
1928126
1928131
1928135
1928138
1928148
1928156
1928159
1928164-1928165
1928169-1928170
1928178
1928185
1928197
1928199-1928200
1928202
1928204-1928205
1928207-1928213
1928215
1928217
1928222
1928226-1928231
1928244
1928248
1928254-1928255
1928257-1928259
1928270-1928271
1928274
1928276
1928281-1928282
1928286-1928288
1928296
1928303
1928306
1928309-1928310
1928314
1928320-1928321
1928323
1928379
1928407
1928412
1928415
1928443-1928444
1928446
1928450
1928453
1928461
1928463
1928470
1928472
1928474
1928478
1928530
1928535
1928538
1928540
1928542
1928552
1928570-1928571
1928587
1928595
1928610
1928615
1928618-1928619
1928621
1928626
1928643
1928650-1928651
1928653
1928657
1928661-1928662
1928664
1928667
1928669
1928678
1928683-1928684
1928691-1928692
1928700-1928701
1928708-1928710
1928716
1928718
1928727
1928732
1928746-1928749
1928755
1928762-1928763
1928767
1928775-1928778
1928780
1928784
1928790
1928792-1928793
1928795
1928797-1928798
1928800
1928802-1928804
1928806-1928815
1928817-1928818
1928822-1928824
1928828
1928841-1928842
1928851
1928853
1928862
1928868
1928870
1928873-1928875
1928877-1928880
1928886
1928888-1928891
1928894-1928895
1928897
1928899-1928902
1928906
1928917
1928922
1928931
1928934
1928942
1928944-1928946
1928951-1928953
1928959
1928961
1928966
1928975
1928979
1928983
1928988
1928990
1928993
1929001
1929019-1929021
1929026-1929028
1929030
1929037-1929038
1929043-1929048
1929053
1929055-1929056
1929058
1929061-1929062
1929064
1929069
1929095
1929098-1929100
1929102
1929104
1929115
1929130
1929133-1929136
1929138
1929141
1929143
1929145-1929146
1929148-1929149
1929151
1929153-1929155
1929158
1929160
1929164
1929166-1929168
1929171
1929173
1929175
1929179
1929181
1929185-1929186
1929193
1929195-1929199
1929201
1929209-1929211
1929213-1929214
1929223
1929226
1929232-1929233
1929235
1929251
1929264
1929269
1929277-1929278
1929288
1929291
1929313
1929337
1929341
1929344
1929360-1929361
1929367
1929372
1929382
1929385-1929386
1929403
1929426
1929445
1929447-1929449
1929453-1929455
1929457
1929459-1929462
1929464
1929468
1929484-1929485
1929491
1929493
1929504
1929516
1929543
1929552-1929553
1929561
1929595
1929602
1929620
1929631
1929633
1929669
1929679
1929725
1929736
1929744
1929748
1929753
1929773
1929778
1929780
1929786
1929791
1929803
1929805-1929806
1929851
1929868
1929884
1929917
1929943
1929958
1930009
1930017
1930098
1930113
1930158
1930190
1930225
1930235
1930244
1930270
1930274
1930288
1930437
1930452
1930458
1930550
1930576
1930587-1930591
1930598-1930599
1930617
1930624
1930631
1930644
1930686
1930688
1930691
1930694
1930703
1930707-1930708
1930719
1930740
1930759
1930766
1930768
1930775-1930777
1930782
1930784
1930787
1930790-1930791
1930803-1930804
1930807-1930808
1930822
1930828
1930830
1930832
1930837-1930839
1930841
1930847
1930849-1930850
1930856
1930858
1930865
1930871
1930875-1930879
1930883
1930887
1930890
1930893
1930901
1930903
1930906-1930908
1930910
1930926
1930932
1930956
1930965
1930967
1930981
1930984
1931005
1931024
1931027
1931055
1931113
1931115
1931118
1931134
1931137-1931138
1931178
1931185
1931219
1931230
1931234
1931255
1931269
1931299
1931316
1931327
1931334
1931336
1931341
1931349
1931351-1931352
1931364-1931365
1931368-1931369
1931386
1931391-1931392
1931409
1931411
1931414
1931417
1931419-1931420
1931425-1931426
1931436
1931453
1931455
1931473
1931475-1931476
1931481
1931497-1931498
1931500
1931502
1931506
1931508
1931511
1931515
1931532
1931537
1931542
1931550
1931552
1931557
1931560-1931561
1931564
1931574
1931594
1931597
1931604
1931608
1931621
1931623
1931627-1931628
1931631
1931633
1931637
1931644
1931646
1931648
1931652-1931653
1931657
1931661-1931662
1931668-1931669
1931673
1931675
1931679
1931691
1931693-1931694
1931724
1931728
1931747
1931749
1931751
1931757
1931761
1931774-1931775
1931781
1931785-1931786
1931789-1931790
1931800
1931805
1931808
1931816
1931819
1931821
1931823
1931825-1931826
1931831
1931838
1931848
1931853-1931854
1931858
1931861-1931864
1931868-1931869
1931871-1931873
1931890
1931892
1931897
1931899
1931907
1931917
1931920-1931921
1931924
1931926
1931940-1931941
1931945
1931963-1931964
1931966
1931980
1931996
1932007-1932008
1932011
1932013-1932014
1932016
1932018
1932021
1932023
1932026-1932027
1932029-1932031
1932035-1932036
1932044-1932045
1932047
1932053-1932054
1932059
1932061
1932065
1932081
1932090
1932096
1932102
1932113
1932115-1932118
1932126
1932128
1932147
1932155
1932163-1932164
1932167-1932168
1932171-1932173
1932177-1932178
1932180
1932183-1932186
1932188
1932190-1932191
1932207
1932209-1932211
1932213-1932216
1932223
1932226
1932229
1932232-1932233
1932235
1932249-1932251
1932253-1932254
1932267
1932269-1932270
1932288
1932291-1932295
1932302
1932305
1932312-1932313
1932315
1932318
1932321-1932322
1932326
1932330
1932334
1932343-1932344
1932346
1932348
1932352
1932364-1932365
1932368-1932369
1932372
1932374-1932375
1932383
1932425-1932428
1932430
1932435
1932463
1932530
1932549
1932568
1932583
1932603
1932611-1932612
1932671
1932695
1932730
1932849
1932862
1932897
1933143
1933235
1933353
1933375
1933420
1933428
1933493
1933497
1933528
1933544
1933557
1933574
1933588
1933591
1933594
1933611-1933612
1933616
1933618
1933631
1933638
1933641-1933642
1933650
1933656
1933658
1933661
1933665
1933683
1933685
1933689
1933691
1933695
1933705
1933713
1933717
1933720
1933724
1933726
1933730
1933743
1933746
1933751-1933752
1933754
1933767
1933773
1933779
1933781
1933783-1933784
1933786
1933793
1933797
1933802
1933808
1933825-1933827
1933835-1933836
1933845
1933847-1933849
1933858
1933860
1933869
1933871
1933874
1933880
1933883-1933884
1933889-1933890
1933893-1933894
1933901-1933903
1933908
1933917-1933918
1933923
1933927
1933952
1933971-1933975
1933977-1933980
1933984-1933987
1933992
1934042-1934043
1934094
1934117
1934122
1934153
1934227
1934230
1934235-1934236
1934239
1934242
1934251
1934265
1934276
1934282
1934292
1934300
1934305
1934311
1934326
1934328
1934333-1934334
1934341-1934342
1934344
1934348-1934349
1934352
1934362
1934366-1934368
1934370
1934372
1934383
1934394
1934401
1934407
1934413
1934416
1934418-1934420
1934428-1934429
1934433-1934434
1934446
1934448
1934454
1934463-1934465
1934472
1934484
1934498
1934517-1934519
1934528
1934532
1934548
1934556
1934563-1934564
1934567
1934584-1934585
1934603
1934608
1934615
1934623
1934627
1934639-1934640
1934667
1934670
1934681-1934682
1934687-1934688
1934702-1934703
1934706-1934707
1934725
1934729
1934732-1934733
1934764
1934774
1934792
1934801
1934812-1934813
1934827
1934830
1934850
1934853
1934855
1934861
1934866
1934869
1934892
1934922
1934939
1934952
1934957-1934958
1934992-1934993
1935060
1935075
1935128
1935233
1935270
1935368
1935396
1935411
1935436
1935448
1935451
1935475
1935501
1935547
1935632
1935964
1935968
1936015
1936175
1936210
1936244
1936279
1936293
1936327
1936330
1936364
1936370
1936376
1936460
1936479
1936492
1936515
1936604
1936615
1936668-1936669
1936676
1936735
1936787
1936864
1936897
1937028
1937048
1937078
1937130
1937156
1937161-1937162
1937164
1937379
1937382
1937384
1937458
1937490
1937494
1937540
1937561
1937564
1937579
1937623
1937666
1937692
1937707
1937712
1937717
1937722
1937730
1937740
1937752
1937758
1937764
1937767
1937775
1937781
1937785
1937802
1937806-1937807
1937832
1937878
1937885
1937887-1937888
1937890
1937896
1937899
1937902
1937906
1937915
1937921
1937949
1937994-1937995
1937998-1938000
1938015
1938018-1938019
1938039
1938041
1938044
1938053
1938062
1938074-1938076
1938149
1938246
1938249
1938252
1938292
1938351
1938433
1938479
1938489
1938497
1938516
1938521
1938536
1938540
1938553
1938561-1938562
1938567-1938568
1938783
1938797
1938842
1938849
1938872
1938878
1938909
1938922
1938941
1938998
1939107
1939141
1939242
1939276
1939301
1939304-1939305
1939311
1939316
1939326
1939337
1939359
1939366
1939395
1939401
1939415
1939422
1939434
1939447
1939473
1939492
1939497
1939531
1939548-1939549
1939552-1939557
1939567-1939568
1939573
1939580
1939595
1939615
1939617-1939618
1939631
1939637
1939640-1939641
1939643-1939644
1939646-1939648
1939656
1939666-1939669
1939671
1939674
1939683
1939688-1939689
1939691-1939692
1939694-1939695
1939710
1939713
1939716-1939720
1939730
1939737-1939738
1939750
1939752
1939771
1939784
1939837
1939848
1939856
1939861-1939862
1939865
1939867
1939877
1939883-1939884
1939886
1939888
1939891-1939892
1939895-1939897
1939900-1939901
1939908
1939919
1939922
1939937
1939943-1939947
1939949
1939952
1939956-1939957
1939959-1939961
1939963
1939972
1939982
1939991
1939999-1940000
1940007
1940020
1940023
1940029-1940030
1940032
1940035-1940036
1940039
1940042-1940043
1940049-1940050
1940055
1940061-1940062
1940065
1940067
1940069
1940076
1940082
1940086
1940093
1940099
1940112-1940114
1940120-1940121
1940124-1940125
1940129
1940136
1940139-1940140
1940155-1940156
1940158
1940160
1940162
1940171
1940179
1940192
1940199-1940200
1940208
1940210
1940213
1940217
1940222-1940224
1940234-1940240
1940242-1940245
1940248
1940250-1940256
1940262
1940264
1940270-1940272
1940279
1940282
1940286-1940288
1940291
1940295
1940297
1940300
1940314
1940316
1940331
1940336
1940347-1940348
1940351-1940352
1940368
1940373-1940374
1940388
1940392-1940396
1940399-1940400
1940402
1940408-1940409
1940417-1940418
1940427
1940429
1940431-1940433
1940438
1940444
1940453
1940457
1940460
1940463
1940466
1940482
1940505
1940548
1940568
1940608
1940618
1940630
1940635
1940654-1940655
1940661-1940662
1940664
1940667-1940670
1940672-1940677
1940679
1940683-1940687
1940694
1940704-1940705
1940707
1940709
1940713
1940736
1940740-1940742
1940750
1940766-1940767
1940782-1940784
1940794
1940810
1940818
1940824
1940841
1940891-1940892
1940911
1940916
1940919
1940922-1940923
1940931
1940933-1940934
1940952-1940957
1940964
1940969
1940972
1940976
1940983-1940986
1940995-1940996
1941005-1941006
1941014
1941018-1941020
1941022
1941029-1941030
1941032
1941037
1941043
1941046
1941048
1941051
1941058
1941060
1941062-1941063
1941070
1941074
1941080-1941081
1941091
1941094-1941095
1941097-1941099
1941105-1941106
1941108
1941110
1941116
1941118-1941124
1941127-1941131
1941134
1941142
1941148
1941150
1941154-1941155
1941161
1941164-1941165
1941167
1941171
1941173
1941178
1941183-1941185
1941188
1941190-1941193
1941195
1941197
1941203
1941209
1941221
1941223
1941226-1941227
1941231
1941235
1941237-1941238
1941240-1941242
1941244-1941246
1941249-1941254
1941256
1941259
1941261
1941269-1941272
1941275
1941278
1941280
1941287
1941290
1941292
1941302
1941304-1941311
1941329-1941340
1941344
1941347-1941349
1941353
1941355
1941357-1941358
1941360
1941362
1941364-1941368
1941373-1941375
1941382
1941385
1941401
1941405
1941412-1941413
1941415-1941420
1941441
1941443
1941448
1941454
1941471
1941488-1941489
1941505
1941529
1941537-1941539
1941541-1941543
1941556
1941561
1941565
1941567-1941568
1941571
1941573
1941575
1941578
1941581
1941583
1941599-1941601
1941606
1941609-1941610
1941613-1941614
1941618
1941620-1941621
1941624
1941627-1941629
1941631
1941642
1941644
1941646-1941648
1941653-1941654
1941656-1941657
1941660-1941661
1941665-1941666
1941670-1941671
1941675
1941677
1941679-1941681
1941689
1941693
1941711
1941716
1941731-1941732
1941738
1941781
1941802
1941828
1941840
1941857-1941859
1941861-1941864
1941866-1941869
1941874
1941890
1941918
1941921
1941998
1942020
1942061
1942098
1942181
1942210
1942218
1942224
1942227
1942229
1942236
1942238
1942248
1942250-1942251
1942254-1942255
1942261
1942263
1942269
1942282
1942293
1942298
1942303
1942306
1942315
1942319-1942326
1942328
1942336
1942342-1942343
1942346
1942353
1942355
1942361
1942363-1942371
1942373-1942374
1942378
1942393
1942395-1942396
1942399
1942401-1942402
1942404
1942406-1942411
1942413
1942415
1942418
1942424-1942426
1942428
1942459-1942460
1942465-1942467
1942470
1942483
1942485
1942491-1942492
1942494
1942496-1942499
1942501
1942503-1942520
1942541
1942549
1942551-1942553
1942565
1942573
1942582
1942603-1942604
1942624
1942654
1942703
1942769
1942774
1942803
1942878-1942879
1942900
1942908-1942909
1942922
1942927-1942928
1942930
1942935-1942937
1942940
1942942-1942943
1942945
1942947
1942956-1942957
1942961
1942969
1942971
1942976
1942978-1942979
1942990
1942994-1942995
1943000
1943004-1943005
1943008
1943018
1943021-1943024
1943028-1943029
1943036
1943038
1943044
1943046
1943048
1943059
1943066
1943078
1943088-1943090
1943092
1943098
1943115-1943116
1943118-1943120
1943125-1943127
1943130
1943132-1943133
1943136
1943139
1943145-1943146
1943149
1943154
1943156-1943158
1943161
1943163
1943167
1943171
1943173
1943185
1943187-1943188
1943190-1943193
1943198
1943200
1943202
1943205
1943207-1943209
1943212
1943215-1943225
1943229-1943231
1943233
1943235-1943236
1943242
1943250
1943259
1943261
1943266
1943277
1943281-1943282
1943288
1943290
1943294
1943300
1943303
1943305
1943309
1943315-1943316
1943322-1943323
1943327
1943329
1943340
1943344
1943347
1943350-1943352
1943355
1943359-1943360
1943364
1943366-1943367
1943369
1943373
1943378-1943379
1943384
1943399-1943400
1943403
1943412-1943414
1943417
1943421
1943424-1943431
1943433-1943438
1943443-1943446
1943449-1943451
1943463-1943464
1943470-1943473
1943476-1943480
1943482-1943483
1943485
1943487-1943488
1943490
1943494
1943497
1943499
1943502
1943504
1943514-1943520
1943523
1943525
1943527-1943541
1943547
1943550-1943552
1943562
1943570-1943572
1943576
1943578-1943579
1943582-1943586
1943588-1943589
1943592-1943598
1943601-1943602
1943604-1943608
1943616
1943640-1943641
1943643
1943648
1943653
1943656
1943660-1943661
1943663
1943676-1943677
1943684
1943689-1943691
1943693
1943695-1943702
1943708
1943717
1943721
1943724
1943734
1943737-1943739
1943749
1943984
1944000
1944018
1944064
1944084
1944118
1944121
1944192
1944200
1944205-1944206
1944220
1944244
1944260
1944278
1944291
1944294
1944301
1944303
1944305
1944312
1944357
1944364-1944365
1944368
1944375
1944383
1944393
1944397
1944411
1944416-1944417
1944421
1944427
1944435-1944436
1944439
1944459
1944462-1944463
1944465
1944467-1944469
1944472-1944474
1944476
1944478-1944483
1944495
1944504
1944511
1944513
1944517
1944552
1944556-1944558
1944560-1944562
1944592
1944597
1944602-1944603
1944607
1944609
1944612
1944616-1944617
1944622
1944627
1944631-1944634
1944638
1944640-1944646
1944648-1944650
1944659
1944661
1944665-1944666
1944668
1944670-1944674
1944677
1944681-1944682
1944687
1944689
1944692-1944694
1944721
1944754
1944759-1944761
1944775
1944806
1944835-1944836
1944893
1944896-1944897
1944899
1944901
1944903-1944904
1944906-1944907
1944909
1944911-1944913
1944924-1944927
1944929-1944931
1944934
1944938
1944940-1944942
1944945
1944953-1944955
1944958
1944961-1944962
1944971-1944972
1944975
1944979-1944980
1944986-1944987
1944989-1944990
1944993-1944994
1944999
1945005
1945010-1945012
1945018
1945023
1945025
1945027-1945028
1945030-1945035
1945037-1945041
1945054
1945058
1945062
1945067
1945072-1945073
1945077
1945081-1945082
1945087-1945090
1945092
1945095
1945100-1945101
1945103
1945108-1945109
1945112
1945116-1945119
1945121
1945123
1945125
1945138-1945139
1945149
1945165
1945169
1945174-1945176
1945180
1945184
1945190-1945192
1945201
1945203
1945205
1945208
1945216
1945224
1945228-1945229
1945232-1945234
1945236-1945238
1945242
1945244
1945251
1945254-1945255
1945259
1945263
1945265-1945267
1945274
1945276-1945292
1945296
1945298-1945299
1945305-1945306
1945308
1945310-1945312
1945314-1945320
1945355
1945378
1945454
1945465
1945485
1945570
1945730
1945745
1945765
1945780
1945785
1945788
1945800
1945828-1945829
1945838
1945843
1945853
1945858
1945865
1945881
1945891
1945894
1945900
1945904-1945906
1945908
1945918
1945922
1945942
1945945
1945952-1945953
1945957-1945960
1945967
1945971
1945976
1945982
1945988
1945994
1945996
1946002
1946007
1946012-1946014
1946023
1946028
1946031
1946034
1946036
1946049
1946055
1946059
1946077
1946082
1946110-1946111
1946113
1946123
1946125
1946132
1946147
1946154
1946157
1946165
1946186
1946237
1946295
1946298
1946301
1946321
1946343
1946347
1946371
1946376
1946378
1946383
1946395
1946404
1946406
1946425
1946482
1946526
1946540
1946542
1946545
1946548
1946555
1946561
1946572
1946593
1946602
1946607
1946610
1946628
1946644
1946678-1946679
1946683
1946708
1946724
1946753
1946755-1946756
1946758
1946774
1946776
1946790
1946801
1946805
1946825
1946832
1946835
1946843
1946863
1946871
1946873
1946891
1946894
1946896
1946906
1946908-1946909
1946912
1946914
1946916
1946920-1946921
1946930
1946934-1946935
1946938-1946942
1946960
1946967
1946972-1946975
1946979
1946989
1946998
1947001
1947011
1947029-1947034
1947042
1947051
1947053
1947055
1947065
1947068-1947069
1947076
1947082-1947083
1947086
1947089
1947101
1947121-1947122
1947124-1947130
1947132-1947134
1947137-1947138
1947141
1947143
1947145-1947149
1947191
1947201-1947202
1947210
1947212
1947215-1947218
1947221-1947222
1947224-1947226
1947229-1947233
1947237-1947240
1947244
1947274
1947278
1947280
1947282
1947313
1947333-1947334
1947348
1947353
1947357-1947359
1947361
1947364
1947383-1947384
1947406
1947409
1947430
1947482
1947521
1947581
1947632
1947798
1947960
1947997
1948012
1948046
1948057
1948071
1948073
1948076
1948080
1948084
1948089
1948093-1948095
1948097
1948099
1948101
1948103
1948109
1948126
1948139
1948151
1948171
1948203
1948231
1948269-1948270
1948279
1948285
1948292
1948299
1948310
1948312
1948327
1948346
1948359
1948364
1948369
1948371
1948379-1948380
1948415
1948418
1948425
1948429
1948462
1948467
1948474
1948481
1948486-1948487
1948506
1948511
1948521
1948524-1948525
1948530
1948543
1948549
1948564
1948568
1948595
1948602
1948606
1948610
1948617-1948618
1948621
1948633
1948658
1948662
1948672
1948681
1948691-1948693
1948696-1948698
1948702
1948705-1948706
1948708
1948712
1948719
1948721
1948723-1948724
1948726
1948734
1948738
1948743-1948744
1948747-1948748
1948750-1948752
1948755
1948757-1948759
1948771-1948773
1948775
1948779
1948781
1948783
1948786
1948788
1948792
1948794-1948795
1948801-1948803
1948805-1948806
1948808
1948812-1948814
1948817-1948819
1948822
1948831-1948838
1948841-1948849
1948851-1948854
1948856
1948861
1948873
1948900
1948939
1948945
1948947
1948962-1948964
1948966
1948975
1949231
1949290
1949295
1949303-1949304
1949306-1949308
1949312
1949324
1949327
1949331
1949345
1949350
1949352
1949356
1949358
1949364
1949368
1949371
1949375
1949384-1949385
1949398
1949401-1949402
1949406-1949412
1949414-1949423
1949425
1949428-1949431
1949433-1949435
1949437-1949439
1949442-1949447
1949469
1949486
1949521
1949532
1949556
1949739
1949876
1949911
1950063
1950068
1950257
1950347
1950380
1950418
1950421
1950427-1950429
1950433
1950437-1950441
1950444
1950446-1950448
1950450
1950454
1950464-1950465
1950467-1950468
1950470
1950472
1950474
1950476
1950478
1950496
1950510
1950513
1950516
1950522-1950525
1950539-1950541
1950544-1950546
1950558-1950559
1950581
1950584
1950587-1950588
1950610
1950613
1950625
1950630
1950632
1950648
1950668
1950699
1950708
1950713
1950723-1950724
1950747
1950749
1950757
1950770
1950774
1950782
1950787-1950788
1950794
1950798
1950806
1950809
1950811
1950813
1950828
1950838-1950839
1950841-1950842
1950844
1950854
1950862-1950863
1950865-1950866
1950874-1950877
1950880-1950887
1950894
1950896-1950897
1950902
1950908
1950910-1950911
1950913
1950919-1950921
1950925
1950933-1950934
1950936-1950937
1950941-1950943
1950946-1950954
1950960
1950965-1950966
1950968-1950969
1950974
1950976
1950983
1950985
1950990
1950995
1950998-1951001
1951008
1951014-1951015
1951020
1951026
1951034
1951036
1951041-1951042
1951048
1951059-1951060
1951064-1951065
1951068
1951070
1951072
1951077
1951079
1951081-1951083
1951094
1951102
1951106
1951115
1951117
1951132
1951137
1951141
1951153
1951163
1951171
1951221-1951222
1951226-1951227
1951229
1951232
1951235
1951237
1951239-1951241
1951245
1951248-1951253
1951255
1951258-1951262
1951265
1951267
1951271
1951279
1951281-1951282
1951295
1951299
1951304-1951306
1951310
1951312-1951315
1951317-1951319
1951322
1951329-1951330
1951335
1951338
1951346-1951348
1951351
1951353-1951354
1951358-1951361
1951365
1951367
1951369
1951372-1951373
1951387-1951389
1951392
1951394-1951395
1951398-1951403
1951407-1951409
1951413
1951437
1951450
1951457
1951480
1951510
1951552
1951561
1951563
1951571
1951575
1951579
1951611
1951634
1951641-1951642
1951653
1951655
1951660
1951673
1951691-1951692
1951695-1951698
1951702
1951704
1951728
1951735
1951747-1951748
1951751
1951755-1951760
1951762-1951764
1951768
1951770
1951773-1951775
1951777
1951779
1951786
1951795
1951797
1951804
1951817-1951818
1951821
1951837
1951839
1951841-1951846
1951848-1951849
1951851
1951864
1951878
1951881
1951885-1951886
1951897
1951923
1951926
1951938
1951947
1951951
1951977
1952094
1952097
1952179-1952187
1952189-1952190
1952192
1952194-1952197
1952202
1952207-1952208
1952210-1952212
1952214-1952219
1952224-1952225
1952228-1952236
1952241
1952243
1952253
1952256-1952258
1952261-1952265
1952267
1952272-1952279
1952281-1952283
1952295
1952304-1952305
1952309
1952314
1952320
1952332-1952333
1952336-1952337
1952345-1952346
1952348-1952349
1952351-1952353
1952361
1952363
1952371
1952387
1952391
1952403-1952404
1952407-1952408
1952414
1952416
1952418
1952422
1952430-1952431
1952436
1952438
1952443
1952450
1952459
1952463
1952468
1952483
1952485
1952488
1952490
1952500
1952507
1952526-1952527
1952531
1952534
1952538
1952540
1952542
1952545
1952549
1952555
1952559-1952560
1952564
1952567
1952571
1952575
1952582
1952586-1952588
1952590
1952593
1952595-1952596
1952598-1952599
1952601
1952606-1952610
1952612-1952613
1952618
1952643
1952645-1952647
1952654
1952656-1952657
1952660-1952662
1952664-1952668
1952670
1952673-1952674
1952680
1952683-1952686
1952715
1952752
1952755
1952847
1952902
1952939
1952947
1952978
1953013
1953029
1953036
1953080
1953083
1953093
1953095
1953097-1953098
1953100
1953115
1953117-1953120
1953123-1953127
1953129-1953130
1953133-1953134
1953139-1953143
1953145-1953147
1953149-1953150
1953153-1953154
1953156
1953158-1953159
1953163
1953165
1953168
1953176-1953178
1953181-1953183
1953185-1953187
1953189-1953190
1953192
1953197-1953225
1953227-1953231
1953233-1953234
1953236-1953237
1953241-1953243
1953260
1953268
1953277
1953281
1953288
1953292-1953294
1953296-1953297
1953299
1953304
1953309-1953313
1953317
1953342-1953343
1953348
1953350
1953354-1953355
1953360
1953365
1953375
1953379
1953382
1953387
1953390
1953402
1953406
1953412-1953413
1953416
1953419-1953420
1953422
1953424
1953427
1953429
1953431-1953432
1953437-1953439
1953441-1953442
1953451
1953453-1953455
1953457
1953463-1953464
1953469-1953470
1953475
1953601
1953719
1953725-1953726
1953796
1954175
1954183
1954309
1954315
1954351
1954356
1954369
1954385
1954399
1954414-1954416
1954419
1954424
1954434
1954438
1954442
1954444
1954446-1954447
1954449-1954450
1954452
1954454
1954459-1954466
1954470
1955070
1955121
1955646
1955703
1955707
1955753
1955821
1955889
1955949
1955952
1955958
1955963
1956093
1956129
1956134-1956135
1956141
1956145
1956175
1956193
1956209
1956212
1956232
1956239
1956247
1956252
1956260
1956295
1956316-1956318
1956321
1956323
1956326
1956342
1956346
1956358
1956382
1956385
1956409
1956415-1956416
1956423
1956428
1956431
1956434
1956437
1956441
1956469
1956471
1956473
1956475-1956476
1956478
1956486
1956498
1956504
1956510
1956512-1956513
1956517
1956521-1956522
1956524
1956534-1956537
1956540
1956551
1956558-1956560
1956566
1956574
1956577-1956578
1956584-1956585
1956591
1956594
1956600
1956603-1956604
1956607-1956608
1956613
1956615
1956626
1956639
1956641
1956644
1956667
1956671
1956682
1956699-1956700
1956712
1956726
1956733-1956734
1956743
1956750
1956753
1956755
1956757-1956761
1956769-1956770
1956775-1956779
1956784
1956787
1956790-1956793
1956806-1956807
1956809-1956810
1956814-1956819
1956824-1956827
1956834-1956837
1956843-1956844
1956867
1956890
1956906
1956925
1956939
1956960
1956962-1956964
1956969
1956980
1956984
1956986
1957067
1957254
1957299
1957320
1957342
1957390
1957397
1957406
1957409-1957410
1957418
1957473
1957511
1957520
1957524
1957528-1957529
1957536
1957542
1957550-1957551
1957557
1957567
1957575
1957579
1957581-1957582
1957585
1957589-1957590
1957594
1957601
1957604
1957614
1957616
1957624
1957627
1957629
1957648-1957652
1957693
1957701
1957705
1957708
1957730
1957792
1958023
1958047-1958048
1958078
1958088
1958201
1958205
1958225
1958229
1958243
1958250
1958265
1958287
1958294
1958296
1958299
1958302-1958303
1958325
1958329-1958330
1958336-1958337
1958342-1958343
1958345-1958347
1958351
1958361
1958382
1958388
1958428-1958429
1958434
1958437
1958455
1958464
1958488
1958492
1958499
1958515
1958522
1958529
1958531
1958534
1958537-1958538
1958540-1958545
1958549
1958565
1958568
1958578
1958585-1958587
1958589
1958593
1958595
1958602
1958614
1958624
1958626-1958627
1958630-1958631
1958633-1958634
1958636
1958638
1958640
1958644
1958655
1958658-1958661
1958664
1958667-1958670
1958675-1958676
1958687
1958690
1958693-1958694
1958697
1958701-1958702
1958707
1958709-1958710
1958718-1958719
1958721-1958722
1958724-1958726
1958728-1958731
1958733
1958736
1958745-1958746
1958748-1958749
1958751-1958752
1958767
1958777
1958782-1958784
1958790
1958800
1958802-1958805
1958810
1958815
1958837
1958841
1958847
1958852-1958853
1958858
1958860-1958861
1958865
1958870
1958875-1958876
1958896
1958912
1958915
1958918-1958919
1958934
1958938-1958940
1958945
1958973
1958999
1959003
1959021
1959026
1959036
1959042
1959051
1959063-1959064
1959067
1959073
1959077
1959079
1959085
1959094-1959095
1959100
1959104-1959105
1959108
1959112
1959116
1959129
1959132
1959135
1959140
1959147
1959172
1959175
1959178
1959182
1959184
1959188
1959190-1959191
1959196
1959199-1959200
1959204-1959206
1959222
1959225
1959243-1959244
1959253
1959262
1959264
1959275
1959280
1959282
1959289-1959290
1959292-1959296
1959299-1959301
1959303
1959310
1959316
1959319
1959329
1959345-1959348
1959352
1959355-1959357
1959360-1959362
1959364-1959366
1959398
1959400
1959408
1959415
1959418-1959419
1959421-1959422
1959426
1959428
1959430-1959432
1959436-1959437
1959445-1959446
1959458-1959459
1959461
1959463-1959465
1959468-1959473
1959504
1959528-1959529
1959537
1959548
1959550-1959552
1959555-1959557
1959559
1959561
1959564
1959566
1959569
1959589
1959599
1959612
1959624
1959630
1959640-1959641
1959670
1959749
1959759-1959760
1959767
1959816
1959842
1959847-1959848
1959852
1959855
1959859
1959868
1959895
1959905
1959913
1959920
1959932
1959993
1960008
1960023
1960029
1960045
1960060
1960098
1960105
1960237
1960239
1960248
1960296
1960303
1960314
1960324
1960326-1960327
1960329
1960331
1960335
1960340
1960342-1960344
1960356
1960386
1960396
1960405
1960410
1960426-1960430
1960432-1960435
1960438
1960450
1960589
1960608
1960612
1960923
1960941
1961075
1961099
1961161
1961311
1963974
1965938
1968005
1968496
1969649
1969673
1969698
1969773
1969797
1969994
1970763-1970764
1970868
1970870
1970913
1970917
1971023
1974194
1980427
1981242
1982663
1984678
1986456
1987439
1989678
1994234
1998952
2000579
2001082
2002285
2003701
2004294
2011795
2017750
2019241
2025584
2041672
2043802
2049686
2060737
2064185
2066952
2067845
2067925
2068474
2068573
2068650
2073376
2076681
2077086
2083482
2083579
2083600
2083774
2084362
2084535
2087199
2091184
2094364
2104138
2105019
2106141
2108276
2108669
2108771
2108834
2110454
2110796-2110797
2112915
2113397
2113556
2114133
2116888
2117004
2118966
2119104
2119473
2119623
2149526
2151576
2152612
2169238
2169313
2169519
2172826
2176294
2177081
2185549
2220253
2228003
2231176
2241539
2248228
2274186
2275050
2279571
2283740
2292879
2303401
2310729
2311748
2312366
2313775
2319905
2320318
2320533
2320715
2321717
2326150
2326210
2326630
2327917
2328317
2328611
2328961
2328970
2330744
2330998
2331127
2331217
2331555
2331599
2332438
2332526
2332650
2334839
2343220
2343777
2347593
2353647
2360736
2362042
2382399
2385584
2401182
2403769
2406087
2407264
2407773
2407776
2409534
2409638
2411344-2411345
2411808
2412046
2412297
2412527
2416554
2418646
2426714
2428239
2428471
2431000
2431088
2431122
2431236
2431261
2431344-2431345
2431357
2431385
2431392
2431558
2431572
2431579-2431580
2431588
2431600
2431604
2431606
2431630
2431633
2431694
2431705
2431742
2431745
2431754
2431760
2431786
2431790
2431808
2431813
2431823
2431834
2431844
2431850
2431859
2431864-2431865
2431883
2431888
2431900
2431924
2431926
2431932
2431945
2432008
2432130
2432144
2432161
2432163
2432165
2432167
2432184
2432192
2432196
2432198
2432214
2432229
2432232-2432233
2432237
2432277-2432279
2432281
2432283
2432285-2432287
2432301
2432307-2432308
2432313
2432319
2432322
2432328
2432347
2432367
2432381
2432408
2432412
2432442
2432444
2432449
2432456
2432459
2432461
2432467
2432473
2432490
2432502
2432529
2432572
2432628
2432634
2432640
2432645-2432646
2432678
2432688
2432690
2432695-2432696
2432703
2432712
2432727
2432735
2432743
2432757
2432762
2432770
2432773
2432779
2432784-2432785
2432787
2432790
2432792
2432796
2432800
2432805
2432812
2432821
2432846-2432847
2432855
2432881
2432889
2432891
2432893
2432897
2432906-2432907
2432911
2432914
2432920
2432927
2432933
2432952
2432957
2432963
2432970
2432972-2432973
2432975
2432981-2432982
2432993
2432997-2432999
2433007
2433014
2433020
2433027
2433029
2433033-2433034
2433042
2433044
2433057
2433060
2433062-2433064
2433069
2433071-2433072
2433076-2433080
2433087
2433097-2433098
2433103-2433105
2433109
2433111-2433112
2433117
2433119
2433121
2433124-2433127
2433130
2433133
2433140
2433142
2433164
2433170
2433172
2433183
2433188
2433191
2433194
2433198
2433201
2433205-2433206
2433208
2433219
2433224-2433225
2433227-2433228
2433239-2433240
2433244
2433246-2433247
2433253
2433256
2433258-2433261
2433265
2433271-2433272
2433275-2433276
2433281
2433286
2433289-2433290
2433292
2433295
2433297
2433301-2433302
2433305-2433306
2433309
2433321
2433325
2433328
2433331-2433332
2433339-2433341
2433354-2433355
2433361
2433371
2433383-2433384
2433386
2433388-2433390
2433393-2433394
2433398-2433399
2433405-2433407
2433412
2433414-2433416
2433419
2433428
2433430
2433432
2433434
2433436
2433438-2433441
2433443
2433445
2433447-2433448
2433451-2433456
2433459
2433461
2433465
2433467
2433480
2433491
2433528-2433530
2433551
2433556
2433576-2433577
2433582
2433588
2433598
2433600
2433608-2433609
2433611
2433614-2433615
2433624
2433628-2433630
2433633
2433635
2433638-2433639
2433644
2433649
2433653
2433658-2433659
2433670
2433672
2433674
2433710-2433711
2433713-2433714
2433716
2433735-2433736
2433747-2433749
2433753
2433756
2433760-2433761
2433777
2433779
2433782
2433785
2433787
2433804
2433806
2433808
2433818-2433822
2433832-2433833
2433848
2433850-2433854
2433857-2433860
2433862
2433864
2433866-2433868
2433870
2433872-2433873
2433875
2433889
2433895
2433897
2433899
2433903
2433920-2433921
2433925
2433927
2433930
2433933-2433934
2433937
2433941
2433943
2433950-2433957
2433959
2433965
2433968-2433971
2433975
2433977-2433980
2433982
2433984
2433986
2433991-2433994
2433996
2433999-2434000
2434002
2434004
2434007-2434013
2434015
2434018-2434020
2434023
2434025-2434029
2434031-2434033
2434037-2434038
2434040
2434042-2434046
2434049-2434050
2434052-2434053
2434055-2434060
2434062
2434068-2434069
2434075-2434076
2434079-2434082
2434085
2434093-2434095
2434098-2434100
2434102
2434105-2434106
2434108
2434110-2434114
2434116
2434121-2434128
2434132
2434134
2434138
2434141-2434144
2434146
2434151
2434157
2434159
2434167
2434171
2434173
2434183
2434186
2434189
2434195
2434199-2434200
2434210-2434212
2434215-2434217
2434220-2434221
2434226
2434235
2434237
2434241
2434244
2434250-2434251
2434254
2434259
2434261
2434264
2434282
2434284
2434288
2434290
2434293
2434297
2434316-2434317
2434322
2434324
2434337-2434339
2434341-2434347
2434349-2434352
2434439
2434464
2434470
2434477
2434487
2434498
2434502
2434552-2434553
2434558-2434559
2434570
2434577
2434585
2434587
2434589
2434592
2434602
2434604
2434611
2434631-2434632
2434645-2434646
2434658
2434674
2434678-2434679
2434709
2434735
2434789
2434829-2434831
2434837
2434848
2434851
2434856
2434867
2434869
2434872
2434896
2434900-2434901
2434904
2434919
2434928-2434929
2434938
2434941
2434943
2434974
2434986
2434993
2435028
2435032
2435039
2435045-2435046
2435053
2435057-2435058
2435060-2435061
2435068
2435072-2435074
2435076
2435080
2435082
2435087
2435089
2435091
2435095
2435107
2435112
2435116
2435122
2435127
2435131
2435133-2435134
2435141-2435142
2435144
2435149
2435152-2435153
2435157
2435161
2435165-2435167
2435170
2435172-2435173
2435175
2435182
2435188
2435194-2435196
2435199-2435200
2435204
2435206-2435207
2435211-2435213
2435215
2435221
2435225
2435227
2435231
2435233
2435235-2435236
2435239-2435247
2435252-2435253
2435256
2435259-2435261
2435263-2435264
2435266
2435271-2435273
2435275-2435277
2435280
2435286
2435290-2435292
2435295
2435297
2435299
2435302-2435303
2435305
2435310
2435316
2435320-2435321
2435324-2435325
2435329
2435331
2435335
2435337-2435338
2435343
2435347
2435365-2435366
2435368-2435370
2435372
2435374
2435376-2435378
2435380
2435386
2435393
2435400
2435408
2435411-2435413
2435419
2435448
2435452
2435456-2435457
2435462
2435464
2435466
2435469-2435470
2435475
2435477-2435478
2435480
2435482-2435483
2435491-2435494
2435499-2435500
2435507-2435508
2435527
2435543-2435544
2435556
2435558
2435561
2435564
2435567
2435569
2435571-2435572
2435574
2435585
2435592
2435600
2435603-2435604
2435606-2435608
2435611-2435614
2435621-2435622
2435624
2435626
2435628-2435630
2435634-2435637
2435639
2435641
2435643
2435646
2435650-2435651
2435653
2435655
2435657
2435660-2435662
2435664-2435665
2435669-2435670
2435672
2435674-2435676
2435678-2435681
2435685
2435691
2435696-2435697
2435699-2435703
2435709
2435712
2435716
2435722-2435723
2435726
2435728
2435731-2435732
2435734-2435735
2435737-2435739
2435741
2435744
2435746
2435753
2435755
2435757-2435759
2435766
2435769
2435771
2435773-2435774
2435776-2435779
2435782-2435786
2435788
2435792
2435795
2435804
2435806-2435810
2435813-2435817
2435819-2435825
2435829
2435831
2435834-2435835
2435839-2435842
2435844-2435845
2435848
2435850-2435856
2435858-2435871
2435873-2435878
2435880
2435882-2435883
2435885-2435886
2435888
2435890-2435891
2435893-2435895
2435901-2435902
2435904-2435907
2435909-2435915
2435917-2435922
2435924-2435925
2435929
2435932-2435935
2435937
2435939-2435940
2435949
2435951
2435953
2435955
2435958
2435960-2435961
2435972
2435981-2435982
2436003
2436005-2436009
2436011
2436014-2436017
2436020-2436023
2436025-2436027
2436029-2436030
2436033
2436036-2436037
2436040-2436042
2436044-2436058
2436063-2436064
2436069-2436071
2436073-2436079
2436081
2436083-2436085
2436089-2436094
2436096
2436098
2436100-2436101
2436104-2436122
2436132
2436140
2436144-2436145
2436149
2436152-2436154
2436156
2436158
2436162
2436167
2436169
2436173
2436181
2436187-2436188
2436190
2436200
2436208
2436214-2436215
2436218
2436223-2436225
2436227-2436228
2436230
2436234
2436236-2436240
2436242
2436244-2436247
2436249-2436258
2436261-2436263
2436265-2436266
2436270-2436271
2436274-2436275
2436279-2436285
2436287-2436289
2436291-2436292
2436295-2436305
2436308-2436310
2436313-2436314
2436317
2436321-2436322
2436327-2436328
2436330-2436331
2436333-2436335
2436341-2436348
2436350-2436351
2436353-2436354
2436356-2436359
2436365-2436373
2436379
2436386-2436387
2436395
2436397
2436399
2436401
2436404-2436407
2436410-2436412
2436414
2436418-2436421
2436425-2436429
2436432
2436435
2436439
2436441
2436443
2436445-2436446
2436449
2436453-2436454
2436457
2436459
2436462
2436465
2436469-2436471
2436473-2436477
2436479-2436485
2436487-2436488
2436491-2436492
2436495-2436499
2436501-2436505
2436512-2436513
2436515-2436521
2436525-2436526
2436528
2436531-2436532
2436535-2436538
2436541-2436542
2436546-2436548
2436550
2436552-2436559
2436561-2436562
2436564-2436575
2436578
2436580
2436596
2436601-2436602
2436606-2436607
2436612
2436614
2436633-2436634
2436644
2436664
2436667
2436687
2436702
2436705
2436721
2436751
2436772
2436777
2436779
2436786
2436796
2436807
2436813
2436866
2436870
2436872
2436882-2436883
2436892
2436904
2436972
2436979
2436984
2436990
2436997
2436999
2437027
2437045
2437130
2437214
2437292
2437327
2437394
2437405
2437441
2437753
2437893
2437986
2437996
2437999
2438018-2438019
2438044
2438068
2438070
2438109
2438138
2438156
2438164
2438175
2438224
2438347
2438363
2438421
2438432
2438476
2438494
2438496
2438520
2438536
2438544
2438770
2438772
2438883
2438922
2438928-2438931
2438948-2438949
2438953-2438954
2438962
2438966
2438969
2438977
2438987
2438989
2438997
2439017
2439025
2439028
2439033
2439045
2439047
2439054
2439058
2439069
2439088
2439095
2439098
2439102-2439107
2439110-2439114
2439117-2439118
2439129
2439138-2439140
2439143
2439156
2439170
2439176
2439180-2439181
2439192
2439195
2439201-2439202
2439208
2439210
2439212
2439215
2439219
2439221
2439224
2439233-2439234
2439238
2439240-2439241
2439243-2439245
2439250
2439253-2439259
2439261
2439285
2439291
2439294
2439296
2439299-2439300
2439307
2439309
2439311-2439313
2439315
2439318-2439320
2439324
2439327
2439330
2439333-2439334
2439337-2439338
2439341-2439343
2439346
2439354
2439356-2439357
2439361-2439366
2439368
2439385
2439389
2439392-2439398
2439402
2439405-2439406
2439414
2439417
2439419
2439425
2439427-2439428
2439439
2439449
2439460-2439462
2439464-2439466
2439471-2439477
2439480
2439489-2439490
2439492
2439497-2439498
2439500
2439503-2439504
2439507-2439509
2439512-2439519
2439521-2439522
2439535
2439539
2439542
2439551
2439553-2439554
2439556
2439561-2439563
2439568
2439575-2439576
2439585
2439588
2439596
2439600
2439604-2439605
2439607
2439616
2439620-2439621
2439628-2439629
2439632
2439635
2439638
2439641
2439644
2439652-2439653
2439667
2439690
2439697
2439701-2439702
2439705-2439707
2439710
2439712-2439717
2439720
2439722
2439725-2439726
2439741
2439746
2439748-2439750
2439753-2439759
2439761-2439763
2439765-2439767
2439771
2439774
2439784
2439794-2439796
2439798-2439807
2439812-2439813
2439815-2439818
2439833
2439835
2439837
2439853
2439857
2440043
2440097
2440127
2440154
2440202
2440258
2440286
2440330
2440354
2440358
2440360
2440366
2440376
2440378
2440390
2440398
2440402
2440404-2440405
2440411
2440422-2440423
2440430
2440444
2440454
2440456
2440461
2440464
2440466
2440475
2440479-2440480
2440483
2440485
2440489
2440506
2440514
2440517
2440519-2440521
2440527
2440529-2440531
2440543
2440545
2440551
2440554-2440556
2440560-2440562
2440565-2440567
2440571-2440583
2440585-2440586
2440591-2440594
2440596-2440599
2440601
2440604-2440605
2440608
2440613-2440615
2440617-2440620
2440622
2440625
2440628-2440629
2440631-2440632
2440634-2440636
2440639
2440641
2440648
2440650
2440653-2440655
2440658-2440661
2440668-2440669
2440672
2440674
2440679
2440685
2440688-2440689
2440701
2440705
2440708-2440710
2440713-2440714
2440731-2440732
2440735-2440740
2440742-2440745
2440752-2440755
2440760-2440764
2440767
2440773
2440775-2440776
2440778-2440783
2440800-2440807
2440809-2440810
2440812
2440814
2440820-2440822
2440824-2440829
2440838
2440841
2440849
2440852-2440855
2440862
2440883
2440895-2440902
2440904
2440906
2440917
2440927-2440929
2440931-2440937
2440940
2440947
2440956
2440969
2440979-2440980
2440991
2440998-2440999
2441007
2441009-2441011
2441016
2441019-2441022
2441024
2441027-2441029
2441044-2441045
2441047-2441049
2441052-2441053
2441071-2441072
2441079-2441083
2441085
2441088-2441103
2441110-2441111
2441114-2441120
2441273
2441304
2441599
2441653
2441689
2441708
2441726
2441745
2441868
2441887
2442038
2442100
2442217
2442226
2442242
2442340
2442424
2442429-2442430
2442451
2442453
2442456
2442471-2442472
2442482
2442489
2442510
2442546
2442586
2442618
2442640
2442645-2442646
2442653-2442655
2442660
2442703
2442705
2442722
2442730
2442736
2442748
2442761
2442763
2442816
2442822
2442838
2442842-2442845
2442849
2442851
2442863
2442889
2442891
2442912
2442915
2442918-2442920
2442926
2442928-2442929
2442935
2442941
2442947
2442951
2442969
2442980-2442981
2443008
2443027
2443033-2443034
2443051
2443061
2443079
2443110
2443114-2443115
2443118
2443134
2443150
2443172
2443210
2443221
2443223
2443238
2443296
2443305
2443310
2443320
2443330
2443346
2443410
2443415
2443424
2443437
2443447-2443448
2443458
2443555
2443561
2443575
2443582
2443599
2443639
2443645
2443647
2443657
2443666
2443668
2443723-2443725
2443732-2443734
2443738
2443741
2443755-2443757
2443759-2443762
2443772
2443784
2443786
2443789
2443802
2443816
2443819
2443821-2443824
2443827
2443843
2443853
2443856
2443874
2443880
2443888
2443891-2443896
2443903
2443908
2443911
2443916
2443925
2443928
2443930
2443932
2443935-2443936
2443946
2443950
2443954-2443955
2443961
2443965
2443968
2444008-2444009
2444025
2444064
2444067
2444092
2444109
2444128
2444166
2444278
2444286
2444290
2444308
2444313
2444317
2444336
2444362
2444398
2444420
2444447
2444475-2444476
2444479-2444480
2444491-2444493
2444495
2444499
2444516
2444519
2444528
2444534
2444538
2444541
2444563
2444565
2444571-2444572
2444588-2444589
2444591
2444599
2444603-2444607
2444609
2444611-2444612
2444624
2444637-2444639
2444642
2444646
2444662
2444672
2444676-2444677
2444685
2444695
2444705
2444722
2444739
2444744
2444754
2444757
2444879
2444897-2444898
2444903
2444909-2444910
2444921
2444937-2444938
2444955
2444957
2444960
2444969
2444972
2444983-2444984
2445000
2445002
2445029
2445050
2445073
2445099
2445116-2445117
2445127
2445186
2445190
2445194-2445196
2445204-2445206
2445209
2445212
2445214
2445216
2445218
2445220
2445223-2445224
2445232
2445237-2445240
2445245
2445249
2445253
2445255-2445258
2445260-2445261
2445264
2445268
2445270
2445273
2445276-2445277
2445279
2445284-2445285
2445287
2445293-2445294
2445296
2445299-2445302
2445312
2445321-2445322
2445339
2445346-2445347
2445355-2445356
2445359-2445361
2445369-2445371
2445374
2445378
2445380
2445382
2445384
2445386
2445388
2445394
2445396
2445398-2445399
2445407
2445410
2445412
2445419
2445422-2445423
2445426
2445429-2445430
2445434-2445436
2445438-2445439
2445447
2445450
2445452
2445459-2445460
2445462
2445464
2445466
2445468-2445469
2445474
2445477
2445480-2445481
2445494
2445496
2445501
2445508
2445514-2445515
2445521-2445524
2445527
2445529
2445536
2445539
2445541
2445545
2445550-2445554
2445560
2445574
2445576
2445586
2445590
2445593-2445595
2445602
2445608-2445613
2445627
2445633
2445637
2445663
2445668
2445689
2445702
2445716
2445718
2445727
2445729
2445743
2445746
2445750
2445754
2445760-2445761
2445766
2445788
2445796
2445807
2445818
2445820
2445825
2445828
2445830
2445836
2445845
2445851-2445852
2445875-2445876
2445883
2445890
2445892
2445896
2445898
2445902-2445904
2445906-2445907
2445909
2445911
2445914-2445915
2445918
2445926-2445929
2445936
2445943
2445957-2445958
2445962
2445968
2445981
2445985
2445988
2445995
2446001-2446003
2446006-2446011
2446019
2446021
2446023-2446024
2446028-2446029
2446037-2446038
2446044-2446045
2446057
2446062-2446064
2446066-2446077
2446079
2446088-2446089
2446093
2446095
2446100
2446102
2446109-2446110
2446112-2446113
2446120
2446123
2446128
2446135
2446143
2446156
2446159
2446175
2446184
2446194
2446196
2446198
2446201
2446203
2446215
2446220
2446232
2446235-2446236
2446244
2446247
2446253
2446263
2446266
2446268
2446270
2446272-2446274
2446282
2446287-2446288
2446292
2446295
2446297
2446300
2446302
2446307
2446326
2446330-2446331
2446333
2446335-2446336
2446338-2446340
2446347-2446348
2446352
2446362-2446363
2446365
2446371
2446376-2446377
2446380
2446385
2446393-2446405
2446408
2446414
2446420-2446422
2446430
2446447
2446449
2446451
2446455-2446456
2446458-2446461
2446463-2446465
2446467
2446478
2446481
2446492
2446502
2446508-2446509
2446513-2446514
2446520-2446521
2446526
2446539
2446543
2446545
2446549
2446552-2446553
2446564
2446568-2446569
2446571-2446572
2446575
2446588
2446619
2446623
2446625
2446633
2446636
2446647-2446649
2446654
2446660-2446661
2446673-2446674
2446678
2446696
2446700-2446701
2446704-2446705
2446711
2446714
2446716-2446719
2446721-2446722
2446724-2446725
2446742
2446744-2446747
2446763-2446765
2446767-2446772
2446784-2446785
2446794
2446804
2446809
2446812
2446818
2446820
2446824-2446828
2446831-2446833
2446843-2446844
2446847
2446851-2446852
2446854
2446858
2446860-2446863
2446865-2446867
2446870-2446871
2446875-2446876
2446880-2446881
2446885-2446886
2446889
2446891
2446893
2446895-2446898
2446900
2446905
2446908
2446915
2446919
2446929
2446932-2446933
2446941-2446942
2446947
2446949
2446952
2446959
2446962-2446964
2446968
2446974-2446975
2446981-2446982
2446992
2446994
2446997
2447006
2447011
2447014-2447015
2447036
2447041
2447050
2447053
2447058
2447062-2447063
2447065
2447068
2447070
2447074-2447075
2447077
2447087
2447093
2447095
2447100
2447113
2447115
2447119
2447121
2447124
2447129-2447133
2447135-2447136
2447141
2447145
2447151-2447152
2447156
2447158
2447173
2447176
2447179
2447181
2447189
2447191
2447195
2447203
2447206
2447220
2447223
2447225
2447228-2447229
2447234-2447235
2447251
2447254
2447270
2447276
2447279
2447281
2447283
2447285
2447290
2447293
2447296-2447304
2447311
2447320
2447324
2447328-2447329
2447333
2447335
2447344
2447351
2447362-2447363
2447366
2447368-2447369
2447371-2447379
2447396
2447412
2447420
2447425
2447431
2447433
2447435-2447446
2447449-2447450
2447454
2447457
2447460
2447484-2447485
2447488-2447498
2447500
2447508
2447520
2447532
2447562
2447582
2447643
2447658
2447681-2447682
2447684
2447689
2447708
2447738
2447751
2447753
2447762
2447769
2447788-2447789
2447792
2447795
2447800
2447806
2447810-2447811
2447822
2447831
2447845
2447847
2447850
2447854
2447868
2447870
2447875
2447880-2447882
2447893
2447897-2447899
2447901-2447904
2447911
2447915
2447918
2447923-2447924
2447927
2447935
2447938
2447957
2447962
2447969
2447989
2447993
2448006
2448016
2448036-2448037
2448040-2448044
2448053
2448063
2448066-2448068
2448071
2448073
2448077
2448081
2448085
2448087-2448088
2448091-2448097
2448099
2448102
2448108
2448110
2448114-2448117
2448120
2448123-2448126
2448128-2448130
2448139
2448142
2448145-2448146
2448148-2448149
2448175-2448177
2448179-2448181
2448183-2448187
2448192
2448196-2448201
2448210
2448228
2448245
2448250
2448258
2448270
2448274
2448278-2448279
2448284
2448288
2448290
2448295
2448298
2448303
2448312
2448315
2448321
2448325
2448327
2448343
2448346
2448352-2448354
2448370-2448372
2448374-2448375
2448378
2448388
2448394
2448398-2448399
2448406
2448409
2448411
2448422-2448425
2448432-2448433
2448442
2448445-2448448
2448451
2448456-2448461
2448463
2448471
2448478
2448480-2448484
2448486-2448488
2448492
2448494-2448495
2448497
2448500-2448502
2448504-2448507
2448511-2448512
2448533
2448535
2448542-2448543
2448545-2448547
2448554
2448557
2448562
2448571
2448575-2448576
2448584-2448586
2448591
2448593
2448595-2448597
2448599-2448602
2448604
2448607
2448609
2448611
2448614
2448617-2448618
2448625-2448650
2448652-2448654
2448656-2448658
2448660
2448663-2448667
2448672-2448674
2448684
2448687
2448689
2448695-2448697
2448700
2448702-2448703
2448705-2448708
2448712
2448719-2448724
2448729
2448733
2448740-2448742
2448744
2448754
2448756
2448758
2448766
2448769
2448773-2448780
2448795
2448801-2448802
2448805
2448810
2448812
2448814
2448820
2448825
2448827-2448833
2448836
2448839-2448840
2448849-2448850
2448854-2448855
2448857
2448859
2448861
2448863-2448865
2448869
2448871
2448877
2448880
2448884
2448896-2448901
2448903-2448904
2448907-2448908
2448913
2448915
2448922
2448926
2448928
2448936
2448941-2448943
2448947-2448949
2448952
2448958-2448959
2448963
2448965-2448969
2448972
2448974
2448976
2448980
2448983-2448984
2448989
2448994
2448997
2448999
2449001-2449002
2449006
2449008
2449015-2449018
2449023-2449024
2449028-2449030
2449032
2449034
2449036
2449055-2449056
2449062
2449064
2449070
2449077-2449078
2449082-2449083
2449086
2449088-2449092
2449094-2449095
2449099-2449110
2449112
2449114
2449123
2449127
2449134
2449136-2449138
2449140-2449141
2449147-2449148
2449162
2449166
2449168
2449170-2449178
2449183
2449185
2449191
2449193-2449195
2449205
2449215
2449217-2449218
2449223
2449226
2449230-2449232
2449240
2449244-2449248
2449252-2449253
2449265
2449270-2449273
2449279-2449280
2449284
2449286
2449290-2449292
2449297
2449306-2449307
2449310
2449313-2449314
2449318
2449321-2449322
2449324-2449328
2449332-2449333
2449335-2449340
2449349
2449352-2449362
2449372-2449373
2449378-2449381
2449386-2449390
2449392-2449394
2449396
2449398-2449407
2449414
2449419
2449421-2449422
2449425-2449426
2449436-2449460
2449537
2449543
2449719
2449775
2449786
2449821
2449823
2449832-2449842
2449845-2449846
2449848-2449851
2449859-2449861
2449870-2449876
2449883
2449885
2449893
2449898
2449900-2449907
2449911
2449937
2449941
2449947
2449959
2449967
2449970-2449974
2449979-2449981
2449992
2450000
2450005
2450007
2450009
2450014
2450017
2450019-2450020
2450022
2450025-2450026
2450028-2450036
2450325-2450326
2450350
2450356-2450357
2450369-2450370
2450372
2450379
2450385
2450402
2450405
2450426
2450429
2450431
2450440
2450452
2450465
2450468
2450470-2450471
2450478
2450482
2450488
2450493
2450506
2450514
2450523
2450526
2450531-2450532
2450543
2450561-2450562
2450564
2450568
2450575-2450576
2450578
2450595
2450600-2450603
2450610
2450617
2450620
2450626
2450631-2450632
2450640
2450642-2450643
2450645
2450649
2450656
2450669-2450670
2450676
2450690-2450691
2450698
2450700
2450711
2450716-2450718
2450720
2450728
2450733
2450735
2450737
2450745
2450748
2450767
2450772
2450780-2450784
2450789-2450790
2450793-2450794
2450802
2450806
2450810
2450817-2450818
2450834
2450842
2450844
2450849
2450856
2450858
2450860
2450862
2450875
2450878
2450881-2450883
2450894
2450898-2450899
2450906
2450911
2450918
2450920
2450925
2450927-2450933
2450936-2450942
2450945-2450947
2450954-2450955
2450960-2450961
2450971
2450973-2450976
2450978-2450979
2450986
2450988
2450990-2450997
2451007-2451009
2451013-2451014
2451018
2451021
2451025
2451031
2451034
2451041
2451045
2451047
2451050
2451053
2451057
2451062-2451063
2451068-2451069
2451075
2451079
2451081-2451082
2451086-2451087
2451093
2451100
2451106
2451109-2451112
2451115
2451124
2451133
2451137
2451147-2451152
2451154
2451157
2451159
2451164
2451167-2451168
2451170-2451171
2451173-2451174
2451176-2451182
2451184-2451185
2451206
2451212
2451223
2451225
2451228
2451231
2451239-2451240
2451258
2451260
2451262
2451264
2451270
2451277
2451280
2451287
2451292
2451297
2451301
2451303-2451307
2451311
2451314
2451327-2451328
2451332-2451337
2451339-2451340
2451342
2451345
2451347
2451349-2451352
2451355-2451359
2451362
2451374-2451375
2451378-2451379
2451381-2451382
2451386-2451387
2451389
2451391-2451393
2451395-2451401
2451403-2451407
2451409
2451425-2451436
2451439
2451460-2451461
2451467-2451468
2451473-2451474
2451476-2451477
2451479
2451486
2451496
2451499
2451502
2451514
2451517
2451523
2451527-2451528
2451530
2451532
2451559
2451572
2451589
2451593
2451595-2451597
2451599-2451600
2451602-2451603
2451608
2451610
2451617
2451626
2451632
2451638
2451645
2451649
2451656
2451659
2451671
2451675
2451678-2451679
2451681
2451696
2451698
2451707
2451715
2451717
2451726
2451730
2451734-2451735
2451737
2451742-2451743
2451747
2451766-2451768
2451770-2451772
2451774-2451776
2451779
2451784-2451785
2451790
2451794
2451803
2451813
2451821
2451823-2451824
2451831
2451845
2451848
2451851
2451855
2451871
2451873
2451883
2451887
2451891
2451893
2451906
2451915
2451920
2451930
2451935-2451936
2451938-2451943
2451945
2451948
2451951-2451952
2451961
2451978-2451979
2451982-2451983
2451986-2451988
2451993-2451994
2451996
2451998-2451999
2452001-2452002
2452005
2452012
2452017-2452018
2452033-2452035
2452037
2452041
2452049-2452050
2452052
2452054
2452056
2452058
2452064
2452083-2452084
2452091-2452092
2452098
2452102
2452104
2452108
2452110
2452112
2452115-2452117
2452121
2452129
2452132-2452133
2452137
2452140
2452145
2452149
2452151
2452164
2452171
2452185
2452188-2452189
2452195
2452202
2452205
2452208-2452209
2452215
2452221
2452223
2452227
2452230
2452233
2452245
2452249
2452255
2452261-2452262
2452281
2452283
2452290
2452295
2452297
2452300
2452306
2452318
2452324
2452326
2452333
2452336
2452338
2452363
2452365-2452366
2452381
2452386
2452388-2452389
2452392
2452394
2452400
2452404
2452412
2452420
2452425
2452433-2452434
2452436
2452443-2452444
2452464
2452470-2452471
2452477
2452482
2452485
2452496
2452510-2452513
2452515
2452523-2452524
2452526
2452541
2452544
2452548-2452550
2452561
2452563
2452571
2452574
2452577
2452593
2452604-2452605
2452625
2452632
2452634
2452643-2452644
2452651
2452654-2452656
2452666
2452669
2452671
2452687
2452689
2452702
2452704
2452709
2452717-2452718
2452723
2452733
2452737
2452743-2452744
2452776
2452780-2452782
2452789
2452794
2452797
2452802
2452815
2452821
2452826
2452829
2452851
2452863
2452879-2452880
2452882-2452883
2452890-2452891
2452895
2452898
2452903
2452906
2452923
2452925-2452926
2452936
2452938-2452940
2452943
2452945
2452951
2452958
2452960
2452963
2452966-2452968
2452970
2452977
2452979
2452987
2453011
2453014-2453018
2453028-2453029
2453033
2453038
2453041
2453045
2453073
2453076
2453078-2453082
2453089
2453099
2453111
2453120-2453122
2453128
2453134
2453137
2453142
2453149
2453151
2453154
2453161
2453165-2453169
2453173-2453174
2453176-2453178
2453181
2453183-2453185
2453196-2453201
2453214
2453219-2453220
2453225-2453226
2453237-2453238
2453251
2453253
2453257
2453260-2453262
2453264
2453266-2453267
2453269
2453280
2453282-2453283
2453293
2453298
2453300
2453302-2453303
2453305
2453326
2453329
2453331
2453333
2453336-2453337
2453343
2453345
2453350
2453352
2453357-2453358
2453360
2453368
2453370
2453378
2453380
2453385-2453386
2453390
2453395
2453401
2453409
2453415
2453417
2453419
2453423-2453424
2453428
2453442
2453444
2453454
2453459
2453465
2453472
2453482
2453490-2453491
2453494-2453499
2453507-2453508
2453512-2453515
2453517
2453520-2453522
2453524-2453526
2453550-2453551
2453555-2453557
2453559
2453563
2453570
2453572
2453574-2453577
2453579-2453580
2453587-2453591
2453606
2453644
2453650
2453655
2453658-2453666
2453676
2453679-2453681
2453683-2453689
2453693
2453704
2453706
2453710
2453712
2453714
2453726
2453728-2453729
2453731
2453734-2453735
2453738-2453750
2453758
2453761-2453764
2453766
2453770-2453773
2453777
2453782-2453792
2453795
2453797
2453804
2453815
2453819-2453820
2453825-2453826
2453829
2453831
2453836
2453838
2453850-2453851
2453858-2453859
2453869
2453872-2453873
2453889-2453890
2453894
2453896
2453899
2453901-2453902
2453907
2453910-2453911
2453915-2453916
2453925
2453933-2453935
2453939
2453941-2453942
2453944-2453945
2453947
2453953
2453964-2453965
2453970
2453973-2453976
2453978
2453981-2453982
2453987-2453988
2453990
2453993
2454001-2454003
2454008
2454016-2454017
2454020-2454022
2454024
2454028-2454031
2454034-2454036
2454040
2454042
2454045-2454046
2454048-2454051
2454053-2454055
2454058
2454060-2454070
2454075-2454076
2454078
2454081
2454083
2454086
2454095
2454100-2454102
2454106-2454108
2454112-2454113
2454126
2454128
2454131
2454133
2454137
2454139
2454142
2454144-2454148
2454151
2454154-2454156
2454159-2454163
2454171-2454175
2454177-2454179
2454182
2454184
2454187-2454188
2454193
2454200
2454205
2454207-2454209
2454211-2454219
2454225
2454228-2454230
2454238-2454240
2454242-2454249
2454251-2454255
2454257
2454259
2454264-2454266
2454276
2454281
2454283-2454284
2454291-2454292
2454294
2454296
2454298-2454299
2454302-2454303
2454305-2454306
2454308-2454310
2454312-2454314
2454317-2454318
2454321-2454323
2454332
2454334-2454335
2454337-2454338
2454343
2454355
2454359-2454361
2454364-2454365
2454367-2454368
2454372
2454375-2454383
2454385-2454386
2454389
2454392-2454395
2454397-2454399
2454401-2454405
2454410-2454411
2454419-2454421
2454428
2454435
2454442
2454450
2454464
2454471
2454478
2454481-2454488
2454490
2454492-2454496
2454500
2454502
2454505-2454506
2454511-2454514
2454520
2454522
2454524
2454531
2454539-2454540
2454542
2454544
2454560
2454567-2454568
2454572
2454574
2454581-2454583
2454585
2454589-2454591
2454595-2454596
2454605
2454607
2454610-2454611
2454613
2454625
2454629
2454631
2454634
2454637
2454640
2454643
2454645
2454649
2454662
2454665-2454668
2454675-2454676
2454681
2454684-2454685
2454688-2454689
2454691
2454694
2454697-2454698
2454703
2454705-2454707
2454709-2454711
2454713
2454716
2454718
2454720
2454724-2454726
2454728-2454729
2454735
2454738-2454739
2454744-2454747
2454751
2454754
2454756
2454760-2454761
2454767-2454773
2454777
2454789-2454792
2454795
2454797-2454798
2454800
2454802-2454805
2454807-2454809
2454811
2454815
2454825
2454831-2454832
2454834-2454835
2454837
2454839
2454846
2454848
2454852
2454857
2454862
2454864
2454867-2454871
2454875
2454880
2454882
2454885
2454887
2454889
2454893-2454894
2454896-2454898
2454904
2454906-2454908
2454911-2454913
2454916
2454919-2454920
2454923-2454924
2454926-2454928
2454934
2454936
2454940-2454943
2454945
2454947
2454950-2454952
2454954
2454968
2454975
2454981
2454987
2454989
2454992
2455014
2455018
2455020
2455031-2455038
2455041-2455042
2455044
2455050-2455052
2455055
2455057
2455060
2455063
2455065
2455068
2455070-2455071
2455074-2455077
2455079
2455081
2455089
2455114
2455120
2455123
2455127-2455128
2455148
2455150
2455153
2455164-2455168
2455182
2455187
2455191
2455196
2455209-2455211
2455213
2455219
2455222-2455223
2455225-2455227
2455234
2455253
2455255
2455259-2455262
2455279-2455280
2455282-2455283
2455290-2455294
2455296-2455298
2455300
2455302-2455306
2455308
2455310-2455315
2455317
2455319-2455320
2455323
2455325-2455326
2455332-2455337
2455340-2455342
2455344-2455353
2455368
2455454
2455459
2455475
2455569
2455584
2455607
2455611
2455616
2455686
2455698
2455704
2455795
2455874
2455877
2455884
2455906
2455912
2455914
2455938
2455942
2455950
2455971
2455993
2456030
2456045
2456095
2456124
2456135
2456138
2456161
2456172
2456201
2456226-2456227
2456245
2456248
2456309
2456336
2456363
2456482
2456490
2456498
2456536
2456545
2456548
2456555
2456560
2456573
2456586
2456609
2456612
2456634
2456636
2456644
2456647
2456652
2456654
2456675-2456676
2456679-2456682
2456693
2456695
2456699-2456702
2456704-2456706
2456708
2456720
2456723
2456738
2456741
2456746
2456749
2456755
2456762
2456765
2456770
2456774-2456775
2456779
2456781
2456790
2456795
2456799
2456801-2456802
2456804-2456815
2456822
2456824
2456826-2456827
2456830-2456832
2456837
2456839-2456841
2456843
2456847-2456848
2456850-2456851
2456853
2456855
2456866
2456871-2456872
2456878
2456880-2456884
2456886
2456890
2456892
2456898
2456900
2456903
2456907
2456909
2456911
2456913-2456915
2456917-2456922
2456925
2456932-2456934
2456937
2456942
2456944
2456948
2456955
2456977
2456980
2456982-2456983
2456985
2456987-2456988
2456990-2456998
2457000-2457002
2457004-2457005
2457008
2457011-2457012
2457016-2457019
2457026-2457028
2457032
2457034-2457038
2457042-2457043
2457055
2457062
2457070
2457073-2457074
2457077
2457084
2457090
2457103
2457138
2457143
2457156
2457167-2457168
2457177-2457178
2457185-2457186
2457191-2457192
2457199
2457204-2457205
2457207
2457217-2457219
2457221
2457224
2457226
2457228-2457229
2457231-2457232
2457234
2457238
2457240
2457249-2457251
2457253
2457257
2457262
2457265
2457268
2457272-2457275
2457278-2457280
2457282
2457284-2457287
2457289
2457293
2457296
2457301
2457309
2457314
2457318-2457320
2457326-2457328
2457331
2457334
2457337-2457338
2457353-2457354
2457356-2457360
2457362
2457366-2457368
2457373
2457375-2457378
2457380-2457391
2457393
2457398-2457399
2457401-2457402
2457404
2457406-2457410
2457412
2457414
2457422
2457424
2457426-2457436
2457440-2457446
2457449-2457450
2457458
2457460
2457462-2457463
2457467
2457470-2457471
2457476
2457478
2457480
2457484
2457491
2457496
2457498-2457500
2457504-2457509
2457512
2457514
2457521
2457526
2457531-2457533
2457537
2457540-2457542
2457548
2457553-2457565
2457567-2457569
2457571
2457579
2457581-2457583
2457588-2457591
2457594-2457595
2457598
2457603
2457607-2457610
2457613-2457614
2457616
2457622-2457628
2457630
2457634
2457637-2457641
2457647-2457648
2457652-2457656
2457658-2457661
2457665-2457667
2457672
2457674-2457675
2457679-2457680
2457683-2457685
2457687-2457691
2457696-2457698
2457701
2457703
2457705-2457707
2457710-2457711
2457713
2457717-2457718
2457722
2457725
2457728-2457729
2457732
2457736-2457737
2457739
2457742-2457744
2457754
2457756-2457759
2457761
2457764
2457766
2457781-2457783
2457794-2457795
2457797-2457798
2457803-2457804
2457806
2457809-2457810
2457812-2457817
2457819-2457828
2457830
2457832
2457834
2457836-2457838
2457847
2457853-2457854
2457856-2457857
2457860-2457862
2457864
2457868-2457869
2457872
2457874
2457876-2457879
2457882
2457888
2457894
2457900-2457902
2457906
2457908-2457909
2457911-2457913
2457915
2457917-2457919
2457922-2457932
2457936
2457938
2457941
2457947
2457951-2457953
2457955-2457957
2457961-2457968
2457971-2457973
2457976-2457985
2457988
2457990
2457992
2457996-2457997
2458016-2458022
2458025
2458028-2458029
2458040-2458041
2458043-2458044
2458047-2458057
2458068
2458147
2458222
2458230
2458250
2458254
2458286-2458288
2458293
2458306
2458334
2458353
2458388-2458390
2458393-2458395
2458401
2458407
2458409
2458417-2458423
2458429-2458431
2458433-2458434
2458437
2458441-2458442
2458444
2458446-2458448
2458450
2458465-2458466
2458468-2458469
2458472-2458476
2458481-2458483
2458485-2458487
2458492-2458499
2458504
2458507-2458524
2458526
2458577
2458781
2459229
2459385
2459391
2459502
2459504
2459521
2459574
2459730
2462520
2463076-2463077
2463270
2463397
2463553
2464083
2464492
2464497
2464828
2464830
2465270
2465389
2465504
2466248
2466515
2466669
2466701
2466718
2467410
2467513
2467517
2467580
2467594
2467679
2467681
2467738
2467810
2467894
2468014
2468034
2468087
2468252
2468255
2468307
2468361
2468411
2468508
2468511
2468524
2468531-2468533
2468535
2468543
2468546-2468547
2468552-2468553
2468560
2468574-2468575
2468577
2468588
2468592-2468593
2468600
2468602
2468604
2468608
2468610
2468613
2468616-2468617
2468623
2468625
2468629
2468636
2468653
2468659
2468666-2468667
2468677
2468697
2468703
2468707-2468708
2468718
2468720
2468723
2468731
2468745
2468751
2468753
2468756
2468774
2468777
2468779
2468785-2468788
2468792-2468794
2468818
2468824
2468837
2468878
2468908
2468913
2468920-2468921
2468934
2468943
2468952
2468954
2468960-2468962
2468965-2468967
2468972-2468974
2468977-2468978
2468984
2468990
2468994-2468995
2469005
2469010
2469024
2469026
2469029-2469030
2469039
2469042
2469049
2469054-2469057
2469060-2469061
2469067
2469073
2469076
2469091
2469097
2469111
2469113
2469120
2469122
2469128
2469136
2469138
2469143
2469153
2469160
2469163
2469165-2469167
2469169
2469177
2469180-2469181
2469183-2469184
2469210
2469215
2469217
2469222
2469224-2469227
2469238-2469240
2469245
2469253-2469254
2469257
2469261
2469266-2469267
2469269
2469278
2469288
2469295
2469300-2469301
2469303-2469304
2469308
2469311-2469312
2469320
2469337
2469339
2469345-2469346
2469348
2469354
2469368-2469373
2469375
2469383
2469388-2469389
2469392
2469432
2469435
2469482-2469484
2469489
2469492
2469497-2469498
2469500
2469510
2469513
2469524
2469540-2469541
2469558
2469583
2469598
2469601
2469615
2469626
2469646
2469684-2469685
2469695-2469696
2469700-2469701
2469709-2469710
2469712
2469719
2469722
2469744
2469748
2469752-2469754
2469779
2469785
2469788
2469791
2469796
2469798
2469824
2469832
2469837
2469844
2469851
2469853
2469858
2469861
2469863-2469864
2469867
2469871-2469872
2469881
2469888-2469889
2469892
2469898
2469900-2469901
2469914
2469921-2469922
2469927
2469935
2469941
2469949
2469951-2469952
2469956-2469957
2469959
2469966
2469984-2469985
2469988
2469994
2469999
2470004
2470012
2470016-2470019
2470021-2470022
2470028-2470029
2470031-2470032
2470050
2470054-2470055
2470061
2470086
2470088-2470090
2470093-2470094
2470104
2470133-2470136
2470141-2470142
2470146
2470160
2470168
2470173
2470177
2470180
2470184-2470185
2470190
2470204-2470205
2470212
2470220
2470224
2470241
2470244
2470253-2470254
2470260
2470271
2470281
2470287
2470291
2470293
2470296
2470298
2470300
2470316
2470325-2470326
2470329
2470333-2470335
2470340
2470342
2470344
2470348-2470350
2470356
2470359-2470360
2470371-2470372
2470379-2470380
2470385
2470388-2470390
2470393
2470397
2470401-2470402
2470407-2470409
2470415
2470417
2470422
2470426
2470431
2470433
2470438
2470440-2470441
2470451
2470453
2470463-2470464
2470468-2470469
2470474-2470475
2470480-2470481
2470492
2470494-2470500
2470511
2470514-2470515
2470519
2470528
2470537
2470544
2470548-2470549
2470551
2470554
2470557-2470561
2470569-2470570
2470572-2470573
2470575
2470577-2470578
2470581-2470584
2470586
2470591-2470592
2470596
2470598
2470609
2470611
2470615-2470617
2470620-2470622
2470632
2470634-2470640
2470648
2470651-2470658
2470661-2470662
2470667-2470668
2470670
2470674
2470678-2470679
2470681-2470682
2470684-2470686
2470691-2470692
2470695-2470699
2470710-2470711
2470724
2470727
2470762
2470765
2470780
2470786
2470790-2470791
2470797-2470799
2470808
2470817
2470819
2470822
2470824
2470826-2470827
2470836
2470840
2470849-2470851
2470854
2470886
2470890-2470904
2470912
2470915-2470917
2470923
2470932-2470933
2470935-2470937
2470939-2470940
2470947
2470949
2470951
2470960-2470964
2470966-2470969
2470971-2470973
2470975-2470977
2470979-2470982
2470984
2470992
2470997
2471001-2471004
2471010
2471012
2471014-2471030
2471033
2471039
2471041
2471043
2471047
2471052-2471055
2471062-2471063
2471067-2471068
2471070-2471075
2471077-2471078
2471080-2471090
2471093
2471099-2471100
2471103
2471105-2471107
2471110
2471115
2471127-2471129
2471133
2471135
2471143
2471145-2471146
2471154-2471158
2471170
2471176
2471181-2471182
2471186-2471187
2471189-2471190
2471192-2471193
2471200-2471202
2471213-2471214
2471222
2471224
2471242
2471250
2471264
2471321
2471472-2471473
2471488
2471528
2471545
2471550
2471566
2471600
2471608
2471612-2471613
2471622
2471624
2471628-2471630
2471632
2471636-2471637
2471645
2471650-2471652
2471660
2471667
2471671
2471675
2471679
2471682
2471686-2471688
2471690-2471692
2471695
2471697
2471704
2471706
2471708-2471709
2471712
2471714
2471717
2471719-2471720
2471723
2471725
2471727
2471731-2471732
2471738
2471740-2471741
2471748
2471750
2471756
2471763
2471766
2471768
2471770
2471772
2471775
2471777-2471778
2471785-2471786
2471789
2471797
2471799
2471803
2471808-2471809
2471813
2471815
2471817-2471819
2471821
2471823
2471826-2471827
2471830
2471834-2471835
2471838
2471844
2471846
2471850-2471851
2471853
2471859
2471865
2471869
2471878-2471879
2471883-2471885
2471888-2471889
2471891-2471894
2471898-2471900
2471902-2471904
2471909-2471910
2471913-2471914
2471922
2471924
2471936
2471938
2471941-2471943
2471945
2471948-2471949
2471951-2471952
2471955-2471958
2471960
2471962-2471963
2471965
2471970
2471973
2471975-2471977
2471982-2471983
2471991
2471993
2471999
2472005-2472008
2472011
2472014-2472015
2472017-2472019
2472021-2472034
2472036
2472042
2472045-2472048
2472051
2472054-2472055
2472058-2472059
2472061-2472065
2472067-2472070
2472072-2472073
2472093
2472095
2472099
2472102-2472106
2472110-2472111
2472118-2472119
2472121
2472125-2472128
2472130
2472132-2472133
2472136-2472144
2472157
2472159
2472167
2472169-2472170
2472172
2472193-2472194
2472205
2472227
2472229-2472232
2472242
2472255
2472258
2472268-2472269
2472274-2472276
2472291-2472292
2472294
2472300-2472302
2472305
2472309-2472314
2472316-2472319
2472334
2472337
2472342
2472349
2472351
2472365
2472367
2472369
2472372
2472376
2472382-2472386
2472389
2472395-2472397
2472405
2472408
2472410
2472418
2472422
2472425
2472430
2472436
2472438
2472446
2472458
2472469-2472473
2472476-2472481
2472483
2472485-2472489
2472505
2472509
2472512-2472513
2472517
2472520
2472523-2472524
2472531
2472545
2472547
2472549
2472565
2472567-2472568
2472572-2472577
2472580-2472581
2472586
2472596-2472598
2472601
2472609-2472611
2472620-2472621
2472623
2472625
2472629-2472632
2472639
2472649
2472652
2472654-2472665
2472667
2472669-2472670
2472673
2472678-2472679
2472681-2472683
2472686-2472687
2472691
2472694
2472703
2472710
2472763
2472790-2472791
2472793
2472796
2472798-2472799
2472810
2472814-2472816
2472819
2472832
2472841
2472843
2472848
2472858
2472869
2472871
2472874
2472876
2472885-2472886
2472907
2472937
2472943
2472946
2472951-2472952
2472961
2472964
2472971
2472976-2472979
2472985
2472993
2473009
2473011
2473013
2473027
2473031
2473037
2473046-2473047
2473052
2473056
2473058
2473073-2473074
2473078
2473087
2473091
2473097
2473106
2473110
2473115-2473116
2473119
2473127-2473128
2473137
2473139
2473148-2473151
2473153-2473154
2473157
2473159-2473162
2473164-2473179
2473183-2473184
2473187-2473189
2473195
2473197
2473200-2473204
2473209
2473211
2473213-2473214
2473216
2473218-2473219
2473226-2473227
2473230
2473232
2473234
2473237
2473242
2473245-2473249
2473252-2473261
2473263-2473264
2473266
2473268-2473271
2473273
2473275
2473277-2473278
2473291-2473293
2473311
2473331
2473358
2473360
2473363
2473366
2473371
2473375
2473378
2473386-2473389
2473391-2473404
2473413
2473429
2473445
2473449
2473451-2473452
2473455
2473459
2473467
2473471
2473474
2473477
2473484-2473485
2473499
2473512-2473513
2473524
2473537
2473542
2473553
2473571-2473572
2473581-2473584
2473599
2473606
2473612
2473614-2473616
2473628
2473630
2473632
2473636
2473670-2473671
2473678
2473690
2473693
2473695
2473700
2473705
2473719
2473722
2473732-2473733
2473736
2473738-2473739
2473746
2473750
2473755
2473764
2473767
2473769
2473781
2473794
2473798
2473800
2473802
2473805-2473806
2473808-2473809
2473812-2473813
2473830-2473832
2473835
2473837-2473838
2473841-2473842
2473845
2473848-2473849
2473852-2473854
2473857-2473861
2473872
2473887
2473894
2473896
2473899
2473902
2473906
2473913-2473915
2473946
2473952
2473960
2473971
2473977-2473978
2473986
2473988-2473989
2473993
2473996-2474000
2474009
2474013
2474021
2474024
2474034-2474035
2474041
2474043
2474045
2474050
2474054
2474056
2474058
2474064
2474072
2474074
2474079
2474082-2474084
2474088
2474092
2474095-2474096
2474104
2474127
2474132
2474137
2474141
2474144
2474146
2474148
2474150
2474159
2474161
2474178
2474181
2474183-2474184
2474192-2474194
2474211
2474216-2474217
2474219-2474227
2474232
2474235-2474238
2474241-2474245
2474253
2474257
2474259
2474261
2474265
2474267
2474270
2474276
2474282-2474284
2474286-2474287
2474290-2474296
2474298
2474303
2474308-2474310
2474312-2474313
2474317
2474321-2474322
2474324
2474326-2474331
2474333-2474335
2474337
2474340-2474341
2474345
2474348
2474352
2474354
2474358
2474372-2474373
2474375-2474381
2474387
2474390
2474392
2474398
2474403
2474407
2474409
2474417-2474424
2474427
2474431
2474433
2474435-2474436
2474439
2474455
2474466
2474473
2474479-2474486
2474488-2474489
2474497
2474508-2474510
2474516-2474517
2474535-2474538
2474543
2474551
2474556
2474559
2474565
2474571-2474572
2474575-2474576
2474580
2474582
2474584
2474586-2474587
2474612
2474620
2474623-2474625
2474627
2474629-2474630
2474648
2474651-2474653
2474661-2474663
2474668-2474669
2474674-2474675
2474678
2474683
2474686
2474696-2474698
2474705-2474707
2474713
2474718
2474720-2474726
2474728
2474730
2474732
2474735
2474738
2474741
2474749
2474762
2474765-2474766
2474776
2474778-2474781
2474798
2474812-2474813
2474815-2474817
2474822-2474826
2474828
2474832
2474841-2474842
2474845-2474846
2474850
2474866
2474872
2474875-2474876
2474878-2474881
2474884-2474886
2474897
2474912-2474913
2474923
2474930-2474933
2474936-2474940
2474942-2474943
2474945-2474951
2474964
2474973
2474980-2474981
2474983
2474985-2474988
2474991
2474998
2475000
2475006
2475009-2475011
2475013
2475015-2475018
2475020-2475029
2475033
2475035
2475039
2475043
2475050
2475052-2475054
2475061
2475083-2475086
2475088
2475094-2475095
2475097-2475106
2475109
2475122
2475127-2475129
2475131-2475133
2475135-2475138
2475409
2475456
2475499
2475542
2475688
2475690
2475699
2475756
2475842
2475868
2475907
2475983
2476091
2476123
2476203
2476206
2476232
2476285
2476287
2476301
2476323
2476335
2476342
2476346
2476369
2476374
2476408
2476445
2476447
2476464
2476559
2476564
2476601
2476633
2476659
2476664
2476669-2476675
2476691
2476694-2476699
2476706-2476707
2476709-2476711
2476713-2476722
2476727
2476755
2476776
2476787
2476809
2476814
2476838
2476842
2476951
2476960
2477005
2477025
2477117
2477137
2477139
2477147
2477149-2477152
2477167
2477173-2477174
2477176
2477178
2477183
2477196
2477202
2477207
2477209
2477212
2477214
2477237-2477238
2477243
2477245
2477247-2477248
2477250
2477255
2477259
2477276
2477283
2477285
2477287-2477290
2477293
2477297-2477298
2477301
2477304
2477308
2477313
2477328-2477329
2477334
2477338-2477344
2477346-2477347
2477350-2477352
2477363
2477378
2477382
2477384
2477386
2477390
2477397
2477404-2477407
2477410-2477411
2477422
2477424
2477438
2477441
2477451
2477458
2477460
2477466
2477478
2477485-2477492
2477494-2477496
2477499
2477522
2477541-2477542
2477546
2477549
2477556-2477560
2477597
2477599-2477600
2477603-2477605
2477608-2477609
2477617
2477622
2477629
2477631
2477633-2477634
2477636-2477637
2477645
2477647
2477651
2477653
2477660
2477665
2477667
2477669-2477670
2477674-2477676
2477678-2477681
2477693
2477698
2477729
2477734
2477736
2477811
2477819
2477823
2477853
2477878
2477880-2477883
2477885-2477886
2477888
2477891-2477901
2477904
2477907
2477915
2477917
2477920-2477921
2477924
2477926-2477927
2477932
2477940-2477941
2477947-2477951
2477953
2477955
2477957
2477959-2477960
2477964
2477967-2477968
2477972
2477974-2477978
2477989-2477996
2478090
2478099
2478104
2478160
2478203
2478401
2478539
2478566
2478643
2478699
2478748
2478778
2478797
2478836-2478837
2478913
2479233
2479249
2479283
2479377
2479430
2479456
2479469
2479475
2479481
2479493
2479502
2479507
2479554
2479568
2479575
2479578-2479582
2479588
2479590
2479610
2479628
2479647
2479696
2479822
2479827
2479832
2479837-2479838
2479911
2479921-2479922
2479930
2479932
2479939-2479940
2479946
2479949-2479957
2479979
2480026
2480031-2480033
2480036
2480040-2480041
2480668
2480736
2480821
2480922
2480932
2481083
2481428
2481447
2481463
2481530
2481568-2481569
2481579
2481758
2481782
2481904
2481906
2481916
2481918
2481927
2481930
2481940
2481944
2481951-2481952
2481954-2481957
2481961
2481974
2481976
2481979
2481999-2482000
2482004
2482009
2482011
2482018
2482029
2482033-2482034
2482040
2482046
2482056
2482071
2482074-2482076
2482078-2482079
2482086
2482088
2482090-2482091
2482097
2482106-2482107
2482113-2482114
2482116
2482119
2482122-2482125
2482128
2482130-2482131
2482134-2482137
2482152
2482154-2482155
2482415
2482990
2483035
2483136
2483210
2483213
2483244-2483245
2483248
2483250
2483252
2483254
2483257
2483263
2483265
2483268
2483287
2483298
2483301
2483305-2483306
2483309-2483310
2483315-2483316
2483324-2483326
2483328
2483344
2483363
2483372-2483373
2483375
2483379
2483382
2483384
2483386-2483388
2483390
2483400
2483413
2483436
2483441
2483456
2483458-2483459
2483461-2483462
2483466-2483467
2483479-2483482
2483501
2483507-2483510
2483515
2483519-2483523
2483525-2483527
2483531
2483542
2483547-2483548
2483560
2483566
2483568-2483571
2483575-2483577
2483582-2483583
2483585
2483587-2483589
2483610
2483639
2483660-2483661
2483670
2483674-2483679
2483683
2483692
2483694-2483695
2483703
2483711
2483715
2483719
2483729
2483731-2483732
2483736
2483740
2483744
2483749
2483752-2483753
2483755-2483756
2483769
2483791
2483798
2483812
2483832
2483839
2483842
2483871-2483877
2483879
2483882
2483915-2483916
2483927
2483966
2483985
2483989-2483990
2483993
2483996
2484001
2484003
2484011-2484012
2484015
2484034
2484040
2484051
2484053
2484055
2484058
2484061-2484062
2484067-2484070
2484073-2484074
2484077
2484082-2484083
2484086
2484088
2484091-2484092
2484094-2484095
2484097-2484099
2484105
2484107-2484110
2484113-2484114
2484120
2484123-2484124
2484127
2484131-2484132
2484134-2484139
2484143-2484144
2484165
2484304
2484336
2484520
2484622-2484623
2484627-2484628
2484630
2484632
2484634
2484651
2484659
2484664-2484666
2484669
2484671-2484674
2484682
2484684
2484690
2485511-2485512
2485523
2486141
2486283
2487114
2487515
2487631
2487876
2487950
2487954
2488297
2488344
2488403
2488580
2488637
2488674
2488704
2488815
2488818
2489046
2489093
2489182
2489288
2489295
2489361
2489592
2489635
2489662
2489729
2489733
2489738-2489746
2489882
2489891
2489925-2489926
2490007
2490052
2490104
2490125
2490184
2490198
2490236
2490251
2490270
2490376
2490379
2490497-2490498
2490820
2490890
2490933
2490979
2491044
2491050
2491073
2491096
2491126
2491129
2491148
2491158
2491171
2491186
2491188
2491200
2491222
2491280
2491292
2491334
2491469
2491505
2491513
2491676
2491678
2491699
2491810
2491990
2492009
2492046
2492049
2492088
2492090
2492107
2492115
2492140
2492147
2492155
2492157-2492158
2492163-2492166
2492168
2492172
2492174
2492180
2492182-2492183
2492198
2492201
2492203
2492208
2492211
2492224-2492226
2492232
2492235
2492240
2492249
2492251
2492263
2492271
2492277
2492288
2492295
2492304-2492306
2492308
2492310-2492312
2492315-2492316
2492318-2492321
2492323
2492327
2492329-2492330
2492332-2492333
2492374
2492379-2492380
2492386
2492390
2492395-2492396
2492399
2492401
2492403
2492415
2492421
2492429
2492432
2492434-2492436
2492439-2492441
2492453
2492482
2492491
2492503-2492505
2492509
2492520
2492525-2492526
2492536
2492545
2492548
2492551
2492554-2492556
2492573
2492586
2492598-2492599
2492603
2492606
2492609
2492612-2492613
2492629
2492639
2492651
2492660
2492664
2492667
2492670-2492673
2492676-2492677
2492685
2492700
2492703
2492730
2492732
2492743-2492744
2492749
2492753
2492756
2492759-2492761
2492768
2492799-2492800
2492804
2492812
2492815-2492818
2492824
2492827-2492830
2492832-2492833
2492835
2492839-2492840
2492844
2492847
2492849-2492851
2492857-2492858
2492861
2492864-2492865
2492876
2492879
2492881
2492883
2492885
2492899-2492903
2492920-2492922
2492924-2492930
2492939
2492947
2492949-2492956
2492958
2492960
2492964
2492981
2492984
2492996
2492999
2493004-2493005
2493011-2493012
2493015
2493017
2493021
2493023
2493035
2493047
2493053
2493065
2493069-2493070
2493072
2493083-2493095
2493105-2493106
2493121
2493124-2493127
2493129
2493131
2493134
2493137-2493138
2493172
2493174
2493176
2493181
2493185
2493187-2493188
2493193
2493206
2493208
2493210-2493214
2493232-2493233
2493235
2493237-2493240
2493246
2493253
2493268-2493269
2493272
2493275-2493276
2493280
2493282
2493288
2493294
2493308-2493309
2493313-2493314
2493318
2493326
2493336-2493337
2493343
2493348
2493351
2493353-2493355
2493366-2493367
2493370-2493376
2493382
2493386-2493394
2493398-2493400
2493406
2493421-2493422
2493441
2493443
2493446
2493448-2493449
2493452-2493455
2493460
2493464-2493465
2493468
2493474-2493475
2493479
2493487
2493497
2493504-2493505
2493509
2493514-2493527
2493529
2493535
2493537
2493541
2493543
2493549
2493551-2493552
2493557
2493559-2493560
2493563-2493564
2493566-2493569
2493571
2493573
2493575
2493577-2493583
2493585-2493586
2493591
2493603-2493605
2493608
2493613
2493615
2493626
2493631-2493632
2493639
2493665
2493667
2493669-2493670
2493684
2493705
2493714-2493715
2493717
2493719
2493724-2493725
2493730
2493746
2493807
2493828
2493842
2493895
2493909
2493911-2493912
2493915
2493919
2493946
2493969
2494026
2494064
2494117
2494396
2494531
2494540
2494562
2494623
2494805
2494848
2494925
2494927
2495166
2495262
2495268
2495277
2495317
2495336
2495361
2495408
2495412-2495413
2495422
2495443
2495456
2495532
2495692
2496478
2496766
2496954
2496957
2496960
2497267
2497304
2497364
2497375
2497378
2497389
2497412
2497434
2497450
2497460
2497465
2497483
2497490
2497510
2497628
2497636
2497707
2497717
2497769
2497804
2497814
2497833
2497850
2497856
2497886
2498038
2498062
2498065-2498066
2498083
2498087
2498102
2498104
2498106-2498108
2498117
2498122
2498128
2498137-2498138
2498140-2498141
2498146
2498150-2498152
2498154-2498157
2498165-2498170
2498213
2498235
2498237
2498240-2498241
2498253-2498254
2498257
2498259-2498260
2498269
2498281
2498290
2498297
2498321-2498326
2498329
2498343
2498351
2498358-2498360
2498364
2498366
2498397
2498436-2498437
2498456
2498460-2498461
2498463
2498466
2498475
2498485
2498488
2498499
2498501-2498502
2498506
2498513
2498517
2498520
2498523-2498525
2498529
2498531
2498535-2498536
2498541
2498543
2498546-2498548
2498555-2498556
2498558
2498560
2498562
2498564
2498567
2498570-2498571
2498573
2498575-2498578
2498580
2498585
2498593
2498619
2498629
2498637-2498638
2498642
2498644
2498665
2498677
2498682
2498685
2498689
2498700
2498709
2498711
2498713
2498720
2498728
2498731
2498733
2498738-2498741
2498746-2498747
2498752
2498762-2498764
2498773
2498775
2498783
2498785-2498786
2498798
2498801-2498802
2498815
2498821-2498824
2498827-2498835
2498837
2498840
2498850-2498851
2498855
2498864
2498869
2498871-2498873
2498875-2498878
2498882-2498884
2498887
2498890-2498891
2498893
2498895-2498896
2498900
2498905-2498906
2498913
2498917-2498921
2498923
2498925
2498927
2498934
2498953
2498972
2499016
2499100
2499265
2499492
2499561
2499750
2499799
2499803-2499810
2500544
2500836
2500921
2501103
2501247
2501719
2502808
2502952
2503128
2503747
2503789
2503961
2504013
2504055
2504058
2504070
2504072
2504102
2504113
2504115
2504130
2504239
2504303
2505682
2505725
2506528
2506574
2506826
2506828
2506900
2506949
2506952
2507068
2507466
2507573
2507596
2507605
2508075
2508096
2508658
2509162
2509858
2509975
2509988
2510488
2511091
2511263
2511397
2512220
2512631
2512699
2512719
2512763
2512927
2513052
2513058
2513065
2513067
2513069
2513074
2513089
2513100
2513123
2513140
2513142
2513166
2513177
2513181
2513200
2513305
2513362
2513364
2513370
2513381
2513419
2513460
2513487
2513523
2513640
2513643
2513660
2513666
2513671
2513676-2513677
2513684
2513693
2513700
2513703
2513712-2513714
2513721
2513732-2513733
2513739
2513742-2513744
2513751
2513759
2513762
2513764
2513767-2513772
2513774-2513775
2513777-2513778
2513781
2513786
2513793
2513805-2513806
2513810
2513819
2513831
2513833
2513839-2513843
2513847
2513857
2513869
2513874
2513876
2513878
2513880-2513881
2513883
2513885
2513888
2513893-2513894
2513896
2513908
2513914-2513918
2513932
2513937-2513938
2513944-2513945
2513948
2513952
2513954
2513957
2513959-2513962
2513968-2513971
2513974-2513976
2513978-2513980
2513982-2513984
2513990-2513991
2513995
2513997
2514015
2514038
2514044-2514045
2514048
2514062
2514066-2514067
2514073
2514075
2514090-2514099
2514106
2514120
2514123-2514128
2514131
2514137
2514139-2514142
2514144
2514146-2514148
2514154
2514171-2514172
2514177
2514180-2514181
2514186-2514187
2514190-2514191
2514195-2514196
2514199-2514201
2514218-2514219
2514222
2514225
2514228
2514230-2514231
2514233-2514234
2514236-2514241
2514243-2514244
2514269
2514275-2514276
2514279
2514282
2514289-2514290
2514295-2514300
2514303
2514306-2514307
2514309
2514311
2514313
2514315-2514316
2514318-2514319
2514321
2514328
2514364
2514369
2514438
2514445
2514491
2514497
2514507
2514536
2514547-2514548
2514556
2514562
2514568
2514571
2514600-2514601
2514609-2514610
2514612
2514639
2514646
2514650-2514651
2514653-2514656
2514658-2514661
2514666
2514669-2514670
2514673-2514674
2514680-2514681
2514685-2514688
2514690
2514692-2514704
2514722
2514724
2514731
2514733-2514734
2514738
2514746
2514748
2514774-2514775
2514777-2514778
2514783
2514788
2514791-2514792
2514794
2514797-2514798
2514801
2514827
2514843
2514852
2514858
2514862
2514882
2514889
2514894
2514907
2514911
2514924
2514942
2514948
2514950
2514952-2514953
2514956
2514961
2514967-2514968
2514981-2514982
2514999
2515001-2515002
2515005
2515009
2515012
2515020
2515040
2515042-2515043
2515047
2515060
2515078-2515080
2515094
2515114
2515117
2515130
2515167
2515177
2515187
2515204-2515205
2515217
2515232
2515262
2515273-2515274
2515285
2515294
2515301
2515306
2515322
2515328
2515338
2515340
2515349
2515358
2515361
2515379
2515395
2515402
2515405
2515412-2515413
2515445
2515453-2515454
2515476
2515479
2515521
2515528
2515532-2515534
2515537
2515539
2515546
2515549-2515552
2515555-2515557
2515566
2515569-2515570
2515572-2515574
2515577-2515579
2515592
2515594-2515596
2515600
2515603-2515604
2515610
2515613
2515616
2515619
2515643
2515652
2515657-2515662
2515665
2515671-2515672
2515674
2515698
2515712
2515726-2515729
2515732
2515735
2515741
2515746
2515753
2515756
2515758
2515762
2515769
2515774
2515789
2515793
2515796
2515799
2515801-2515810
2515812
2515815
2515819-2515821
2515829
2515838-2515840
2515843
2515845-2515847
2515856
2515864
2515867
2515882-2515883
2515902-2515903
2515905-2515907
2515909-2515914
2515916
2515918-2515919
2515930
2515944
2515952
2515963
2515965
2515967-2515968
2515975
2515979-2515980
2515986
2515989
2515991
2516000-2516003
2516015
2516020
2516022
2516030
2516035
2516052
2516058
2516062
2516064
2516071
2516074
2516085
2516088-2516089
2516091
2516097
2516099
2516101
2516105
2516114-2516115
2516118-2516122
2516124
2516126-2516130
2516135
2516151
2516168
2516177
2516179-2516180
2516192
2516213-2516214
2516223
2516225
2516228-2516229
2516235
2516251-2516252
2516255-2516256
2516262-2516263
2516265-2516266
2516277-2516279
2516285-2516286
2516312
2516316
2516320
2516335
2516358
2516360
2516390
2516421
2516477
2516484
2516513
2516516
2516522-2516523
2516527
2516532
2516538
2516552-2516553
2516565
2516571
2516573
2516576
2516580
2516582
2516584-2516585
2516600
2516603
2516606-2516607
2516619
2516630
2516643
2516645
2516658
2516671-2516672
2516685-2516687
2516689-2516690
2516696
2516702
2516704
2516709
2516718
2516724
2516733
2516743
2516748-2516749
2516752
2516755
2516760
2516777
2516779
2516783
2516790
2516792-2516793
2516795-2516798
2516809-2516811
2516816
2516818-2516820
2516823-2516825
2516834
2516843
2516845
2516848
2516879
2516881
2516914
2516925
2516927-2516928
2516952
2516954
2516966
2516973
2516998
2517011
2517102
2517159
2517216
2517231
2517240
2517262-2517263
2517276
2517340
2517357
2517362
2517399
2517413
2517417
2517423
2517430
2517444
2517453
2517461-2517462
2517474-2517475
2517541-2517542
2517548-2517549
2517564
2517569
2517575
2517578
2517584
2517592-2517594
2517598
2517600
2517606
2517610
2517621
2517623
2517625
2517631
2517638
2517644
2517646
2517658
2517661-2517663
2517665-2517680
2517683
2517686
2517691
2517694-2517696
2517703
2517705
2517709-2517711
2517721
2517726
2517728
2517745
2517763
2517765
2517769
2517773
2517775-2517777
2517779
2517792-2517794
2517798
2517800-2517801
2517812-2517813
2517816
2517819-2517820
2517825
2517831
2517839-2517840
2517842
2517861
2517864-2517865
2517875
2517878
2517880
2517894
2517896
2517899-2517900
2517903
2517923
2517925
2517942
2517945
2517949
2517965
2517969
2517979
2517985-2517987
2517990
2517993
2518008
2518012
2518014
2518020-2518021
2518027-2518028
2518051
2518067
2518071
2518081
2518088
2518090-2518092
2518096-2518097
2518100
2518106-2518107
2518110
2518120
2518125
2518127-2518128
2518144
2518148
2518154
2518169
2518171
2518175
2518180-2518181
2518194
2518196
2518208-2518210
2518215
2518221
2518225
2518227-2518228
2518235
2518241
2518250-2518252
2518254
2518260
2518262-2518263
2518266-2518268
2518274
2518276
2518282
2518288-2518289
2518300
2518304-2518305
2518307-2518308
2518310
2518318
2518328
2518353-2518355
2518362
2518367
2518369-2518371
2518374
2518380
2518387-2518389
2518391-2518392
2518394-2518396
2518398
2518401-2518408
2518413-2518416
2518419
2518429
2518431-2518432
2518436-2518437
2518439
2518442
2518446
2518448-2518449
2518456
2518460
2518463-2518464
2518471
2518476-2518477
2518483
2518485-2518488
2518491
2518493
2518495-2518496
2518501
2518503
2518518-2518521
2518523-2518524
2518530-2518531
2518536-2518539
2518545
2518549
2518552-2518553
2518555-2518556
2518563
2518566
2518570
2518575-2518576
2518584-2518587
2518592-2518593
2518595-2518596
2518602-2518606
2518613-2518619
2518623
2518627-2518632
2518635-2518636
2518644-2518651
2518653
2518657
2518660
2518663-2518665
2518667-2518668
2518672-2518674
2518677
2518679
2518681
2518683-2518684
2518686-2518689
2518691
2518693-2518694
2518697-2518698
2518700
2518702
2518705-2518707
2518709-2518711
2518713-2518715
2518717-2518718
2518721
2518723
2518735-2518740
2518743
2518746
2518752
2518755
2518758-2518759
2518768-2518770
2518778-2518781
2518790-2518792
2518794
2518796
2518810
2518818
2518822-2518823
2518826
2518831-2518832
2518850
2518854
2518860-2518869
2518871-2518874
2518881-2518882
2518890
2518897
2518901
2518903
2518907
2518910
2518914
2518916-2518921
2518923-2518924
2518930
2518932-2518934
2518943
2518948
2518953-2518954
2518967
2518969
2518997
2519000
2519017
2519029
2519033-2519034
2519036-2519037
2519046
2519048
2519050-2519051
2519055-2519056
2519060
2519074
2519077
2519088
2519093
2519096
2519101
2519103
2519114
2519122
2519124-2519126
2519128
2519132
2519140
2519145
2519148
2519150-2519151
2519153
2519159
2519162
2519170
2519185
2519189-2519190
2519197
2519200
2519204
2519213-2519214
2519247
2519251
2519264
2519266
2519270
2519272
2519277-2519280
2519282-2519285
2519287-2519291
2519295-2519296
2519301-2519304
2519306
2519308-2519312
2519314
2519317-2519318
2519325
2519333
2519340
2519356
2519370-2519371
2519377
2519379-2519380
2519382-2519383
2519385
2519387
2519392
2519394
2519397-2519399
2519401
2519420
2519422-2519423
2519438-2519448
2519456-2519457
2519464
2519468
2519470
2519473
2519476
2519479
2519485
2519487
2519489
2519499
2519502-2519504
2519511-2519512
2519514
2519516
2519522
2519526
2519536
2519538-2519539
2519541-2519542
2519546
2519548
2519551
2519557
2519567
2519570
2519574-2519575
2519577
2519582
2519584-2519586
2519590
2519592
2519602
2519604
2519606-2519608
2519614
2519616
2519621-2519623
2519625
2519627
2519632
2519646
2519648
2519652
2519661-2519662
2519664-2519665
2519667-2519669
2519673
2519676-2519678
2519681-2519682
2519684
2519694
2519708
2519717
2519723-2519725
2519727
2519734
2519737
2519744
2519751
2519758
2519761
2519764
2519768
2519772
2519795
2519799-2519800
2519828
2519843
2519846
2519852-2519853
2519860
2519864-2519865
2519870-2519871
2519873-2519874
2519881
2519883-2519886
2519888
2519893-2519894
2519898
2519901-2519903
2519906
2519911-2519913
2519917-2519920
2519923-2519925
2519927
2519931-2519933
2519935
2519938-2519939
2519949
2519952
2519959-2519961
2519965
2519969
2519980-2519981
2519983
2519989
2519992
2519995
2519997
2519999
2520002
2520005
2520009
2520036
2520047
2520054-2520056
2520058-2520059
2520067-2520068
2520073
2520079-2520080
2520082-2520083
2520085
2520087-2520088
2520091
2520093
2520103-2520104
2520116
2520130
2520132
2520135
2520152
2520164
2520174
2520176
2520178-2520179
2520181
2520183-2520185
2520187
2520197
2520204
2520208-2520209
2520211-2520212
2520220
2520231
2520236
2520258-2520259
2520274
2520280-2520281
2520283
2520285
2520288
2520305
2520307
2520309
2520318
2520322
2520324
2520326
2520328
2520332
2520342
2520352
2520355
2520366
2520377
2520379
2520381-2520386
2520388-2520390
2520392
2520395
2520400
2520404
2520412-2520413
2520416
2520419-2520420
2520422
2520426
2520435
2520438-2520440
2520443-2520446
2520448
2520453-2520456
2520484
2520493
2520504-2520505
2520512-2520513
2520518
2520528
2520535
2520549
2520553
2520564
2520569
2520574
2520576
2520578
2520584
2520619
2520624
2520642
2520644-2520645
2520647
2520655-2520656
2520690
2520712
2520714
2520735
2520747
2520771
2520773
2520781
2520784
2520790
2520797-2520798
2520800
2520802-2520803
2520833
2520873
2520929
2521051
2521061
2521219
2521232
2521262
2521269-2521271
2521277-2521278
2521285
2521287
2521368
2521373
2521382
2521393-2521395
2521398
2521400
2521403
2521406
2521408-2521416
2521422
2521455
2521465
2521471
2521483
2521492
2521497-2521500
2521502
2521504
2521506-2521507
2521510-2521511
2521513-2521516
2521519-2521520
2521522
2521527
2521531-2521533
2521537-2521539
2521542-2521544
2521546-2521548
2521551
2521568
2521571
2521574-2521577
2521582
2521585
2521588
2521592-2521593
2521600
2521606
2521608-2521612
2521615
2521618
2521622-2521623
2521626
2521628-2521632
2521634
2521638
2521641-2521643
2521645
2521648-2521649
2521651
2521654-2521656
2521659
2521661
2521665
2521671
2521674
2521680
2521685
2521688
2521695-2521696
2521700-2521702
2521707
2521710
2521712
2521715-2521716
2521718
2521721
2521724-2521725
2521727
2521729
2521733-2521734
2521736-2521737
2521740
2521743
2521746-2521747
2521760
2521763
2521765
2521769
2521771-2521773
2521782-2521783
2521786
2521788-2521789
2521794
2521797
2521799-2521802
2521804-2521806
2521808
2521811-2521814
2521816
2521819
2521821
2521824-2521829
2521831-2521833
2521836
2521838-2521839
2521841-2521847
2521849
2521854-2521855
2521857-2521859
2521863-2521864
2521870
2521877
2521879-2521880
2521884
2521886-2521887
2521889
2521899
2521901-2521902
2521904
2521906
2521908
2521919-2521927
2521929-2521934
2521937
2521949
2521959
2521962
2522002-2522003
2522006
2522008-2522010
2522012
2522015-2522019
2522024-2522025
2522028
2522030-2522031
2522033-2522044
2522047-2522048
2522057
2522063-2522064
2522066
2522068
2522070-2522074
2522081-2522087
2522093-2522094
2522096-2522099
2522101-2522107
2522109-2522110
2522112
2522114-2522117
2522119-2522120
2522124
2522131
2522133
2522135
2522139-2522140
2522154-2522156
2522167-2522168
2522170
2522178-2522179
2522183-2522186
2522201
2522207
2522211
2522222
2522224
2522226
2522231
2522233
2522238
2522244
2522246-2522247
2522256
2522264
2522268
2522279-2522280
2522282
2522286-2522288
2522296
2522309
2522313
2522315
2522318
2522320
2522322
2522324
2522327-2522329
2522334
2522349
2522360
2522365
2522370
2522372-2522373
2522378
2522382
2522388-2522389
2522392
2522398
2522402-2522403
2522408-2522417
2522420-2522421
2522423
2522426-2522427
2522435
2522444
2522448
2522455
2522457
2522459
2522463
2522467-2522469
2522476
2522480
2522482
2522484
2522486
2522495
2522500
2522509-2522510
2522512
2522526
2522528-2522529
2522538-2522540
2522552-2522553
2522561
2522571
2522575
2522579
2522581
2522583
2522587
2522596-2522597
2522599
2522601
2522606
2522615
2522623-2522625
2522629
2522637
2522641
2522653-2522654
2522658-2522659
2522665
2522667
2522669-2522671
2522678
2522680
2522684-2522685
2522692-2522693
2522696-2522699
2522704-2522710
2522719
2522731-2522733
2522737-2522738
2522741
2522746-2522747
2522759
2522762
2522768
2522770-2522778
2522780
2522782
2522784
2522786-2522787
2522793-2522795
2522797
2522799-2522802
2522805-2522806
2522809
2522812-2522814
2522816
2522820-2522821
2522823
2522825-2522827
2522829-2522837
2522839-2522840
2522843-2522844
2522846
2522848-2522850
2522852-2522860
2522863-2522865
2522868
2522871-2522872
2522877-2522879
2522881
2522883
2522888
2522891-2522893
2522895
2522898-2522899
2522902-2522904
2522907-2522909
2522913-2522914
2522917
2522919-2522920
2522932-2522933
2522937
2522940
2522952
2522962
2522975
2522981
2522984
2522987
2523005
2523012-2523018
2523021
2523024-2523025
2523032
2523034-2523038
2523040-2523042
2523044-2523046
2523054
2523059-2523060
2523062
2523064
2523067
2523069
2523071
2523073-2523077
2523080
2523083-2523084
2523086
2523088
2523090
2523092
2523097-2523098
2523101-2523102
2523106-2523108
2523112
2523114
2523117-2523118
2523120-2523126
2523128-2523131
2523136-2523142
2523144
2523146-2523148
2523150-2523151
2523154
2523156-2523157
2523161-2523163
2523165
2523167-2523170
2523174-2523175
2523187-2523189
2523191-2523192
2523195
2523198
2523207-2523208
2523210-2523211
2523213-2523214
2523216-2523217
2523219-2523227
2523230-2523232
2523234
2523237-2523239
2523241-2523242
2523244-2523249
2523251-2523255
2523258
2523261-2523274
2523276
2523278
2523280-2523286
2523289-2523294
2523298-2523302
2523312
2523329-2523330
2523341-2523343
2523374
2523388
2523391
2523410
2523420
2523430
2523457
2523461
2523476
2523483
2523486
2523491
2523510
2523526
2523543
2523555
2523573
2523576
2523582
2523587
2523597-2523598
2523600-2523601
2523604
2523610-2523611
2523627
2523629
2523646-2523647
2523649
2523651
2523653
2523655
2523659
2523663
2523665
2523668
2523677
2523681-2523685
2523695-2523696
2523704
2523709
2523711-2523713
2523715
2523718-2523719
2523721-2523723
2523725-2523726
2523728
2523731-2523732
2523734-2523735
2523738-2523742
2523744
2523747
2523749-2523753
2523755
2523758
2523760
2523767
2523770
2523775-2523783
2523785
2523788
2523791
2523793-2523795
2523797-2523798
2523801
2523808
2523841
2523867
2523871
2523880-2523881
2523886
2523890
2523892-2523893
2523895-2523897
2523899-2523909
2523911-2523912
2523914
2523916-2523919
2523922-2523926
2523930-2523946
2523950-2523951
2523954
2523956-2523964
2523967
2523971
2523973
2523975-2523976
2523978-2523980
2523982
2523985-2523988
2523991
2523996-2523997
2524003-2524011
2524019
2524028
2524030
2524038-2524044
2524046-2524047
2524049
2524052
2524054
2524058
2524073-2524075
2524082
2524093
2524095
2524100
2524115
2524117
2524120
2524126
2524128-2524129
2524133-2524134
2524137-2524138
2524141
2524147
2524192
2524197
2524208
2524210
2524216
2524220
2524224
2524229
2524248-2524249
2524269-2524270
2524272
2524275
2524308
2524393
2524406
2524463
2524479
2524481-2524482
2524487
2524495
2524499-2524501
2524504
2524508
2524510-2524519
2524521-2524532
2524536-2524540
2524542-2524544
2524546
2524558
2524575
2524577
2524580
2524583
2524585
2524588
2524590-2524592
2524598
2524600
2524603
2524605-2524606
2524614
2524623
2524626-2524629
2524633
2524636-2524638
2524641-2524642
2524649-2524650
2524659-2524663
2524665
2524672-2524682
2524685
2524693-2524695
2524697
2524699-2524700
2524702-2524710
2524712
2524717
2524720-2524726
2524729
2524731
2524740
2524742
2524745-2524746
2524748-2524749
2524757-2524759
2524761
2524763-2524765
2524768-2524770
2524773-2524774
2524776-2524777
2524779-2524781
2524786
2524789-2524791
2524795
2524800
2524814-2524816
2524819-2524827
2524834-2524840
2524844
2524852-2524853
2524878
2524883
2524902
2524910-2524911
2524930
2524956
2524958
2524961
2524965-2524966
2524976
2524982
2524985-2524986
2524995-2524997
2525001-2525002
2525006
2525013
2525018-2525024
2525026
2525029
2525031-2525040
2525047-2525048
2525053
2525057
2525061
2525065-2525066
2525077
2525080-2525083
2525088
2525093
2525096
2525119
2525130
2525150
2525152
2525154-2525155
2525157-2525161
2525184-2525185
2525187-2525188
2525196
2525199
2525203-2525204
2525214
2525266
2525283
2525302
2525317
2525329
2525332
2525334
2525337
2525344
2525355
2525367
2525371
2525377-2525378
2525384
2525390-2525399
2525401-2525402
2525404
2525409
2525418-2525419
2525424-2525428
2525432-2525434
2525436-2525440
2525444-2525447
2525451-2525453
2525458
2525469-2525473
2525493-2525495
2525499-2525500
2525502-2525507
2525509-2525510
2525513
2525516-2525517
2525528-2525529
2525531
2525534
2525537-2525540
2525563
2529485
2529664
2529821
2529834
2529850
2529977
2529983
2530006
2530101
2530191
2530205-2530206
2530217
2530321
2530394-2530395
2530399-2530400
2530428
2530488
2530534
2530541
2530706
2530766
2530839
2530859
2530884
2530904
2531017
2531030
2531077
2531116
2531141-2531142
2531573
2531827
2531855
2532213
2532247
2532252
2532389
2532827
2533836
2534007
2534072
2534244
2534266-2534267
2534292
2534302
2535322
2539206
2543254
2543826
2543889
2546685
2561287
2563253
2583502
2584923
2590869
2598296
2599641
2602211
2610258
2619016
2620820
2623778
2624470
2627917
2628114
2628261
2628539
2629141
2629282
2630571
2636589
2636899
2642766
2643313
2646399
2646512
2646829
2647258
2652989
2654971
2657806
2657910
2663762
2670812
2677457
2690737
2694461
2696054
2701743
2704564
2716749
2718225
2718901
2724911
2732794
2739418
2742294
2742318
2742396
2757422
2778430
2781508
2788361
2795802
2795862
2795866
2801011
2801394
2801399
2802955
2813429
2814402
2818298
2823027
2826728
2828678
2835830
2836195
2845384
2857407
2857591
2857929
2860744
2861835
2863348
2865447
2881591
2882775
2886940
2890332
2894395
2894929
2895934
2895939
2896724
2903324
2903780
2905175
2908136
2908962
2912327
2912495
2915405
2915708
2915994
2916667
2918153
2921149
2921337
2924478
2929391
2933487
2935160
2938279
2939115
2939152
2939179
2939210
2939278
2939344
2939350
2939358
2939388
2939390
2939393
2939403
2939471
2939474
2939481
2939484
2939497
2939524
2939539
2939541
2939543-2939544
2939549
2939560-2939561
2939579
2939582
2939584
2939592
2939604
2939607
2939623
2939625
2939630-2939631
2939634
2939639
2939644
2939667-2939668
2939675
2939686
2939692
2939700-2939701
2939711-2939712
2939717-2939718
2939721
2939757
2939770
2939775
2939777
2939779
2939788-2939789
2939795
2939811
2939828
2939832
2939841
2939869
2939919
2939922
2939929
2939933
2939936
2940031
2940061
2940066
2940284
2940448
2940513
2940670
2940690
2940705
2940709-2940710
2940716
2940718
2940775
2940777
2940786
2940791
2940807
2940831
2940834-2940835
2940849
2940854
2940857
2940864
2940877-2940878
2940888
2940903
2940913
2940925
2940940-2940941
2940946-2940947
2940961
2940965
2940968
2940971
2940988
2940992
2940996
2940998
2941021
2941024
2941027-2941029
2941035
2941038
2941066-2941070
2941075-2941076
2941080
2941082
2941086
2941099-2941100
2941119
2941123-2941124
2941130-2941131
2941134-2941135
2941150
2941152-2941153
2941156
2941158-2941159
2941168
2941177
2941186
2941191-2941192
2941201-2941202
2941206-2941208
2941216-2941217
2941223
2941270
2941281
2941285
2941293
2941295-2941296
2941302-2941305
2941312
2941318
2941329
2941342
2941348-2941349
2941367
2941370
2941372-2941374
2941379-2941380
2941402
2941406-2941408
2941412
2941416
2941420
2941422-2941424
2941426-2941427
2941435
2941441-2941442
2941445
2941448-2941450
2941452-2941453
2941468
2941478-2941479
2941484
2941486
2941491
2941495
2941497-2941499
2941503-2941504
2941507-2941508
2941514
2941521-2941523
2941525-2941527
2941529-2941531
2941533
2941536
2941538
2941540
2941543-2941545
2941615
2941620
2941644
2941668
2941717
2941722-2941725
2941729-2941731
2941741
2941760
2941764
2941770
2941775
2941785
2941788-2941790
2941798
2941807
2941810-2941811
2941814-2941820
2941822-2941825
2941832
2941837-2941840
2941847
2941861
2941866
2941868
2941886
2941915
2941943-2941944
2941956
2941974
2942000
2942007
2942011
2942018
2942021
2942024-2942025
2942030
2942033
2942043
2942101
2942117
2942177
2942182
2942204
2942210
2942216
2942219
2942227
2942242
2942283
2942313
2942328
2942350
2942371
2942375
2942377-2942379
2942384
2942397
2942401
2942408
2942434-2942435
2942441
2942466
2942472-2942477
2942480
2942482-2942485
2942492
2942499-2942500
2942503-2942507
2942510
2942523
2942536
2942643
2942789-2942790
2942795-2942796
2942800
2942802-2942803
2942805
2942810
2942812
2942838
2942843-2942844
2942846
2942848-2942855
2942873
2942888
2942914
2942921
2942926
2942931
2942933-2942935
2942942
2942960
2942963
2942965
2942975
2942994
2943002
2943006
2943012
2943019
2943030-2943031
2943033-2943034
2943037-2943039
2943041-2943042
2943049-2943054
2943060
2943065
2943071
2943073
2943083
2943092
2943097
2943102
2943104
2943107
2943109
2943111-2943112
2943119-2943120
2943122-2943123
2943127-2943129
2943131-2943137
2943140-2943141
2943143
2943145
2943148-2943149
2943156
2943158
2943162-2943174
2943176
2943181-2943183
2943191
2943199
2943201
2943203
2943222-2943225
2943234
2943239
2943241-2943242
2943246-2943247
2943251-2943252
2943255
2943265
2943267
2943269
2943271
2943276
2943301
2943304
2943308
2943314
2943317
2943319
2943321
2943324
2943333-2943334
2943339-2943344
2943356
2943361
2943365-2943366
2943368-2943369
2943372-2943373
2943378
2943380-2943381
2943384-2943385
2943387-2943388
2943392
2943394
2943396-2943398
2943401-2943403
2943406-2943408
2943411-2943415
2943419-2943422
2943424
2943426
2943428
2943430-2943431
2943433-2943437
2943439-2943450
2943455-2943457
2943461
2943463
2943466-2943467
2943469
2943486
2943492
2943494-2943497
2943500-2943502
2943504-2943508
2943525-2943537
2943544
2943547
2943549
2943565
2943568-2943571
2943575
2943581-2943582
2943584-2943587
2943592-2943600
2943602
2943605
2943607-2943609
2943614-2943615
2943618
2943620
2943622-2943626
2943630
2943639
2943643
2943647
2943652
2943661
2943663
2943678
2943681-2943682
2943685
2943694
2943711
2943715
2943734-2943737
2943740
2943745-2943752
2943767
2943773
2943779-2943782
2943784
2943786
2943789-2943790
2943798
2943810-2943814
2943817
2943824
2943826-2943827
2943830
2943832
2943838
2943840
2943842
2943858
2943861
2943868
2943870
2943872
2943891
2943893
2943897
2943900
2943904
2943913
2943925-2943927
2943929-2943934
2943939
2943943
2943948-2943949
2943955-2943957
2943966
2943973
2943975-2943978
2943990
2944006-2944007
2944013-2944014
2944016
2944018
2944020-2944021
2944023-2944024
2944037
2944049
2944052
2944058-2944060
2944062
2944065-2944068
2944073
2944082
2944086
2944131
2944145
2944193
2944208
2944221
2944230
2944239
2944244
2944266
2944331
2944386
2944523
2944572
2944635
2944669
2944784
2944790
2944842
2944863-2944864
2944866
2944884
2944908
2944950
2944977-2944978
2944986
2944988
2944992-2944994
2945014
2945050
2945053-2945054
2945059-2945062
2945068
2945070-2945072
2945114
2945174
2945179
2945182
2945185
2945349
2945359
2945449
2945472
2945507
2945544
2945554
2945567
2945570
2945572
2945612
2945614
2945618
2945634
2945645
2945654
2945658
2945660-2945661
2945663
2945666
2945671
2945687
2945698
2945710
2945721
2945727
2945733
2945737
2945739-2945741
2945746-2945747
2945749
2945791
2945793
2945797
2945799
2945805
2945819
2945870
2945873
2945906
2945910
2945915
2945920-2945921
2945944-2945948
2945953
2945972
2945984
2945990
2946005
2946011-2946012
2946039
2946068-2946070
2946148
2946187
2946256
2946269
2946272-2946276
2946283
2946301-2946302
2946323
2946328
2946330-2946332
2946339
2946341
2946346
2946350-2946351
2946355
2946362
2946375
2946379-2946380
2946420
2946425-2946426
2946428
2946443-2946447
2946486
2946495
2946499
2946502
2946504
2946508-2946509
2946524
2946528
2946537
2946545-2946547
2946552-2946553
2946559
2946561
2946565
2946597
2946606
2946609
2946651-2946652
2946654
2946660-2946661
2946668
2946674
2946678
2946690-2946691
2946698-2946699
2946703
2946705
2946713-2946715
2946717
2946721
2946723
2946725-2946726
2946728-2946729
2946732-2946734
2946742
2946745-2946746
2946748-2946752
2946756
2946761
2946765
2946770
2946774
2946780
2946785
2946787
2946793-2946794
2946796
2946808
2946819
2946821-2946822
2946824-2946826
2946828-2946829
2946831
2946834
2946836-2946838
2946849-2946850
2946856
2946871
2946910
2946914-2946923
2946926
2946929-2946934
2946937
2946939
2946945-2946946
2946948
2946950-2946951
2946959
2946984
2946988
2946997
2947013
2947018
2947025-2947026
2947030-2947032
2947036-2947038
2947042
2947048
2947059-2947063
2947074-2947076
2947079
2947081-2947091
2947098
2947100
2947103
2947105
2947107-2947108
2947113
2947115-2947119
2947121-2947122
2947126
2947128
2947130
2947148-2947152
2947154
2947172
2947174
2947181
2947197
2947203-2947206
2947225
2947231-2947233
2947235-2947236
2947238
2947242
2947251
2947296
2947324
2947351
2947354
2947363
2947381
2947385-2947386
2947388-2947395
2947397
2947399-2947404
2947406
2947408-2947410
2947417-2947419
2947423
2947425
2947435
2947606
2948041
2948330
2948573
2948771
2948822
2949153
2949157
2949290
2949302
2949494
2949535
2949722
2950138
2950714
2951514
2953064
2954226
2955573
2955900
2956397
2956401
2956834
2956913
2957121
2958041
2959307-2959308
2959357
2959360
2961643
2961703
2967935
2969850
2970415
2971835
2972706
2973217
2973615
2973817
2973928-2973929
2974007
2974051
2974077
2974587
2974644
2975072
2975097
2975238
2975257
2975626
2976679
2977115
2977121
2977160
2977189
2977224
2977269
2977355
2977451
2977525
2977528
2977535
2977543
2977559
2977575
2977584
2977597
2977602
2977645
2977654-2977655
2977663
2977665
2977668-2977669
2977675
2977689-2977690
2977692-2977694
2977699
2977702-2977703
2977705
2977708
2977713
2977716-2977717
2977734-2977735
2977741-2977742
2977744
2977747
2977749
2977753
2977758
2977775-2977776
2977784
2977801
2977808
2977817
2977822-2977823
2977825
2977831
2977834
2977836
2977840-2977841
2977844
2977856
2977862
2977864
2977866
2977876
2977896
2977901
2977904
2977906-2977907
2977910-2977912
2977915-2977916
2977922-2977923
2977929
2977936-2977937
2977940
2977942
2977945
2977948
2977952
2977955-2977958
2977962
2977969-2977970
2977973
2977976-2977977
2977985-2977987
2977992
2977995
2978016-2978018
2978022-2978023
2978025-2978032
2978034-2978035
2978046-2978047
2978049
2978065
2978067-2978069
2978071-2978072
2978075-2978076
2978078
2978084-2978085
2978097-2978099
2978115-2978116
2978124-2978125
2978165-2978166
2978187
2978189
2978193
2978195-2978197
2978206
2978218
2978227-2978228
2978235-2978239
2978245-2978246
2978251
2978255-2978263
2978265
2978274
2978277
2978295
2978302
2978307
2978309
2978314-2978315
2978318
2978320-2978323
2978325-2978327
2978335
2978340-2978342
2978346-2978347
2978350-2978359
2978361-2978362
2978364-2978365
2978367-2978373
2978379-2978380
2978388-2978390
2978393
2978403
2978406
2978412-2978413
2978418
2978420-2978422
2978455
2978458
2978466
2978469
2978473
2978475-2978477
2978479
2978481-2978482
2978486
2978488-2978493
2978501-2978506
2978508-2978509
2978511
2978527
2978530-2978532
2978535
2978968-2978969
2979206
2979227
2979283-2979290
2979297-2979298
2979301
2979305
2979311-2979312
2979314-2979325
2979851
2980799
2994268
2995192
2995207
2999844
2999867
3003634
3009009
3009896
3010567
3010688
3011332
3011765
3011987
3013702
3013899
3020319
3020638
3021179
3021338
3021624
3021626
3022519
3023469
3027223
3028507
3028975
3029008
3029696
3029720
3032611
3033513
3035095
3035408
3042860
3045440
3047247
3060276
3061607
3062207
3063148
3089434
3089910
3092386
3095132
3095660
3096087
3098325
3101168
3108810
3113325
3115995
3119605
3123909
3123914
3133506
3134897
3136259
3140064
3140572
3142729
3145834
3149182
3150944
3157198
3160566
3160798
3162169
3163424
3163625
3164055
3164175
3168254
3168554
3168603
3169298
3170779
3171298
3177789
3189692
3192396
3193445
3193840
3202165
3204459
3205666
3206802
3206931
3208053
3208234
3208247
3208775
3208834
3209350
3209564
3210110
3210145
3210765
3210917
3211029
3212972
3213188
3215434
3217203
3219927
3222675
3224118
3226234
3227397
3227895
3228577
3231309
3232994
3234004
3235516
3236551
3240135
3241319
3241385
3241731
3241770
3242056
3242068
3242881
3242892
3245799
3245805
3245964
3246279
3251127
3251343
3251890
3252340
3253450
3255014
3255398
3255999
3256283
3256922
3258948
3259072
3259777
3262406
3262991
3263356
3263549
3264968
3265451
3265728
3266176
3266256
3267105
3267339
3268000
3269862
3270838
3270875
3271682
3271708
3272135
3272657
3273726
3274045
3275015
3276506
3277571
3278071
3278086
3278671
3279088
3279201
3279871
3279987
3280707
3281777
3284844
3284964
3285023
3285191
3286615
3287073
3287125
3287672
3288461
3289018
3290066
3290686
3292581
3292657
3292834
3292837
3293752
3294181
3300126
3301865
3306732
3307535
3309399
3313490
3313847
3315002
3315111
3318082
3320005
3320134
3320714
3320724
3326309
3326951
3327392
3331501
3332626
3335724
3339347
3339965
3340229
3340484
3340582
3340595
3342188
3342674
3343099
3343284
3344300
3348308
3349167
3349191
3349583
3349607
3354050
3354480
3354606
3354610
3355925
3356033
3357302
3358282
3359970
3364738
3366056
3366480
3366515
3366645
3366710
3367259
3367901
3367992
3371199
3372209
3372249
3372888
3374371
3374928
3376054
3376534
3376898
3377961
3383414
3383881
3384706
3387739
3389878
3391131
3403656
3406548
3407163
3407606
3408350
3409564
3410503
3410930
3412069
3414356
3416760
3417182
3417647
3417674
3417982
3425984
3428198
3428424
3428471
3428761
3432863
3437845
3444384
3444708
3445371
3450743
3453448
3455104
3466405
3466486
3469483
3472774
3475966
3476743
3477422
3501819
3502545
3502740
3504316
3504911
3514146
3531833
3534456
3535516
3536474
3537260
3546510
3554955
3555511
3562670
3564774
3565045
3565390
3567859
3578629
3580304
3593256
3593960
3594022
3594144
3594741
3594906
3595190
3595539
3596539
3596810
3597051
3598360
3598930
3599900
3600348
3600371
3600411
3600426
3600601
3600659
3603104
3605139
3607697
3608329
3608368
3609241
3610617
3610719
3610728
3610828
3611302
3611964
3620712
3621391
3622557
3624005
3624447
3627670
3628004
3629516
3629656
3631242
3631374
3631485
3631689
3631933
3632364
3645846
3645899
3647770
3656808
3657856
3658028
3661220
3661892
3661989
3671603
3672275
3673828
3673963
3675320
3678552
3679872
3683460
3685116
3695738
3708092
3711075
3737427
3745974
3757343
3762616
3762807
3763135
3763738
3767851
3772590
3773291
3774872
3776534
3776536
3776849
3776997
3778729
3779081
3781762
3784510
3784646
3784675
3786057
3786074
3786220
3786588
3789506
3791490
3792761
3794731
3794758
3794937
3796831
3816535
3817188
3826815
3829868
3840445
3844144
3847539
3848565
3848863
3853124
3853127-3853128
3853814
3853878
3853888
3853948
3854030
3854810
3854914
3857998
3864536
3873067
3873199
3880475
3883644
3887409
3888846
3909837
3918899
3919366
3930355
3945777
3960808
3961006
3963709
3967535
3988712
4000719
4001760
4026875
4026896
4026956
4032782
4038543
4090022
4090839
4099255
4106985
4113725
4117913
4127160
4127288
4127767
4128875
4134808
4141096
4142478
4146425
4156752
4158234
4160276
4166761
4170734
4176419
4179000
4186548
4189634
4195111
4195532
4196072
4198998
4203359
4205365
4205649
4209222
4217836
4217991
4226398
4226795
4227306-4227307
4228875
4229726
4229938
4231999
4232805
4233562
4234063
4234675
4235474
4236240
4254729
4286112
4293641
4294724
4299871
4303335
4311706
4330630
4331059
4334573
4340171
4346551
4359856
4371050
4374225
4383064
4383240
4383415
4383811
4388505
4397366
4397905
4398656
4407136
4410155
4410434
4413908
4415054
4415139
4417634
4421035
4430817
4431361
4445479
4448890
4449372
4449686
4454022
4454439
4460244
4461467
4466359
4466950
4468696
4468993
4469421
4473563
4476202
4477974
4481404
4496219
4503752-4503753
4517828
4533580
4534451
4540811
4541867
4544549
4544841
4545311
4545358
4554394
4560739
4566430
4576714
4584930-4584931
4586422
4599828
4599898
4605221
4608185
4615821
4617256
4617276
4617692
4619813
4621086
4624137
4627781
4630418
4633425
4633807
4638000
4655621
4656046
4660677
4662388
4663686
4668878
4668918
4668925
4687426
4687467
4687472
4690048
4696470
4696817
4701598
4702825
4703238
4709811
4712075
4712900
4714007
4714147
4714372
4714495
4716074
4716117
4716230
4716361
4716501
4719860
4719901
4720953
4724387
4725498
4726338
4733763
4737040
4744060
4744301
4749374
4749559
4749582
4749648
4749890
4750795
4753622
4759834
4764366
4764958
4765500
4765662
4768561
4769458
4769539
4769544
4771211
4772658
4774739
4777521
4777735
4778097
4778392
4778450
4780547
4781834
4781979
4782733
4784747
4785824
4787355
4787434
4787704
4789809
4792021
4792802
4793200
4793306
4794561
4794844
4795121
4795510
4796139
4796447
4796707
4796796
4797938
4798817
4799325
4802105
4803049
4809790
4822021
4824332
4827460
4838530
4839320
4844186
4849649
4849843
4850160
4850512
4851313
4851626
4851748
4851765
4855056
4857426
4857667
4858806
4859683
4860019
4862902
4864547
4864888
4864980
4865844
4867461
4867730
4868272
4868373
4868404
4869075
4869995
4870138
4870146
4870344
4870568
4870671
4871093
4871571
4871608
4871669
4872183
4872213
4872317
4873697
4875248
4879137
4879752
4880093
4881782
4882113
4882240
4882906
4883509
4886520
4889030
4890442
4890738
4891023
4892145
4893961
4899149
4901016
4903114
4905640
4905947
4906281
4906304
4906472
4906641
4909633
4910482
4911524
4911593
4911703
4912526
4912859
4914412
4915067
4923252
4923989
4926098
4926440
4929373
4929972
4933432
4933471
4935694
4940766
4942325
4942435
4943635
4944080
4949720
4952066
4954816
4956008
4957500
4959637
4959829
4961699
4962498
4962797
4963233
4963499
4964674
4966897
4968134
4970866
4976322
4981924
4982056
4983821
4984959
4987370
4988194
4992097
4992555
4993393
4995566
4996972
4997505
4997595
4998280
4998410
4999553
5000103
5000925
5002483
5003395
5004161
5010645
5012378
5018669
5019637
5020116
5022419
5023163
5024655
5025087
5025933
5027592
5031175
5031585
5035591
5035730
5036571
5038517
5038573
5038742
5038833
5038841
5039219
5039283
5039774
5040049
5045577
5046122
5046144
5047116
5047138
5047150
5047332
5050228
5054050
5054095
5054962
5060145
5062770
5062865
5065611
5065838
5070038
5070437
5070726
5071037
5071049
5071104
5071173
5071559
5073065
5076313
5077371
5077474
5081650
5083798
5084455
5085140
5090099
5093612
5094348
5095255
5096198
5096500
5096648
5098511
5099321
5099340
5100099
5103111
5105176
5105363
5107459
5108274
5111403
5111408
5111759
5111939
5112046
5113117
5114580
5115581
5120689
5134896
5142662
5145305
5159923
5160245
5163912
5164875
5165202
5165229
5174838
5175601
5176140
5176915
5177226
5177949
5180784
5183159
5184289
5184351
5189366-5189367
5189453
5189878
5191252
5191345
5192700
5195148
5197569
5198501
5199731
5202229
5202678
5203796
5204082
5204446
5205072
5205895
5206259
5206414
5208430
5208752
5208935
5209222
5212614
5212867
5213371
5213587
5213595
5214065
5214212
5215782
5216473
5216477
5218306
5218431
5219767
5222195
5222934
5227045
5229569
5233539
5234545
5234549
5234552
5237101
5237164
5241987
5242030
5250078
5252138
5254393
5254587
5255416
5258549
5261751
5261763
5262008
5267043
5272383
5272577
5277604
5278584
5278798
5278969
5279436
5279446
5279734
5279936
5280115
5280287
5281016
5282311
5282368
5283061
5283477
5284099
5284515
5284945
5285383
5286351
5286767
5286899
5288761
5288933
5289120
5290836
5291022
5293347
5293752
5294699
5295096
5319267
5326153
5326196
5326324
5327036
5327719
5330852
5332931
5333049
5345090
5345579
5351543
5354346
5357483
5362172
5367621
5369202
5369814
5370757
5371273
5380577
5383144
5384039
5387956
5389145
5392707
5393197
5393204
5393649
5399081
5399129
5399144
5399146
5401339
5402642
5415773
5417937
5421654
5421935
5429388
5429586
5431268
5431701
5431714
5434693
5434743
5442954
5443631
5443752
5452024
5461113
5463121
5464993
5467384
5467650
5470225
5470722
5471768
5473664
5490924
5495211
5496948
5496982
5503036
5503131
5504011
5504282
5504459
5509580
5515746
5517509
5522116
5531010
5537908
5541950
5543709
5546087
5547210
5548546
5549212
5551358
5553479
5558816
5561046
5561134
5563564
5567936
5589077
5596023
5693769
5697391
5701238
5707183
5716122
5732178
5732637
5733986
5738935
5744437
5749500
5763710
5766090
5766800
5772024
5803342
5817922
5818293
5839910
5842170
5849321
5850049
5856384
5856832
5857986
5862879
5863816
5878435
5879729
5880868
5882381
5893541
5893686
5897513
5899163
5899801
5902464
5903507
5905402
5905557
5905705
5909551
5919719
5921130
5926342
5926895
5926948
5927239
5929130
5935562
5938119
5947167
5957626
5968982
5970641
5975881
5976014
5989671
5992878
6003609
6021772
6022374
6022997
6025543
6026762
6027262
6027439
6029867
6031457
6037422
6037811
6039472
6049127
6049739
6050853
6052468
6052986
6053381
6053449-6053450
6053562
6053758
6054065
6055333
6056116
6057413
6059855
6060782
6063799
6065522
6067833
6069088
6069346
6073438
6075961
6076488
6078210
6079210
6080125
6080145-6080146
6081495
6082946
6086883
6086985
6087082
6088087
6090283
6090560
6090614
6090619
6091234
6094538
6094700
6095777
6096193
6097132
6104554
6113119
6141567
6144498
6156845
6161538
6167788
6175337
6178382
6179872
6187419
6189809
6189833
6199075
6202205
6205270
6209284
6212999
6214713
6218462
6219132
6220102
6235834
6239453
6241411
6243132
6247893
6257362
6259042
6260663
6264437
6268405
6294949
6296345
6319015
6334477
6368665
6372765
6372889
6379247
6382347
6386024
6387330
6387720
6387923
6389857
6397228
6411187
6422400
6438556
6438779
6439717
6443068
6443329
6443439-6443440
6443450
6446782
6446985
6447370
6448490
6452124
6452316
6454351
6459375
6459929
6459947
6461987
6464404
6466745
6469321
6470417
6473057
6476233
6476243
6476291
6476325
6476352
6480612
6480782
6483512
6487149
6487266
6487854
6487957
6489464
6490284
6493263
6493827
6496516
6497378
6497405
6506829
6507139
6509064
6543386
6545076
6545819
6546029
6548533
6554924
6558499
6560117
6565555
6565717
6567210
6570079
6571045
6573921
6595167
6595514
6595958
6595989
6600974
6602251
6603506
6604100
6604149
6604697
6605925
6606141
6606677
6606780
6607383
6608094
6608413
6609969
6610468
6612771
6629419
6633723
6634075
6634610
6635527
6637553
6637765
6642693
6651181
6654778
6655342
6656267
6657604
6658406
6659068
6661230
6661467
6663522
6663677
6665635
6666857
6668958
6669117
6669422
6669445
6670017
6672650
6672723
6672828
6672969
6673165
6673300
6673563
6675519
6676050
6676216
6676281
6676289
6676417
6676714
6676759
6676852
6677901
6677907
6678206
6681388
6682182
6682798
6682853
6683391
6685780
6689408
6694720
6698914
6700601
6700666
6701075
6702923
6708376
6709204
6709207
6709239
6710756
6711485
6712485
6712656
6712788
6712996
6713060
6713173
6713368
6715375
6716750
6716872
6719578
6720120
6720456
6724311
6727648
6727768
6728299
6728477
6728682
6730429
6733680
6734394
6734416
6743984
6749327
6749633
6754972
6755781
6756058
6756924
6757457
6757910
6758624
6760963
6761060
6762432
6762899
6763320
6763346
6763437
6764058
6764380
6764476
6765780
6765794
6766389
6766462
6767438
6771294
6772796
6772850
6773018
6776607
6778766
6779014
6780178
6780668
6781087
6781268
6781394
6782339
6784986
6787555
6788501
6790696
6790774
6791466
6791565
6796305
6796909
6798660
6799241
6802668
6805778
6805784
6805795
6806286
6807406
6812175
6814155
6817121
6817963
6822754
6827854
6829554
6832124
6832251
6840836
6847462
6849430
6854086
6857752
6857777
6858243
6858773
6867426
6868566
6870805
6874422
6880170
6880375
6880417
6880983
6882636
6889769
6891125
6896151
6896637
6896885
6898272
6902742
6904470
6906637
6906791-6906792
6909219
6910752
6914932
6916342
6919445
6926630
6939866
6943552
6944408
6949306
6950612
6952467
6956751
6958076
6958595
6958784
6958871
6961253
6963971
6966348
6972001
6985717
6986931
6987732
6988293
6989349
6990447
6991353
6991997
6992846
6993606
6993608
6994583
6994706
6995755
6997790
7001660
7001667
7003534
7004241
7004443
7006226
7007751
7007756
7008818
7010900
7014762
7015549
7016018
7016777
7016911
7018519
7019058
7019163
7021393
7023635
7024028
7025134
7030406
7031118
7033490
7033497
7040453
7040726
7040737
7040834
7041657
7046681
7048277
7049076
7049942
7051528
7051697
7052197
7052223
7052245
7053678
7057572
7060327
7060399
7065475
7065513
7066553
7066587
7069807
7070793
7070862
7071038
7071822
7071910
7073214
7074678
7076417
7078727
7080131
7080477
7083035
7085909
7085995
7086094
7086311
7093899
7099044
7106889
7114321
7116286
7117576
7117580
7117608
7119557
7123647
7123736
7131279
7131352
7131535
7136283
7136372
7136417
7138236
7138339
7140436
7141009
7141040
7141164
7142306
7149519
7150516
7154671
7155294
7158147
7159630
7162514
7165004
7165038
7167318
7167788
7181468
7183533
7185936
7186888
7187899
7191646
7191792
7193897
7194455
7199066
7204570
7209230
7210947
7215967
7217092
7217275
7217694
7219660
7222366
7222465
7223228
7225817
7228073
7229342
7230121
7230601
7233927
7234782
7236387
7236877
7237142
7237259
7240183
7242470
7243678
7246651
7247803
7256094
7264964
7265138
7265858
7265959
7266319
7267589
7271446
7271816
7272374
7272888
7275923
7276659
7277342
7279076
7279286
7280677
7282234
7283787
7284298
7285643
7286771
7287531
7288003
7288935
7289191
7289702
7291303
7291305
7291537
7293853
7294582
7296832
7297755
7299008
7299767
7299804
7300617
7300792
7300926-7300927
7300952
7300955
7302053
7302422
7303333
7305108
7306784
7310203
7310963
7313762
7313788
7315254
7316923
7316978
7324603
7325059
7328015
7329000
7330522
7335838
7337308
7337784
7338600
7340046
7340422
7342582
7345151
7345447
7345712
7346992
7347891
7348414
7348672
7351337
7352200
7352378
7353127
7354199
7354723
7354857
7354954
7356449
7356459-7356460
7356502
7357034
7357042
7359092
7361070
7362445
7362463
7365266
7367767
7368234
7368793
7369711
7370123
7373929
7374904
7376342
7380828
7383000
7383688
7390575
7394078
7396603
7402220
7403018
7405408
7405451
7417066
7417600
7425853
7428644
7431052
7431515
7433618
7435192
7435680
7439469
7441507
7441587
7441667
7441679
7441702
7441847
7441959
7450416
7450914
7453223
7454408
7454749
7455622
7459982
7460941
7460947
7464290
7469160
7473993
7474801
7474877
7475936
7476305
7476475
7476662
7477176
7477443
7477479
7478445
7489634
7492402
7492971
7497843
7502161
7507933
7521400
7522076
7529093
7535081
7536788
7542874
7553970
7559239
7559295
7562367
7563301
7566635
7566705
7582918
7583187
7592811
7593774
7593958
7594103
7594289
7594423
7595004
7595203
7595250
7595565
7596593-7596597
7596599-7596600
7596603
7596605
7596762-7596763
7596933
7597019
7597769
7597835
7597926
7598359
7598370
7598778
7598802
7598906
7599423-7599425
7599756-7599757
7599849-7599851
7599915
7600166
7600590
7600717
7601221
7601223-7601224
7601232-7601233
7601646-7601647
7602038
7602188
7602394
7602681
7602757
7603057
7603336
7603817
7603829
7604002
7604004
7604020
7604339
7605010
7605070
7605633
7605682
7606020
7606382
7606709
7607928
7608046
7608264
7608683
7608800
7609083
7609112
7609134-7609135
7609203
7609364
7609682
7609706
7609709-7609710
7609735
7609737
7610706
7610970
7611904
7611959
7611968
7611971
7612928
7613096
7614106
7614362
7614821
7614925
7615108
7615184
7615615-7615618
7615916
7616660
7616670
7617120-7617121
7617204
7617545
7618070
7618175
7618975-7618976
7618986
7619130
7619548-7619549
7619922
7620690
7621361-7621363
7621365
7621367-7621369
7621524
7621526-7621527
7621530-7621532
7621947
7622797
7622814
7623066
7624421
7624752
7624910
7625096
7625281
7626746
7626762
7627010
7628274
7629197-7629198
7629731-7629733
7629735-7629736
7629738-7629741
7629954
7630153
7630440-7630441
7630443-7630445
7630447
7630540
7630689
7630691
7630694
7630788
7631046
7631427
7634106
7634151
7634230
7634536-7634537
7634646
7635134
7636253
7637495
7637909
7638103-7638108
7638186-7638188
7638530
7638545
7638588
7638653-7638654
7639327
7639745
7640289
7640803
7641191-7641192
7641860
7642341
7642717
7642932
7643034
7643530
7644087
7644090-7644091
7644929
7645132
7645134
7645255
7645568
7646299
7646375-7646376
7646550
7646643-7646644
7646728
7646749
7647728-7647730
7648018
7648515
7648863
7649885
7651396
7652202-7652203
7652211
7652640
7653240
7653331
7654861
7656611-7656613
7657088
7658403
7659195
7659895
7660135
7660296
7660726
7661746
7661893
7662190
7662490
7662690
7662821
7662989
7663426
7663532
7664858
7666601
7667220
7667337
7667418
7667420-7667421
7668447
7669303-7669304
7669466-7669469
7669638
7670009-7670010
7670665
7670736
7670925
7671107
7671124-7671125
7671127
7671131
7671606
7671609
7672245
7672268
7672284
7672577
7672631
7672952
7673166-7673167
7673169
7673174-7673175
7673510
7673702
7673706
7673708-7673709
7673711-7673714
7673716-7673719
7673724
7673733
7673752
7673991
7673998
7674230
7674299
7674302-7674303
7674310
7674408
7674410
7674444
7674611
7674666
7674669-7674670
7674779
7675086
7675215
7675223
7675272
7675274
7675368-7675369
7675438-7675441
7675444
7675501
7675705
7675848
7675994
7676231
7676441
7676513
7676929
7676965
7677139
7677237
7677951
7678034-7678035
7678150
7678502
7678653
7678848
7678904-7678907
7678997
7679160
7679543
7680227
7680231
7680292
7680514
7681330
7681494
7682191-7682193
7682963-7682965
7682967
7682969-7682970
7682981
7683632
7683641-7683642
7683645-7683646
7683648
7683650-7683651
7684444
7684662
7685206
7685407-7685409
7686004
7686007
7686385
7686751
7686869
7686940
7687364
7687390
7687435
7688118
7688498
7688640
7688839
7688841
7688858-7688859
7689020
7689499
7689633
7689637
7689666-7689667
7689802
7690219
7690317
7690378
7690397
7691055
7691143-7691144
7691402
7691597
7691753
7691760-7691763
7692016
7692174
7692324
7692499
7692633
7694121
7694866
7694914
7694974
7695793-7695794
7696042
7696336
7696479
7696481
7696719
7696956-7696957
7697008
7697052
7697057
7697304
7697721
7697757
7697791
7697911
7698465-7698467
7698509
7699167
7699185
7699335
7699398
7700955
7701365
7701986-7701987
7702140
7702477
7702751
7703447
7703645
7703697-7703700
7703854
7703860-7703861
7703998
7704034-7704035
7704229
7704529
7704538
7704925
7705155
7705208
7705240
7705244-7705246
7705250
7705284
7705388
7705725-7705726
7705750
7705806
7705935
7705966
7705977
7706186
7706335
7706418
7706450
7706545-7706546
7706907
7707109
7707221
7707444
7707652
7707731
7707738-7707739
7707773
7707775
7707870
7707900
7708053
7708073
7708105
7708124
7708126
7708287
7708328-7708335
7708337-7708338
7708376
7708661
7708717
7709279
7709525
7710161
7710273
7710444
7710946
7711359-7711360
7711496
7711557
7711561-7711562
7711579
7712434-7712435
7712449
7712511
7712566
7712601
7713660
7713760
7714051
7714058-7714060
7714479
7714854-7714855
7714876-7714877
7714879
7715306
7715502
7715914
7716049
7716285
7716287-7716288
7716579-7716580
7716826
7716835-7716836
7716991-7716995
7718353
7719135
7719269
7719691
7720352
7720373
7720575
7721019
7721131
7721705-7721710
7721846
7722729
7723230-7723231
7723572
7723918
7724164-7724165
7724302
7724530
7724856
7725268
7725369
7725727
7726107
7726242
7726404
7726406
7726645
7727155
7727285
7727332
7727707
7728667
7729026
7729087
7729133-7729134
7729407
7729863
7729878
7730077-7730078
7730532
7730701
7730790-7730791
7731185
7731322
7731354
7731607
7732245
7732371
7732411
7732523
7732535-7732537
7732540-7732542
7732725
7733540
7733542
7733913
7733936-7733937
7734527
7735699
7735825
7736363
7736394-7736399
7736461
7736638
7737992
7738286
7738388
7738399
7738636
7738876
7738965
7739126-7739128
7739708
7740101
7740268
7740396
7740840
7742247
7742407
7743053
7743547
7743712
7743803-7743804
7744012
7744203
7744387
7744564
7744942
7745002
7745031
7745266
7745830
7746026
7746072
7746164
7746170
7746311
7746601
7746750
7746814
7747959
7748262
7748378
7748938
7749434-7749435
7749578
7749582
7750233
7750300-7750301
7751007
7751227-7751228
7751407
7751588
7752138
7753130
7753314
7753653
7754026
7754168
7754401
7755030
7755669
7756035-7756036
7756038-7756041
7756110
7756202
7757107-7757109
7757111-7757112
7757116
7757121
7757157
7757345
7757503
7757505-7757506
7757828
7758102
7758125
7758820
7758877
7759131
7760263
7760396
7760436
7760714
7761617
7762031
7762055
7762346
7762513-7762514
7762719
7763432
7763633
7763987
7764198
7764386-7764388
7764536
7764891-7764892
7764894
7765827
7765988
7766304
7766757
7766938
7766960
7767343
7767669-7767670
7767743-7767744
7767881
7768503-7768505
7768727
7769795
7769797
7769800
7770236
7770255
7770759
7771304-7771305
7771518
7771658-7771659
7771834
7772032
7772223-7772224
7772517
7772642-7772643
7773153
7773923
7773929
7774059
7774515
7774517-7774522
7774564
7774931
7774993
7775655
7776497
7776632
7776664
7776968
7778929-7778931
7779264
7779683
7779737
7779881
7780917
7781089
7781644
7782394
7782433
7782435
7782891-7782896
7783295
7783832
7784320
7784378
7785106
7785540
7785798
7786266
7787319
7788217
7788574-7788576
7788691
7789175
7789378-7789379
7789381
7789568
7789597
7789945
7790351
7790591
7790621
7791013
7791054-7791055
7791379
7791382
7791690
7792389
7792596-7792599
7793225
7793455
7793526
7793909
7793912-7793914
7793917-7793921
7794431
7794732
7794770
7795088
7795185
7795187-7795188
7795382
7795759
7796550
7796787
7797656
7797928
7797977
7798313
7798334
7798491
7798703-7798705
7799300
7799495
7799746
7800396
7800679
7800787
7801446
7802015
7802406
7802573
7803115
7803431-7803435
7803459
7803582-7803583
7803696
7804435
7804437-7804438
7804948
7805035
7805296-7805297
7805379
7805429-7805430
7806028
7806152
7807350
7808365
7809114
7809116
7809209
7809214
7809291
7809758
7810248
7810372-7810373
7810495
7812089
7812241
7812963
7813513
7813517
7813609
7813612
7814116
7814119
7814682-7814683
7814946
7814986
7815006
7817125
7817154
7817727
7817806
7818153
7818487
7819356-7819357
7819525-7819526
7820288-7820289
7820478
7821277
7821913
7822299
7822494
7822782
7822784-7822786
7822968
7823130
7823401
7823502
7823566
7823921
7823924-7823926
7824529
7824608
7826688
7826731
7827233
7827391
7827762
7828017
7828080
7828168-7828169
7828280
7828543
7828545
7828671-7828672
7829178
7829192
7829720-7829721
7830290
7830293-7830294
7830404
7830727
7830857
7831116
7831349
7831532
7831614
7832406
7832935
7833426
7833925
7833999
7834037
7834145-7834147
7834650
7835244
7835320
7835561
7837009-7837011
7837157
7837265
7837452
7837831
7838172
7838221
7838881
7839003
7839136
7839167
7839247
7839307
7839965
7839967
7840611
7840892
7840987
7841725
7842322
7842588
7842977
7843456-7843457
7844789
7845055
7845057
7845365
7845395
7845422
7845485-7845486
7845587
7845810
7845864-7845865
7846018
7846192
7846583
7847168
7847301
7847393
7847499-7847501
7847640
7847706
7848064-7848066
7848274
7848716
7848898-7848899
7849404
7849508-7849509
7849858-7849859
7850499
7851067
7851204-7851205
7851207
7851589
7851957-7851958
7852115
7852569
7852834
7852875-7852876
7853428
7853574
7853693
7854062-7854063
7854065
7854430
7854604
7855059
7855166-7855168
7855403
7855405
7855407-7855408
7856052
7856209-7856210
7856350
7856352
7856708
7856776
7857439
7857811
7858435
7858622
7859357
7859416
7859549
7859770
7859875
7859947-7859948
7859950
7861084-7861086
7861088
7861092
7861364-7861366
7861809
7861876
7862373
7862542-7862544
7862729
7863716
7863842
7863877
7864258
7864980
7865167
7865271
7866184
7866336
7866830-7866832
7866834-7866836
7866933
7867634
7867649
7867900
7867987
7868883-7868884
7869015
7870537
7870657
7871469
7871498
7872546
7873423
7873710
7874002
7875981
7876129
7876197
7876872-7876874
7877782
7877888
7878104
7878578
7878852
7879243
7879341
7880106
7880458
7880460
7880468
7880965
7881071
7881698-7881700
7882644
7883003
7883282
7883621-7883622
7884411
7884680
7884709
7884713
7885662
7886515
7886915-7886916
7886931-7886932
7887186
7887527
7887934
7888455
7890215
7890219
7890289
7890302
7890897
7891099
7891726
7891935
7892018-7892019
7892021
7892177
7892578-7892579
7892751
7893219-7893220
7893287
7893804
7893880
7894107
7894380
7894389
7894392
7894411
7894533-7894534
7894599
7895185
7895187
7895617
7896188
7896292
7896337
7896350
7896543
7896611
7897203
7897348-7897349
7897577
7897935
7898044
7898070
7898681
7899446
7899771
7900226
7900302-7900303
7900526
7902062-7902063
7902537
7902873-7902875
7903748
7903750-7903751
7904638
7904643
7904884
7904985
7905618
7906115
7906365-7906366
7906637
7906754
7907037
7907146
7907169
7908001-7908002
7908004-7908005
7908007
7909052
7909070
7909406
7909637
7909903
7909979
7910355-7910356
7910487
7910511-7910515
7910916
7911006
7911170
7911327
7911554
7911556
7911623
7911781
7911970
7912041
7912385
7912857
7912942
7913127-7913131
7913146
7913464
7913512
7914123-7914126
7914422
7914646-7914647
7914730
7914917
7915847-7915848
7916079
7916101
7916558
7917562
7917622
7917660
7918612
7919088
7919233
7919992
7920025
7920707-7920708
7921350
7921692
7921864
7922458
7922462-7922466
7922481-7922482
7924033
7924218
7924263
7924406
7924727
7924816
7925572
7925574-7925575
7926221
7926333
7926465
7926514
7926582
7926903
7927227
7927393
7927640
7927737
7927929
7927931
7927933
7928784-7928785
7928920
7929542
7930154
7930403
7930565-7930567
7930667
7930783
7931072
7931620
7931754
7932196
7932503
7932836
7932867
7933255
7933407
7934030
7934291
7934366
7934394
7934471
7935265
7935730
7936188-7936189
7936204
7936542
7937074
7937985
7938349
7939163
7939306-7939307
7939309
7939312-7939313
7939455
7939511
7939669
7940074
7940210
7940212
7940515
7940544
7940914
7941245-7941246
7941353
7942304
7942660-7942661
7942717
7943308
7943580
7943583
7943711
7945026
7945056
7945338-7945339
7946167
7946306
7947038
7947056
7948148-7948149
7949460
7949647
7950257
7950380
7950732
7950826
7950959
7951202
7951362
7951921
7952202
7952247
7952859
7952915
7953046-7953049
7953096
7953136
7953252-7953253
7953394
7953822
7954152-7954153
7954155
7954978
7955096
7955757
7955783
7955793-7955795
7956073-7956074
7956524
7957052-7957057
7957182
7957735
7957928
7958055
7958418
7958672
7958879
7958964
7959715
7959754
7959756-7959757
7960133-7960139
7960400
7961359
7961453
7961487
7961489-7961494
7961541-7961542
7961544
7962030
7962177
7962540
7962699
7962989
7963083
7963424
7963469
7963957-7963958
7964134-7964135
7964424
7964810
7965358
7965522-7965523
7966099
7966407-7966408
7966550
7966603
7966675
7966767
7966840
7966919
7967375
7967556
7967571
7967809
7968683
7969261
7969286
7969523
7969651
7969845
7970370
7970421-7970422
7970910
7970912-7970913
7971368
7971936
7972611
7973056
7973827
7973926
7973964
7974489-7974490
7974640
7975117
7975899
7976337
7976390
7976454
7976677-7976678
7976686
7977113
7977133
7977384
7977463
7977607
7977612
7977680
7977782
7977785
7979272
7979610
7979901
7980052
7980726
7981988
7982452
7983198-7983200
7983535
7983603
7983674
7983996-7983997
7984000
7984938
7985210
7985470
7985698
7985971
7986039
7986306-7986307
7986816-7986817
7987050
7987783
7988498
7988595
7989113
7989428
7989785
7990566
7991586
7991699
7992275
7992317-7992320
7992322
7992446
7992841
7993005
7993125
7993518
7994115
7994440
7995009
7995599
7995602
7996060
7996270
7996346
7996668
7996670
7998183-7998184
7998281-7998282
7998700
7999162
7999399-7999400
7999476
7999933
8002485
8002713
8002902
8003014-8003015
8003064
8003217
8003246
8003366-8003367
8003432
8003983
8004098
8004410
8004644
8004915
8005165
8006729-8006731
8007009
8007130
8007230
8007891
8008210
8009454
8009494-8009499
8009516
8009577
8009771
8010005
8010279
8010420
8010519
8010836
8010909-8010910
8011200
8011227-8011228
8011230
8011316
8011408-8011410
8011635
8011958
8012116
8012452
8012597-8012598
8013241
8013304
8013587
8014471
8014661
8015491-8015493
8015498
8015701
8016047
8016321-8016322
8016377
8016402
8017293
8017440
8017949
8018330
8018934
8020156
8020993-8020994
8021111-8021113
8021359
8022105
8022214
8022673
8022802
8022934
8022936
8024090
8025441
8025569-8025570
8025797
8026393
8026676
8027024
8027098
8027411
8029529
8029531
8029762
8030046
8030663
8031000
8032107-8032109
8032256
8032481
8033864
8033901
8035847
8036302
8036776
8038557-8038558
8038786
8038841
8038908
8039595
8039723
8040349
8040873
8040965
8040967
8041300
8041553
8042125
8042228
8042629
8042715
8043161
8043239
8043243-8043244
8043268
8043324
8043746
8043860
8043913-8043914
8044093-8044094
8044459
8044553
8044834
8045052-8045053
8045162
8045306
8045326-8045327
8046290
8046427-8046428
8046831
8046848
8046852
8047023-8047024
8047627
8047653
8048202
8048497
8048528
8048690
8048693
8049363
8049477
8050325
8051785
8052013
8052763
8053036
8053780
8054403
8055045-8055046
8055478
8055692
8055936
8055996-8056002
8056134
8056136-8056137
8056232-8056236
8056843
8057619
8057627
8058132-8058133
8058135-8058136
8058290
8058777
8058789
8059046
8059547
8060152
8060229
8061178
8061252
8061767
8061868
8062212
8062853
8063267-8063268
8063270
8064001
8064004-8064005
8064008
8064096
8064234
8064292
8064303
8064335
8064408
8065255
8065656
8065661
8066273
8066456-8066459
8066723
8066767
8067643
8068032
8068543
8068840
8069177
8069347
8069491
8069645
8069730
8070008
8070010
8070203
8070389
8070537
8071751
8071868
8072130
8072495
8072662
8072719
8072962
8073208-8073209
8073399
8074002
8074320
8074438
8074843
8074960
8075225
8075239
8076123-8076124
8076539
8078537
8079031-8079032
8079385
8079635
8079691
8079713
8079967
8079969
8080207
8080500
8080502
8080627
8081096
8081165
8081551
8081997
8082838
8083018-8083019
8083820-8083821
8085285
8086312
8086458
8086631-8086632
8086694
8086755
8086948-8086949
8087146-8087149
8087621
8087906-8087910
8087912
8088342
8088494
8088938
8089451
8089985
8090289
8091698
8091855
8094157
8094397
8094440-8094442
8094968
8094993
8095155
8095613
8096176
8096520
8096778
8097336
8097553
8097555-8097556
8097780-8097781
8098186
8098212-8098213
8100322
8101411
8101855
8102754-8102756
8103939
8103989
8104652
8104910-8104911
8105171
8106244
8106420
8106977
8107259
8107346
8107409
8107550
8108709
8108822
8109376
8109740
8109742
8110088
8110207-8110208
8110653
8110844
8110846
8111285
8111664
8111772-8111773
8111775
8112220
8112338-8112340
8112909
8113267-8113268
8113440
8114101
8114151
8114662-8114663
8114939
8115403
8115641
8117733
8117769
8117833
8117874-8117875
8119276
8119819
8120242
8120331-8120333
8121108
8121920-8121921
8122213
8122335
8122912
8124044
8125136
8125300-8125301
8125677
8125770
8126320
8126363
8127604
8129093-8129094
8129096-8129097
8129099
8129167
8129278
8129539
8130536
8132498-8132499
8133500
8136838
8137620
8138816
8140165
8140605
8140737
8143061
8143136
8143338
8144070
8144382
8145734
8146001
8146334
8146608
8146837
8147090
8147558
8147632
8147922
8148490-8148491
8148628
8148745
8149315
8149857
8149970
8150914
8150918
8152679
8152980
8153895
8154111-8154112
8154459
8154632
8156242
8157024-8157026
8157028-8157029
8157360-8157361
8157612-8157613
8158195
8158908
8159388
8159618
8159620
8160454
8162044
8162049
8162206
8162571
8162692
8165594
8167135
8167884
8168173
8168387
8169450
8169775-8169776
8169982
8170129
8170266
8170908
8171170
8171348
8172299
8173231-8173232
8173703
8173828
8174041-8174042
8174270
8174324
8174348
8174459-8174460
8174468
8174660
8174820
8174822
8174870
8175469
8175471-8175472
8175474
8176337
8176786
8177024
8177396
8177869
8177983
8178378
8179288-8179290
8179350
8179355-8179356
8179462
8179578
8179883
8179992
8180873
8181137
8181219-8181220
8181273
8181945
8182381
8182407
8182548
8182780
8182794
8182796-8182799
8182967
8183071
8183562-8183563
8183793
8184453
8184753-8184754
8185670
8185957-8185959
8186156
8186465
8186513
8186612
8186843
8186916
8187379-8187380
8187412
8187976-8187977
8188013
8188153-8188154
8188178-8188180
8188317
8188468
8188554
8188642
8188673
8188854
8189337
8189541
8189545
8189638
8189935
8190213
8190372
8190537
8190724
8190726
8190745
8190796
8190871
8190875
8190971-8190972
8191565
8191571
8191586
8191745
8191789
8192468
8192633-8192634
8192726
8192911
8193090
8193446
8193471
8193589
8193620
8193658
8193665
8193667
8193669
8194058
8194095
8194469
8194487
8194580
8194741
8194745
8194764
8195157
8195277
8195340
8195571
8195992
8196128
8196211
8196497
8196513
8196550-8196551
8196665
8196862
8196895
8196945
8196984
8197064
8197104
8197109
8197476-8197477
8197647
8197703
8197983-8197984
8198031
8198097
8198947
8199281
8199327
8199441
8199749
8200200
8200202
8200208
8200355
8200365
8200371
8200379
8200389
8200580
8201057
8201082
8201182
8201687
8201859-8201860
8202056
8202102
8202115
8202172
8202234
8202267
8202291
8202491
8202715-8202716
8202894
8202896
8202913
8202915
8203181
8203244
8203750
8203869
8204077
8204127
8204152
8204154
8204303-8204304
8204334-8204335
8204449
8204498
8204534
8204606
8204795
8204797
8204851
8204954
8205287
8205300
8205361
8205364-8205366
8205368
8205427
8205594-8205595
8206049
8206093-8206094
8206169
8206248
8206291
8206369
8206592-8206594
8206658
8206683
8206794
8206853
8206869
8206900
8206902
8207033
8207096
8207162
8207224
8207237
8207245
8207332-8207334
8207336
8207385
8207536-8207540
8207564
8207697
8207705
8207731
8207855
8208171
8208444
8208452
8208474
8208482
8208692
8208732
8208777
8208851
8208891
8208997
8209099
8209438
8209554
8209739
8209763
8209786
8209809
8209989
8210050-8210051
8210279
8210351
8210420
8210675
8210837
8210851
8210854
8210862
8210868
8210940
8211266
8211291
8211477-8211481
8211483-8211484
8211539
8211743
8211790
8212043
8212082
8212390
8212430
8212434
8212468
8212509
8212610-8212611
8212878
8212891-8212893
8212928
8212955
8213410
8213923
8214226
8214334-8214335
8214566
8214708
8215139
8215367
8215524
8215616
8215770
8215786
8215788
8215883
8215913
8216311
8216402
8216427
8216525
8216991
8217014
8217082
8217157
8217209
8217277
8217304
8217306-8217307
8217528
8217570
8217604
8217646
8217782
8217936
8218070
8218072
8218129
8218231
8218800-8218801
8219043-8219046
8219048
8219053-8219054
8219305
8219404
8219662
8219822
8219949
8219962-8219963
8219967
8220100-8220102
8220190-8220191
8220232
8220387
8220579-8220581
8220733
8220931
8221035
8221436-8221437
8221442
8221481-8221482
8221484-8221485
8221492
8221721
8221729
8223565-8223566
8223568-8223570
8227924
8228480
8228724
8229863
8230935
8230938
8232865
